measured_bin_centre_C,predicted_mean_C,predicted_sd_C,n_points
-22.5,-25.048443663152117,7.917495088944209,6
-17.5,-15.784567072210065,8.25870777911265,46
-12.5,-8.59777925448043,6.770210835190863,104
-7.5,-3.308853367809744,5.378759413770405,159
-2.5,0.24892598874886285,3.817395365589979,305
2.5,3.8771300353416676,3.7147214701183926,440
7.5,6.359722541711304,4.107344047755371,222
12.5,8.693715972807883,4.829623962878001,343
17.5,11.812698893046717,5.123714406816873,304
22.5,15.868977606656603,5.551767215889239,341
27.5,25.2173939888908,4.960050001191473,308
32.5,30.81114716797111,1.1238789841096892,122
