time_s,1.1mm_measured_mean_C,1.1mm_measured_sem_C,1.1mm_model_C,2.0mm_measured_mean_C,2.0mm_measured_sem_C,2.0mm_model_C,4.0mm_measured_mean_C,4.0mm_measured_sem_C,4.0mm_model_C,6.0mm_measured_mean_C,6.0mm_measured_sem_C,6.0mm_model_C
0,26.226158730158748,0.5926450072010582,27.142492063492085,26.27204761904764,0.3137617963561013,27.142492063492085,26.84363492063494,0.4189268533894725,27.142492063492085,27.201380952380973,0.4236594553284412,27.142492063492085
1,23.81285714285716,1.557375452993691,26.457806271233665,25.321380952380974,0.5394880212005606,27.132089875040624,26.835396825396845,0.4159994243241755,27.142490990964436,27.26800000000002,0.3578804362514792,27.142492063423074
2,20.746539682539698,2.621009478390927,24.220614502276693,24.075698412698433,0.7835451647449969,27.026663960297157,26.80858730158732,0.4239815678381133,27.142432908014626,27.347761904761928,0.2960133076516618,27.142492050997635
3,17.20180952380954,3.7397168024678886,20.678243421666462,22.684777777777796,1.0639956645825408,26.692169255608025,26.75765079365081,0.45276323474550595,27.141784713689095,27.437333333333353,0.24911291292553242,27.142491669120847
4,13.97384126984128,4.555247817353152,16.40452609458863,21.53144444444446,1.1568407239414669,26.048340332247317,26.706698412698433,0.46835137297374224,27.138540111728375,27.505968253968273,0.2256144316219825,27.142487207344903
5,11.165079365079372,4.718943338774892,11.562634722712284,20.415269841269858,1.196135268900085,25.09294822535618,26.571047619047636,0.5071241899835945,27.12843206734048,27.484063492063513,0.23770659444805428,27.142458932522157
6,8.133841269841275,4.79520071597901,7.6351987237098955,19.208079365079378,1.2043215586917217,23.847218419095544,26.409809523809542,0.5377907067747384,27.105207293853695,27.44165079365081,0.24503235680843213,27.14234081046212
7,5.245904761904766,4.89708302882768,3.540586889317804,18.000857142857157,1.2319646398219937,22.430774159821663,26.20285714285716,0.591406000515044,27.061674794030296,27.395730158730178,0.2557313173562144,27.141974261656873
8,2.793063492063494,4.8175377847122585,0.5297717464808658,17.156968253968266,1.2568173942379464,20.959975505566675,26.050000000000022,0.643905020742161,26.99114749649028,27.356682539682556,0.2701679082804817,27.141060384377443
9,0.4460317460317458,4.795516609267524,-1.5131900045544748,16.615380952380963,1.3856649331199482,19.511456057148,25.96685714285716,0.6971408881922057,26.888904148502196,27.3343650793651,0.28708379362190106,27.139129570945382
10,-1.8287936507936522,4.811591181109379,-3.902130310116206,16.17111111111112,1.4777918053824213,18.10003979769207,25.911190476190495,0.7318576468605967,26.752940386690195,27.32225396825399,0.2993460197773865,27.135543451804438
11,-3.824174603174606,4.393848958480717,-5.78008952502059,15.436603174603185,1.5003614269364074,16.714358776077248,25.766507936507953,0.7803653476659137,26.583742685898628,27.287888888888904,0.3168954542100075,27.12953343341373
12,-5.933746031746035,4.068505732289929,-7.84877703646086,14.451269841269854,1.464313823535424,15.421846027020871,25.582126984127,0.8215023552476899,26.38332680124135,27.244238095238114,0.3279081861339158,27.120265957567
13,-7.8800158730158785,3.9640043468796997,-9.476110270396802,13.380952380952392,1.4281039396465038,14.184912105649303,25.371714285714305,0.8748905328350784,26.154616938653135,27.18552380952383,0.349365950901462,27.106914578101325
14,-9.43585714285715,3.849197799925053,-10.946492621327275,12.555968253968262,1.3695382183308669,13.018516922227588,25.230000000000018,0.9143111020780739,25.90100166742128,27.131650793650817,0.377229304399536,27.088720761074
15,-10.70785714285715,3.749527556130227,-12.422661046866642,11.823619047619056,1.3588575519755,11.857163895320113,25.10304761904764,0.9444218618081791,25.625950040729993,27.070269841269862,0.40490303826418195,27.065036008020627
16,-11.718031746031755,3.7305832755026165,-13.564348998597263,11.196761904761912,1.4190932654850865,10.862907037716335,25.015476190476207,0.972023495465496,25.332824284786152,27.0515396825397,0.4101363390123874,27.035344936842723
17,-12.767190476190486,3.808152498522486,-14.545341094241161,10.427142857142865,1.5247290011123145,9.782667909012307,24.819317460317478,1.0482510479418636,25.024778066798078,26.99284126984129,0.4386870892878962,26.999272441139087
18,-13.806253968253978,3.999037852569506,-15.594722827767725,9.746190476190483,1.7566859149057135,8.928814635593595,24.65847619047621,1.142402802876973,24.704715655438793,26.948730158730175,0.46423661143138806,26.956579322583355
19,-14.59100000000001,4.122814503660684,-16.311678336344894,9.317920634920641,2.0105032977978525,8.232304637714686,24.55168253968256,1.2209273411781645,24.3753425373034,26.91988888888891,0.4854849103067471,26.907151084059965
20,-15.163285714285726,4.057646997890038,-17.123957421164846,9.023000000000005,2.1726905440725677,7.531094184592235,24.4809523809524,1.2674402313264643,24.04022644744488,26.90211111111113,0.5073458006141934,26.850983383677924
21,-15.750428571428586,3.912960193824884,-17.80878223948181,8.531793650793658,2.125955764135446,6.868754512614129,24.357333333333354,1.2658336045016814,23.70295435882902,26.87934920634923,0.5098031353723466,26.78817198848309
22,-16.32377777777779,3.7911373051852757,-18.20169859479707,7.935063492063499,1.983081743286016,6.275064030834646,24.166730158730175,1.2778863079217166,23.365846766740674,26.844539682539704,0.5125344678661317,26.71891038434696
23,-16.95384126984128,3.7448604373040904,-18.65234139112195,7.198349206349213,1.7950108854436455,5.774318461442736,23.89188888888891,1.316011823245386,23.030596072402165,26.75488888888891,0.5416401649427082,26.64348162636554
24,-17.589888888888904,3.7249887648233244,-19.128508964409672,6.504460317460321,1.6310114697518485,5.2607007075364445,23.687777777777793,1.3380446743350927,22.6987704818871,26.690761904761924,0.5550018780653667,26.562238052151105
25,-18.018301587301597,3.600281213331368,-19.631868410630002,6.002460317460322,1.511266155428026,4.703335925150217,23.58447619047621,1.3359875591207706,22.371742470251785,26.667825396825418,0.5473519240377233,26.475578978356037
26,-18.257206349206363,3.4261160433285474,-20.072718745624414,5.7500000000000036,1.6231235200844234,4.230383590332624,23.55509523809526,1.355885947617959,22.05030159693349,26.674714285714305,0.5465179869436235,26.383933678622896
27,-18.57611111111113,3.3868534731333892,-20.491907525563864,5.511920634920639,1.7823139980667593,3.764678425826908,23.482031746031765,1.3999441302785047,21.734931854977507,26.656079365079382,0.5591934629894548,26.287747116922578
28,-19.049936507936522,3.5365200924885856,-20.89965342646866,5.157634920634924,1.934601819053918,3.3139512750422284,23.298809523809542,1.4779949473012164,21.426088217433612,26.594333333333353,0.6001617815399145,26.187466021045324
29,-19.658126984126998,3.7085075061477846,-21.294573514305394,4.6371904761904785,1.9337034908372575,2.8768227453139423,23.053777777777796,1.5333015067024611,21.123883560526977,26.506412698412717,0.6391038441505121,26.08352776101108
30,-20.346111111111128,3.8351013424850047,-21.72728741565822,3.9782698412698445,1.7313295504743411,2.4546862571661623,22.81201587301589,1.5336019537783945,20.82824587384528,26.431476190476207,0.6451965727868556,25.976352805851707
31,-20.975523809523825,3.8925943247042323,-22.168559093666797,3.2134126984127,1.4137245023362661,2.011597579066972,22.600571428571442,1.5188590739832708,20.538867340919595,26.37031746031748,0.6511944286658347,25.866338035262828
32,-21.490746031746045,3.9388301318422227,-22.574429441614726,2.68425396825397,1.2165423694260384,1.6054877123839626,22.40584126984129,1.5357647380252801,20.255202979754163,26.298650793650808,0.6671636845334084,25.75385130125467
33,-22.09400000000002,4.1238104566698635,-22.986695967913672,2.249222222222224,1.105801262706221,1.2263953728344121,22.108063492063508,1.6213466427645986,19.976967470894618,26.154603174603196,0.7190244579121335,25.639226278635373
34,-22.69839682539684,4.3344696666671085,-23.351158266692135,1.8751904761904774,0.9594381044082404,0.8590689097621246,21.81203174603176,1.6885920932077243,19.70427293406663,26.004333333333353,0.7670019384232188,25.522760362290303
35,-23.10560317460319,4.340586780046234,-23.738182718966655,1.5559206349206363,0.7151221791879633,0.46666926235800715,21.68206349206351,1.6542145897050826,19.437016616092375,25.95974603174605,0.7510887951373674,25.404718296290685
36,-23.351015873015893,4.21655814029838,-24.099032260951734,1.1399365079365087,0.5170815424007706,0.12942075290627222,21.631142857142873,1.6154360510155268,19.17484177814266,25.972698412698435,0.7188367867789655,25.28533877167537
37,-23.513142857142878,4.081893542729884,-24.422088598726447,0.554587301587302,0.5879215766556835,-0.23719310012163186,21.570857142857154,1.636927465123945,18.917507180542867,25.976095238095258,0.7242236445858238,25.16483701750944
38,-23.69279365079367,3.9528745486709904,-24.75771239949617,0.006142857142857154,0.8804802934995876,-0.5835036458684352,21.49387301587303,1.643778287269046,18.664486857207944,25.97182539682542,0.7217858491570295,25.043405409543052
39,-24.05973015873018,3.971111567068513,-25.09869721233478,-0.5927619047619054,1.2531895600100644,-0.9442412126152706,21.247523809523827,1.7142085064183263,18.41569256163973,25.919714285714303,0.7373597846391039,24.921213121541836
40,-24.635984126984145,4.158849176565439,-25.462608856424314,-1.1474126984126993,1.5845856287258282,-1.2690474152411333,20.836476190476205,1.8174339489318891,18.17099154763225,25.780206349206367,0.7815872034286169,24.798407253342322
41,-25.174746031746054,4.337846109736508,-25.80542573335468,-1.703777777777779,1.7187492596759684,-1.59800832224772,20.517476190476206,1.8606012696588392,17.930545354257404,25.698555555555572,0.7770171624217248,24.675116493001855
42,-25.63838095238097,4.441444567203048,-26.149845467583003,-2.433888888888891,1.713782339087937,-1.9549491054984085,20.192174603174617,1.9200314505827787,17.69355832969868,25.57668253968256,0.8061224135818408,24.551456268468172
43,-26.116238095238117,4.579165018682947,-26.494041748879596,-3.297428571428574,1.6572693303772092,-2.2701597235131477,19.830317460317474,2.035017104664269,17.459911158452538,25.406555555555574,0.8836673840328311,24.427529627835046
44,-26.464571428571446,4.591165422061012,-26.816693058172472,-4.010730158730161,1.5540032919992395,-2.5947382869328695,19.66215873015874,2.0244909691829585,17.229247124262812,25.32865079365081,0.8874779238131694,24.30342433169065
45,-26.742412698412718,4.574937520469607,-27.137396470121256,-4.53230158730159,1.5476609650814968,-2.8894296808347377,19.53450793650795,2.0358634190863842,17.002157088838644,25.283000000000015,0.8898365298674942,24.179213687621232
46,-27.013714285714304,4.607587011690047,-27.442198601248478,-4.790460317460321,1.7114150065121536,-3.214435543606234,19.401904761904774,2.0759786714811037,16.778222807048305,25.228507936507956,0.9141202650125025,24.054961516509593
47,-27.20717460317462,4.594809946032728,-27.70621306742294,-4.958222222222226,1.8031776638276074,-3.499289617842621,19.33692063492065,2.0783161314032337,16.557143359604122,25.19706349206351,0.9229893283930963,23.93072785803712
48,-27.4289523809524,4.591544525292118,-27.970674221478305,-5.239222222222226,1.8769316983851945,-3.7552133555600222,19.196047619047633,2.097685753403079,16.339283154990273,25.174222222222237,0.9202502429775153,23.806566513031257
49,-27.77911111111113,4.702787628975519,-28.239515178854983,-5.658174603174608,1.9847820380901091,-4.054939246085183,18.941952380952394,2.1610491732259445,16.123851253129484,25.087190476190496,0.9481956238261631,23.6825259749925
50,-28.15020634920637,4.795152132103596,-28.517096773552083,-6.072825396825401,2.012043096649901,-4.358670078509729,18.760698412698428,2.136054248452169,15.911676077865488,25.023412698412717,0.9374661343677538,23.558649525538566
51,-28.480539682539703,4.860601705916938,-28.8053498678794,-6.401634920634925,2.0699908395540665,-4.675764560756202,18.591904761904775,2.126624854577988,15.702139712428087,24.955412698412715,0.9360354028476843,23.434975803810136
52,-28.773079365079386,4.916646946602014,-29.07457810601258,-6.727571428571434,2.187036527124105,-4.9274846699875,18.330126984126995,2.2038187022783826,15.495970592708488,24.813809523809542,0.9943057343815508,23.3115426597429
53,-28.984063492063513,4.869060288052241,-29.351137792926732,-7.057904761904768,2.243771121696876,-5.229188290878625,18.026476190476203,2.289524042766015,15.293411125077034,24.64758730158732,1.0741817798188225,23.188387537959485
54,-29.20623809523812,4.818437037908066,-29.633401714836605,-7.438238095238101,2.2553966509042396,-5.541179227089987,17.68300000000001,2.357401151793262,15.092936547379884,24.575253968253985,1.0654068475558294,23.065553112142002
55,-29.3939523809524,4.812478911341728,-29.887327157292503,-7.697158730158736,2.1820332423101956,-5.824095544515206,17.43579365079366,2.3753493018119567,14.895840468717687,24.446095238095257,1.1028616521962813,22.94308069150141
56,-29.607285714285737,4.828583254971275,-30.117092649181007,-7.987158730158735,2.0790917773257918,-6.1283857250259395,17.319111111111123,2.3665480795452276,14.701328014179966,24.517809523809543,1.0240937206143133,22.821004920716025
57,-29.776333333333355,4.838288615448592,-30.31157810596235,-8.25096825396826,2.0558416536819815,-6.409737791879524,17.399365079365094,2.3068095381175096,14.508577127008316,24.65985714285716,0.9447237227467532,22.699359068341522
58,-29.926698412698432,4.899353307498419,-30.4887625471972,-8.434634920634927,2.097692686009626,-6.680942316460829,17.568888888888903,2.284692836635321,14.319173299282355,24.780412698412718,0.929642422391374,22.578167730545832
59,-30.097349206349225,4.945870724017653,-30.67143646495279,-8.626031746031751,2.0662874866717416,-6.964967883689681,17.716015873015888,2.232520593534202,14.131181895829599,24.81115873015875,0.9462578363850586,22.457450375160764
60,-30.318285714285732,4.959246789007957,-30.85629077652327,-8.928158730158735,2.011272175244459,-7.219108594276947,17.733587301587313,2.1711616917472463,13.945022679393622,24.7745396825397,0.9506774484467049,22.337225169548844
61,-30.549349206349223,4.965028989641135,-31.062331426665214,-9.219666666666674,1.874327951719531,-7.478913806218237,17.64223809523811,2.100062267910296,13.761784194795032,24.612190476190495,0.9954693875691518,22.217499761383284
62,-30.860269841269865,4.967907696031732,-31.27606908595514,-9.728634920634928,1.725774693512732,-7.740510643622816,17.315063492063505,2.0734101389214863,13.580099603743582,24.477238095238118,0.986355917618337,22.098281031273483
63,-31.219825396825424,5.014685523512205,-31.489624826438703,-10.33126984126985,1.6443523378476825,-7.963798338427366,16.95957142857144,2.0928553585415957,13.402047275187458,24.322047619047638,1.0000661928205958,21.979578610362392
64,-31.512222222222245,5.0848840539659985,-31.707995959104988,-10.704634920634929,1.5646169339208302,-8.222356785424582,16.83636507936509,2.079597292498479,13.226761658152617,24.300523809523828,0.9706462505016967,21.86140643929251
65,-31.69415873015875,5.104569825909312,-31.934280605954388,-10.912714285714294,1.3258451529550936,-8.490574820587943,16.748603174603186,1.99713809245697,13.052509738249197,24.2427142857143,0.9327671557754521,21.74378978403202
66,-31.863777777777802,5.088344000078942,-32.138081818077886,-11.24211111111112,1.1170192225573443,-8.716079178094951,16.572825396825408,1.9530773497326748,12.881492604356268,24.170587301587318,0.8992319189684677,21.626749414273714
67,-32.02792063492066,5.054785049355488,-32.32073935025296,-11.683968253968262,0.9158696061943085,-8.957684054642316,16.363142857142872,1.9231394843303715,12.71247801046694,24.14157142857145,0.8549929258480381,21.51029853586533
68,-32.31066666666669,5.100287394048467,-32.50913375425463,-12.352142857142866,0.7045345552429413,-9.219691580037384,15.947349206349221,1.9528521849685947,12.54401359092141,23.988047619047638,0.8609636039267116,21.394452787736174
69,-32.64468253968257,5.200407825839403,-32.69925284851013,-13.066158730158739,0.624052622772242,-9.44263686707715,15.600730158730167,2.037742391265886,12.378564078635597,23.84574603174605,0.9042866907110974,21.279217572223327
70,-32.86273015873019,5.26700338358836,-32.87134394051707,-13.487126984126995,0.6831126043222493,-9.650332310396394,15.526269841269851,2.1220383853250984,12.214461145908132,23.844968253968272,0.9289699203283079,21.164591293259555
71,-32.95887301587304,5.257326648596978,-33.06377182721503,-13.669253968253978,0.7304401748811289,-9.912992412568036,15.489507936507948,2.167042645266734,12.050707314585436,23.80776190476192,0.96474929989102,21.050576450084545
72,-32.99368253968256,5.173224595481386,-33.26449065693992,-13.74761904761906,0.7676486509120994,-10.15124576857239,15.461285714285724,2.1553223434985274,11.89003283389062,23.763666666666683,0.9796147576053653,20.937165925073074
73,-32.96993650793653,5.00931289595633,-33.44184921555715,-13.812936507936518,0.8008428639683072,-10.357906634608765,15.395968253968265,2.109344280105339,11.729820051280717,23.696825396825414,0.9799491611959262,20.82435047013907
74,-32.9973650793651,4.864185546003685,-33.610711951152716,-13.932650793650803,0.8762220393440815,-10.592066345671764,15.287333333333343,2.1098875072555106,11.569619794753066,23.633031746031765,0.986905902820997,20.71212632366723
75,-33.09809523809526,4.788605944758864,-33.80001299264436,-14.131746031746042,0.9955031382985741,-10.828428093909622,15.104809523809534,2.148431247713709,11.412784667366935,23.512349206349224,1.011809603866855,20.600476609551947
76,-33.11058730158732,4.680850827616238,-33.96869158202157,-14.164904761904772,1.138954348320678,-11.02823496887243,15.015142857142868,2.1826780046788503,11.25613748911207,23.43041269841272,1.0308414315215007,20.489385783541067
77,-33.198587301587324,4.633244746729232,-34.11280440788497,-14.285968253968264,1.245067399855898,-11.21833232665631,14.898730158730169,2.2158283925215345,11.101589634333763,23.386555555555574,1.0417406585361195,20.378849831597506
78,-33.25917460317462,4.5369456517367315,-34.284611598257875,-14.423904761904772,1.373133626201175,-11.450205989628246,14.78477777777779,2.1987461240476636,10.951095363496188,23.37739682539684,1.0106069669624118,20.268862606146868
79,-33.33665079365082,4.435101187198593,-34.4518183057498,-14.639634920634933,1.5109288104488576,-11.64732340018116,14.607396825396833,2.181820209320639,10.800474412658915,23.308507936507954,0.9961533546201041,20.15943560297842
80,-33.47063492063494,4.400808645229016,-34.60091413658253,-14.871015873015883,1.576392602570871,-11.81661110662681,14.47914285714287,2.1553454728492683,10.650136753858616,23.28768253968256,0.9618018035160179,20.05058968025273
81,-33.63641269841272,4.444585379369762,-34.75815502664189,-15.109507936507947,1.536006961734009,-12.031409589099221,14.22731746031747,2.1676724702481263,10.504412696180513,23.170793650793666,0.9829039172814448,19.942322739210383
82,-33.741730158730185,4.433784706902281,-34.91527983766968,-15.28463492063493,1.5056722689069855,-12.227139317296723,13.947984126984137,2.17468945095912,10.359453864349609,22.987920634920652,1.0397612702530168,19.834635390192716
83,-33.91838095238098,4.453200253368209,-35.04855023780831,-15.61636507936509,1.4377117959149115,-12.390733323299898,13.623539682539691,2.2130322399109708,10.213530304275872,22.877888888888908,1.0645520778619626,19.72754508670049
84,-34.10290476190479,4.4661771816102345,-35.170655517798394,-15.996507936507948,1.4095418977639622,-12.546994277774347,13.217412698412707,2.2810311170977173,10.072789165492152,22.707142857142873,1.1045122213744567,19.621051217919383
85,-34.27842857142859,4.5072806029647685,-35.31257144508168,-16.308428571428582,1.3754422618641056,-12.75234442114082,12.839047619047628,2.4048039718149905,9.934189749241847,22.470984126984145,1.2282333835204367,19.515151053409486
86,-34.46580952380955,4.575654978909213,-35.45844671770592,-16.608111111111125,1.2828946072036642,-12.938799118494947,12.454206349206359,2.531858945036455,9.792682639275514,22.210158730158742,1.365787500620283,19.409867739042188
87,-34.594396825396856,4.61029509111516,-35.579244171056594,-16.83392063492065,1.2068602271852795,-13.088361226181945,12.107412698412707,2.691890585707753,9.653345190595678,21.911142857142874,1.5647000048137831,19.305208445304274
88,-34.692476190476214,4.631638819325546,-35.693484012059216,-16.99404761904763,1.1372392241345075,-13.252076146368273,11.841238095238104,2.8125970959304314,9.51799225928877,21.647634920634932,1.7488737575231361,19.201145335075697
89,-34.842174603174634,4.66310293286124,-35.83815258443379,-17.266222222222236,1.0812984308451814,-13.458970992313482,11.571507936507944,2.876760101447448,9.380935736919511,21.448793650793665,1.8465182357919248,19.097669169402558
90,-35.13453968253971,4.839975055792166,-35.97405495485688,-17.56714285714287,0.9310785640948923,-13.61923163918675,11.41133333333334,2.861467895901401,9.243954696630846,21.28725396825398,1.9124548097523588,18.994783652558066
91,-35.36461904761907,4.982595751010659,-36.0841320795305,-17.701904761904775,0.820644722393953,-13.754675153502525,11.485349206349214,2.7677484519138145,9.112377955861481,21.20847619047621,1.946149546332283,18.892464973624275
92,-35.57541269841273,5.068931888330734,-36.1924449818545,-17.892142857142872,0.7781999322428055,-13.925752614740922,11.53395238095239,2.639481810415302,8.98149151558848,21.197126984127,1.8918320533320654,18.790703852115684
93,-35.715603174603196,5.102551150442527,-36.32956095792383,-18.06184126984128,0.810371435013486,-14.111102936032076,11.520761904761912,2.5871678648372556,8.848890525039623,21.148349206349224,1.882465212264024,18.689520894575868
94,-35.79623809523812,5.084862253028608,-36.44650162492867,-18.207888888888903,0.8251150515682742,-14.245621771089278,11.472571428571436,2.593492594745989,8.721785423466164,21.13377777777779,1.871796011695142,18.588918130921073
95,-35.88955555555558,5.078573535026122,-36.54878044782016,-18.371412698412712,0.8022629842785747,-14.370196514208546,11.271634920634929,2.677157410520622,8.596669333938179,21.0643015873016,1.891571089383901,18.488893808104084
96,-36.072222222222244,5.16186475745447,-36.65278950926974,-18.590714285714302,0.6573304189427277,-14.543534063116859,11.069476190476196,2.737751769071693,8.46927654647643,20.932539682539698,1.9859002033807904,18.389473476546538
97,-36.26977777777781,5.227600338329639,-36.80731903764087,-18.85314285714287,0.5093797905051374,-14.72496179810756,10.862793650793657,2.7461503304517345,8.344447333653303,20.755888888888904,2.084522550258128,18.2906706849703
98,-36.478968253968276,5.320656971887674,-36.96216679010169,-19.150952380952393,0.4211041779025891,-14.871303829390072,10.617634920634927,2.81308330466987,8.222722381564093,20.57923809523811,2.189695551547205,18.192469195057637
99,-36.70971428571431,5.479314506286877,-37.100698538444,-19.417380952380967,0.40693734997259967,-15.014342976784059,10.473476190476196,2.906861342141016,8.100948741337492,20.444460317460333,2.315183723208513,18.094867715568277
100,-36.869349206349234,5.568974466041893,-37.23871973204959,-19.554809523809535,0.4856758808346259,-15.20983669355987,10.535666666666675,2.877316446794867,7.975941837917059,20.413952380952395,2.3473738813997804,17.997875526270217
101,-36.98080952380955,5.600903946789667,-37.355022990710744,-19.56936507936509,0.5268907301535997,-15.369975422429752,10.676761904761912,2.740336662011446,7.855757621754926,20.436714285714302,2.2906486225231006,17.90147114204743
102,-37.04992063492066,5.543673653405281,-37.41661899568887,-19.64133333333335,0.49644427823349757,-15.478550718420024,10.741206349206356,2.56257160854662,7.737431740331932,20.468523809523827,2.163909983800025,17.805621639240243
103,-37.063031746031776,5.403938969748172,-37.50916330884457,-19.755412698412712,0.5013700242680738,-15.588909404538285,10.713095238095244,2.3579751346122686,7.617740662472131,20.552634920634933,1.926927569905622,17.71032745736409
104,-36.96088888888892,5.219922399267198,-37.6465715718629,-19.747222222222238,0.5922448258418603,-15.75855122470107,10.703714285714293,2.233777023649233,7.501171242621081,20.685539682539698,1.6836278632194899,17.61559366714273
105,-36.97817460317463,5.150786684173639,-37.77718448736612,-19.84398412698414,0.6694289114785124,-15.9136983412301,10.653777777777785,2.224407598841732,7.387394022774418,20.811777777777795,1.499943960740385,17.521412213971267
106,-36.9988412698413,5.07833666491175,-37.86114088602185,-19.938904761904777,0.7637945704707356,-16.028904105180363,10.597206349206356,2.241996580487719,7.273519894175088,20.870888888888903,1.38605140756365,17.42779647305789
107,-37.04115873015876,5.022972858965075,-37.926690576122006,-20.039920634920648,0.8767042154746909,-16.139965850249204,10.50228571428572,2.256719025072789,7.157838279866259,20.858698412698427,1.3210226673411505,17.334765440298337
108,-37.1075396825397,4.988695199387418,-38.02201141692211,-20.15219047619049,1.007713575021164,-16.275968334500067,10.337412698412708,2.3348512564013113,7.048101594175013,20.818619047619062,1.2924587936109067,17.242310984937312
109,-37.07074603174606,4.852476356628149,-38.16215874034455,-20.188587301587315,1.1574405487258168,-16.431875448477715,10.202523809523816,2.372391043130715,6.9383631510642365,20.756777777777792,1.2798620220220862,17.15042175730407
110,-36.948079365079394,4.704693200154907,-38.294122849820205,-20.037158730158747,1.2111306350753184,-16.56214822885619,10.180444444444452,2.350157438371907,6.827060719938426,20.746539682539698,1.2636648223800258,17.059113779796622
111,-36.94249206349209,4.660329031196441,-38.39375283443402,-19.90761904761906,1.20071551451108,-16.683941529990307,10.175031746031754,2.39083879345856,6.714927118925985,20.762904761904778,1.2981003933214679,16.96838624673178
112,-36.935380952380974,4.593116607003671,-38.47984131837576,-19.794333333333345,1.2484490577859484,-16.81547534711724,10.190428571428578,2.414752361370056,6.6101190567055825,20.77263492063494,1.3371909010761658,16.878206661634717
113,-36.987634920634946,4.55898655853657,-38.571172658261226,-19.73925396825398,1.3712238003908699,-16.955043402864778,10.250222222222229,2.424148139619747,6.504478516644959,20.881111111111125,1.2891958474105487,16.788563923694863
114,-37.14434920634923,4.616032396349944,-38.658502001965125,-19.732857142857156,1.5482015030931535,-17.067088767031773,10.212126984126991,2.505892900750701,6.397279802470256,20.9353015873016,1.272402079395617,16.69948483814657
115,-37.25290476190479,4.609276092566564,-38.755347338502325,-19.828000000000014,1.7248180135580062,-17.177083949852847,10.021111111111118,2.5750134746850915,6.289372689002707,20.828539682539695,1.3096935146410296,16.610973050013317
116,-37.378412698412724,4.64171994720483,-38.86651930517402,-19.979476190476205,1.7523187223681385,-17.30294941256874,9.743142857142864,2.6096924060644784,6.1897104476122164,20.672523809523828,1.3690858705491282,16.522997831442385
117,-37.511111111111134,4.653109424238059,-38.97431540354499,-20.19201587301589,1.67870316185398,-17.438127592584507,9.441793650793658,2.6139470682062864,6.088006608656076,20.470015873015885,1.4589936804478632,16.435555300765806
118,-37.555952380952405,4.5875402175808135,-39.09467268838636,-20.38487301587303,1.6085478421526127,-17.57271694906694,9.208682539682547,2.581522535034591,5.9831167848230296,20.303793650793665,1.5073061608995764,16.3486773915429
119,-37.604825396825426,4.5590055986614955,-39.20881381806,-20.50769841269842,1.4948519525492532,-17.694947477748,9.102952380952388,2.5364365313170874,5.877688164066551,20.238523809523826,1.4996545863320938,16.262356208810022
120,-37.67819047619051,4.577242775134896,-39.31429129675857,-20.524507936507952,1.460571002230744,-17.819862194071053,9.057857142857149,2.5194064670739618,5.781993430303104,20.224746031746047,1.4674339449242864,16.17653985393908
121,-37.73265079365082,4.574613671848329,-39.41531242491947,-20.55734920634922,1.5385364103479138,-17.945658490799513,8.98922222222223,2.519478700524892,5.683238450934154,20.21287301587303,1.4238444122532716,16.09121898471471
122,-37.80058730158733,4.576029009781552,-39.5218028746902,-20.6567142857143,1.6126362545045314,-18.07373462714178,8.822301587301594,2.496552862198512,5.580852449656295,20.121841269841283,1.3915640494254362,16.00643116754988
123,-37.95228571428574,4.609307566339952,-39.62203027619427,-20.941634920634936,1.6243421302979955,-18.19283635928406,8.503777777777783,2.5095886236522387,5.477928265414898,19.928555555555565,1.4454935158654885,15.922167364212882
124,-38.07353968253971,4.6080293980161,-39.71855743259218,-21.177984126984143,1.6697882446013992,-18.307517230832598,8.256587301587306,2.5457595552262906,5.3871650619673845,19.809015873015884,1.467930881998887,15.838369844640049
125,-38.244571428571454,4.6949608170162875,-39.81128058472741,-21.36176190476192,1.5997158494375823,-18.41844545472021,8.07560317460318,2.604114152552906,5.291999700133324,19.650523809523822,1.5563426342915907,15.755039652474158
126,-38.46190476190478,4.838876755948562,-39.90149403187585,-21.58423809523811,1.463764901830445,-18.535931544794995,7.88544444444445,2.6494021765145703,5.192262650784367,19.45644444444446,1.6686099773427532,15.672233107168573
127,-38.653952380952404,4.985347934645936,-39.97615030214745,-21.783476190476204,1.354174785323649,-18.651365441348208,7.715476190476196,2.717428453074941,5.088743901589289,19.24087301587303,1.798580213621972,15.589942260994645
128,-38.81415873015876,5.119435116550701,-40.071687801381245,-21.95931746031748,1.2633935336871334,-18.7588892691684,7.54276190476191,2.769508307635489,5.000625924685864,19.09569841269843,1.8537383475491103,15.508090822621448
129,-39.003952380952406,5.25911558103009,-40.20139111047906,-22.232238095238113,1.1490045315203372,-18.877266759192572,7.322476190476196,2.858948738944498,4.909285898001868,19.02580952380954,1.881105653188586,15.426650027897999
130,-39.15931746031748,5.349674207225785,-40.35653187283062,-22.453492063492078,1.0853950694517298,-19.014774259587817,7.232777777777781,2.8825923897355934,4.811996039678068,19.117698412698427,1.7715743898707903,15.345681819950611
131,-39.36347619047621,5.468791738180002,-40.518061166613286,-22.69265079365081,1.0189595961588382,-19.161433148606605,7.146634920634926,2.873951380269892,4.71070943301016,19.205587301587315,1.6575013570284869,15.265198711933515
132,-39.563031746031776,5.592325359065115,-40.64746895544905,-22.95179365079367,0.9409173895128244,-19.30140549253385,6.936682539682546,2.9342367002512857,4.622424359360536,19.170476190476204,1.6529317889332928,15.185126089360715
133,-39.760666666666694,5.746919928351831,-40.715599682387534,-23.137285714285735,0.9567381782906661,-19.413747186069255,6.712619047619053,3.041581964092582,4.535667480920819,18.97176190476192,1.7704938165656958,15.105414113675929
134,-39.9454285714286,5.883091125717814,-40.73467882487078,-23.274031746031767,0.9803980373630948,-19.496954984248415,6.565396825396831,3.106576903554323,4.44142963984067,18.78204761904763,1.8876027196449168,15.026134770750085
135,-40.000238095238124,5.904772028089126,-40.736126406543285,-23.301888888888907,0.9831356680278434,-19.570682774175992,6.4984444444444485,3.1051825005226408,4.343070773467043,18.555253968253982,2.0373447767820214,14.947329719630957
136,-40.027523809523835,5.887321629100513,-40.7349872970066,-23.35234920634922,0.9479963021626641,-19.63431524678916,6.493269841269846,3.01278026102711,4.252936557928014,18.386333333333344,2.1135524320068404,14.868932801851207
137,-40.08809523809527,5.886085365157901,-40.753720477806056,-23.36188888888891,0.8852665062567469,-19.705469973047418,6.627126984126988,2.817399540278967,4.171345246613857,18.417492063492073,2.00954310837294,14.790869613020348
138,-40.05450793650797,5.772850311442088,-40.799959028619284,-23.32849206349208,0.8535961942493577,-19.777160352859216,6.761031746031751,2.679612634646307,4.082345550994352,18.565158730158746,1.839082783140866,14.71320248095049
139,-40.06441269841273,5.679311772332724,-40.87106254954774,-23.386825396825415,0.8954360885131568,-19.859958390114603,6.767142857142862,2.5704607508490267,3.987795152207291,18.658492063492076,1.6826387885606828,14.63600944770775
140,-40.06361904761908,5.551645269879005,-40.96351157506508,-23.54001587301589,0.9868333029190215,-19.96136569612332,6.685269841269846,2.4904507938753877,3.897314294891182,18.683222222222238,1.5658955839530895,14.559253825953896
141,-39.96868253968257,5.386363497166524,-41.06536742818395,-23.57626984126986,1.0895926053362475,-20.06880022773956,6.580539682539687,2.5029020625957057,3.8228599523057105,18.608777777777792,1.5836447380446834,14.482853648343733
142,-39.88657142857146,5.263368493748339,-41.16294894869251,-23.652507936507956,1.1440781309487975,-20.179433972574703,6.33987301587302,2.6119945351204565,3.740280331523447,18.433666666666678,1.699081256562534,14.406859364520315
143,-39.95057142857146,5.305026873422985,-41.254306727275264,-23.730253968253987,1.1284546273807123,-20.280458722312684,6.159000000000003,2.7030747131298303,3.6508514989463574,18.317222222222238,1.778077176673756,14.331379748454845
144,-39.98482539682542,5.287593106476937,-41.33917889568548,-23.74149206349208,1.1071726148359085,-20.380537427758075,6.130968253968258,2.6869990637337278,3.5566653092124874,18.342968253968266,1.7414136524514565,14.256404929407509
145,-40.06026984126987,5.265355234720203,-41.41665893277743,-23.767126984127003,1.106527828603932,-20.48091088355557,6.147063492063496,2.5951444317353816,3.48383790017934,18.371253968253985,1.6757630669754475,14.181821822002279
146,-40.08279365079368,5.188489064310652,-41.491477758063674,-23.763984126984145,1.183797680390429,-20.575749022235424,6.156952380952386,2.51751218680927,3.4063661613348493,18.336793650793663,1.6400779018270686,14.107588675260693
147,-39.93417460317463,4.990603460931153,-41.56649889273738,-23.53665079365081,1.331049343185087,-20.671592033329905,6.273873015873019,2.454954401691914,3.3216372569211465,18.33303174603176,1.624087337947047,14.03381747833284
148,-39.721809523809554,4.760218149485152,-41.64137478003971,-23.217412698412716,1.5277317909384802,-20.762403696295973,6.48855555555556,2.450257504220047,3.231123518428118,18.441142857142868,1.571187395874664,13.960546654485327
149,-39.525714285714315,4.577680988453476,-41.70470060475371,-22.920888888888907,1.6357899200030168,-20.849001003179833,6.6798571428571485,2.4712284405313514,3.139559147037371,18.499857142857156,1.5636605189244022,13.887685247374385
150,-39.46615873015876,4.48393754641287,-41.75596713825545,-22.844952380952396,1.6979891675602452,-20.932475187641206,6.800047619047624,2.510196806388441,3.059901157902457,18.613857142857157,1.5106621545285102,13.81512896993513
151,-39.533174603174636,4.506245363005103,-41.813374004758074,-22.94268253968256,1.701811250069819,-21.013621607705986,6.783111111111116,2.556674169506141,2.971905474960462,18.650539682539698,1.5110078182650657,13.742965779657096
152,-39.71985714285717,4.614687677792257,-41.882135309667326,-23.215714285714302,1.6430550097085004,-21.09991548675129,6.539587301587306,2.588644181256463,2.8864081397597054,18.5193015873016,1.5702692020297144,13.671317188025279
153,-39.8496666666667,4.650798931439663,-41.97044413540261,-23.4765396825397,1.5700086447598989,-21.191957172012135,6.223984126984132,2.54501264630777,2.7976547497399427,18.31992063492065,1.6122647520297173,13.600131498300344
154,-39.92509523809526,4.607291464811336,-42.05463639105944,-23.68342857142859,1.550039120516729,-21.284854269114646,6.03607936507937,2.453436578063514,2.7090689869276567,18.24446031746033,1.5487849843311374,13.529262516641188
155,-40.00707936507939,4.590577575473749,-42.13201940099025,-23.87231746031748,1.5339148678689745,-21.377087286267408,5.847809523809527,2.3683152705479302,2.617022699723657,18.123476190476204,1.508137775373555,13.458644403565389
156,-40.12593650793654,4.6275851096810685,-42.207703666191385,-24.08763492063494,1.4723513144959874,-21.46710860005857,5.657746031746036,2.362525034134256,2.5313643257190277,17.955285714285726,1.5289456998653725,13.388435862470581
157,-40.2130158730159,4.702998504543299,-42.29423338676941,-24.207238095238115,1.3199620084319494,-21.55885417369547,5.578698412698416,2.3652397457073415,2.4461827965669714,17.916126984127,1.5431212301745363,13.318724402050053
158,-40.360269841269876,4.821196612670941,-42.382370445793384,-24.26384126984129,1.2146477799250697,-21.657795232287715,5.597412698412701,2.342976344937194,2.359176699892825,17.926365079365095,1.5294772693835947,13.249397662183307
159,-40.518746031746055,4.940020518388186,-42.45491379669169,-24.37934920634923,1.1346855925999593,-21.748364694152016,5.493174603174606,2.3433108041438593,2.27549086723609,17.87639682539684,1.5358272790554803,13.180292327595282
160,-40.658142857142884,5.0403593772219795,-42.509543067804735,-24.528920634920652,1.0885318179871795,-21.832466113948584,5.296809523809528,2.351818622461225,2.1882553719993054,17.759222222222235,1.5637617197160782,13.111432931887165
161,-40.91273015873019,5.238361166866763,-42.554641195502015,-24.847285714285732,0.9942546325647262,-21.90977553257633,4.92198412698413,2.43357923420234,2.103569299388622,17.55825396825398,1.6435063135015715,13.043039409767966
162,-41.08203174603178,5.355319395509138,-42.5945255070012,-25.0793650793651,0.9608974256838325,-21.982342139678565,4.6708571428571455,2.5107725461565895,2.0186046428365567,17.42252380952382,1.7093991551581313,12.975151806457623
163,-41.13015873015876,5.408919230784462,-42.63902245946344,-25.056904761904775,0.8974686207161071,-22.054943593259196,4.687936507936511,2.5140130469834743,1.9330345206846256,17.487174603174616,1.688185959756531,12.90759689595644
164,-40.98149206349209,5.279439016080687,-42.66904897995329,-24.660492063492082,0.924875657648836,-22.123940726994913,5.050730158730162,2.3320484224272087,1.8516082786674348,17.67666666666668,1.5711625431385055,12.840176867565662
165,-40.709031746031776,4.994680376610691,-42.685807965900516,-24.198111111111132,1.153086333483585,-22.183606785601683,5.4210476190476236,2.2005404242435915,1.7685482739714562,17.94436507936509,1.4057459400696048,12.772934688631969
166,-40.490507936507974,4.705394236258992,-42.70900780303657,-23.88765079365081,1.4916024884744208,-22.242313635070147,5.609476190476194,2.219187103900077,1.6869880287684318,18.068174603174615,1.345160766799331,12.706125718974391
167,-40.43174603174606,4.524483933048971,-42.737611825182576,-23.95187301587303,1.703927565922866,-22.30238447292955,5.43019047619048,2.3027350800360056,1.6034488264644213,17.92787301587303,1.4188412232274819,12.639792033316693
168,-40.50404761904765,4.463482808390915,-42.800201845218176,-24.250285714285727,1.795498019792241,-22.371736427868445,5.0962222222222255,2.402186155573026,1.5203364390547043,17.733968253968268,1.5078885104307762,12.573745179493663
169,-40.71382539682542,4.590265919271412,-42.90375634634396,-24.6029523809524,1.6776818002762288,-22.458493002387485,4.700761904761908,2.4707932518268048,1.4461818804393953,17.476428571428585,1.6292000668729185,12.507797251126526
170,-40.89239682539685,4.745495054116272,-43.01846089701086,-24.790888888888905,1.5046639661551033,-22.55598806290426,4.514206349206352,2.4541978537428903,1.369774235983756,17.319952380952394,1.6905633673028098,12.442102647787047
171,-41.02188888888892,4.86242096324812,-43.139789743302565,-24.88596825396827,1.3994097179993217,-22.661711995397898,4.479365079365082,2.412845569081628,1.2910667238673612,17.29014285714287,1.660804870260921,12.376934992618354
172,-41.20760317460321,4.997383928794272,-43.24533926171574,-25.027285714285735,1.4297577457878006,-22.76551478282933,4.533539682539685,2.3825866318883384,1.2083694547319068,17.360000000000014,1.5796909800947145,12.312287702532435
173,-41.24474603174606,4.9997715952618424,-43.330400420263715,-25.03806349206351,1.5290301201544843,-22.86273948882878,4.63703174603175,2.315705016861968,1.1208996674012857,17.413111111111125,1.4962971644474863,12.247933832623916
174,-41.20017460317463,4.920421839523641,-43.408865017551015,-25.0375396825397,1.566251013596267,-22.95239586183219,4.61014285714286,2.2584576044997524,1.0475070497913352,17.372857142857153,1.4619554499769523,12.183692754869561
175,-41.19438095238098,4.838081695784698,-43.474012060141575,-25.150444444444464,1.534642566693688,-23.0329544222586,4.414730158730162,2.2188177393589217,0.9823094704673491,17.198428571428586,1.5030742693756887,12.119758628260518
176,-41.19198412698415,4.760678682341722,-43.52161132517343,-25.264809523809543,1.5131564854662902,-23.107012982809437,4.267492063492067,2.1941562352143738,0.901445360713551,17.05390476190477,1.5550288411797972,12.056352321968914
177,-41.21396825396828,4.716707159937187,-43.55896927265375,-25.364444444444462,1.5029794502138702,-23.174005773044442,4.1749523809523845,2.165601214223807,0.8231554791413952,16.921507936507947,1.5959807895222495,11.99343665685033
178,-41.296380952380986,4.729447979066579,-43.592921536236354,-25.505650793650812,1.5111300733270718,-23.23766526178404,4.14977777777778,2.12756202075977,0.7384545771375075,16.918920634920646,1.597027755725404,11.930775978043341
179,-41.26192063492066,4.649954804787994,-43.621911465853174,-25.43866666666668,1.5979862684436756,-23.300667428334823,4.236111111111114,2.080134760979376,0.6591474826723479,16.993111111111123,1.55968494631808,11.868136581374399
180,-41.22474603174606,4.609611350042209,-43.64928659347918,-25.35607936507938,1.5749621940136984,-23.356974082337086,4.200222222222226,2.0584096401498013,0.5959232754970748,16.976063492063506,1.5659556833020583,11.805651329829145
181,-41.21796825396828,4.591364658663413,-43.67744020916067,-25.264206349206365,1.54378672009375,-23.41277107047684,4.1731111111111145,2.0956341157727745,0.5204281150221804,16.938746031746046,1.619420800207009,11.743574590209171
182,-41.17968253968257,4.553789680781289,-43.70749067637522,-25.059619047619066,1.5915823686287844,-23.470741456315995,4.304222222222225,2.0908335335347465,0.4478533285315122,17.070857142857154,1.5457996502066462,11.68192269668321
183,-41.26177777777781,4.595467890654751,-43.7413315833867,-24.995126984127,1.6697232057362847,-23.528937877004267,4.392920634920638,2.054901945297417,0.3689341865935865,17.132079365079377,1.481025455843567,11.620509885636983
184,-41.43488888888891,4.68695889477174,-43.78497017568165,-25.163047619047635,1.6883388493708213,-23.59164647077959,4.303396825396828,2.005459059556332,0.2889922800815004,17.03139682539684,1.4929625583229797,11.55915087463591
185,-41.622714285714316,4.774791513852296,-43.82918394661585,-25.451222222222242,1.7077592355042295,-23.65550629972753,4.095920634920638,1.9588781187202573,0.2268486009556483,16.82655555555557,1.5351535002524572,11.498016674027143
186,-41.73576190476194,4.8166971750087235,-43.88605536485096,-25.750619047619068,1.6803183751973039,-23.718281505096986,3.8252698412698436,1.9428551731886488,0.15785450965412373,16.526444444444454,1.6279083390481972,11.437315128432417
187,-41.69684126984131,4.734740582968311,-43.96317752101417,-25.826825396825416,1.7104273604435816,-23.79228514270983,3.7725079365079393,1.9200842267707117,0.08942747332073593,16.441492063492074,1.6308670760528254,11.37704460689136
188,-41.58531746031749,4.636252343231923,-44.05324440426216,-25.662714285714305,1.7340812587048469,-23.877715318079094,3.8728571428571463,1.877826269215154,0.013816076217653647,16.52936507936509,1.5524082723112955,11.317045844580763
189,-41.577761904761935,4.620276654440475,-44.12611476469945,-25.548476190476208,1.7226154304982833,-23.96158940125443,3.91630158730159,1.8729413491361955,-0.06488711794313555,16.597841269841282,1.5089807270866897,11.257171585667399
190,-41.70247619047622,4.691000233476462,-44.17929736642637,-25.64517460317462,1.6639331873009389,-24.036866777700734,3.780698412698415,1.8997349606950122,-0.13765041493566313,16.511746031746043,1.5550451666738063,11.197634954281378
191,-41.91622222222225,4.840921465659644,-44.21724231216921,-25.88473015873018,1.5909137650927876,-24.100785631182614,3.540206349206352,1.9571483899688797,-0.19959448751018352,16.347238095238104,1.6476223068597917,11.13856442705587
192,-42.05115873015876,4.948572733018924,-44.260608286611955,-26.01384126984129,1.5521440573784167,-24.158947504930694,3.398317460317463,2.017220536248314,-0.2654020471457441,16.188095238095247,1.7542915570021465,11.079871933855786
193,-42.06411111111114,4.9309361336049715,-44.31882682951698,-26.032253968253986,1.569211423473457,-24.22390630802099,3.365206349206352,1.980194285331459,-0.33373760036776723,16.11731746031747,1.7361042021449842,11.021412933205326
194,-42.02700000000003,4.879964116056442,-44.393490088532666,-25.980126984127,1.6182669374446268,-24.29990304849629,3.3639206349206376,1.9052108943705486,-0.4091814205972915,16.03877777777779,1.7017675938748555,10.963008684194662
195,-41.961444444444474,4.807775143550271,-44.4576494626543,-25.919444444444462,1.6325911017359418,-24.376419256100842,3.3042539682539704,1.8577510807708661,-0.4850102905424376,15.973222222222233,1.676600349493702,10.90475831343977
196,-41.96146031746035,4.759213853770485,-44.50842323639051,-26.000682539682558,1.5970324914620835,-24.446264747627016,3.1805555555555585,1.8157506108150534,-0.5506333435331682,15.902873015873027,1.6653084693413311,10.846962126972938
197,-42.06301587301591,4.786692047660188,-44.54763970099764,-26.23214285714288,1.5303176091527022,-24.508324359449585,2.945142857142859,1.81632391012321,-0.6160804780110326,15.751285714285723,1.7031391604915918,10.789565470846275
198,-42.104238095238124,4.813266111002885,-44.59537796469764,-26.306301587301608,1.4799963157839926,-24.56718836369581,2.8945555555555575,1.7753726006109976,-0.6795389175242715,15.741285714285729,1.6655183543002345,10.73237846689563
199,-42.07604761904765,4.761110326350625,-44.6563746569195,-26.27622222222224,1.5016693883398737,-24.6323087082957,2.9018730158730186,1.7483613149111827,-0.7480381607092513,15.793285714285725,1.5867471542019878,10.675215427211045
200,-42.026968253968285,4.675372824801725,-44.72455904062057,-26.234015873015892,1.5906911368235395,-24.706663120535485,2.8583015873015896,1.8195386369483755,-0.8199362593224304,15.803380952380964,1.5707546181039194,10.618140225949988
201,-42.017904761904795,4.625446724600385,-44.79084511295256,-26.255888888888904,1.629118979319201,-24.780846100615758,2.6582698412698433,1.9509241828673285,-0.8928043534115045,15.724888888888898,1.6092770183513794,10.561572427883716
202,-42.07955555555558,4.610577888165106,-44.854268632040906,-26.35326984126986,1.6469660969537288,-24.853187976600935,2.415317460317462,2.0687239722272843,-0.960606638137603,15.602730158730173,1.6714723074215758,10.505501569461858
203,-42.21020634920638,4.678861510562315,-44.91548248528303,-26.50222222222224,1.6115044065267028,-24.924110324935835,2.112238095238097,2.162980928569299,-1.0229637568028684,15.380444444444455,1.7977265630274446,10.449649139893905
204,-42.29106349206352,4.737969327858289,-44.97625439939089,-26.536698412698428,1.5537697887922044,-24.991446128179337,1.997476190476192,2.1431409737952607,-1.0858240631510265,15.300380952380962,1.8142143243047317,10.393756978767689
205,-42.350888888888925,4.793826832361039,-45.02130365062468,-26.4655396825397,1.4789426143322078,-25.054836523641303,2.0287460317460333,2.0926044794543976,-1.151230756098524,15.299666666666676,1.8099943517281987,10.337818474283536
206,-42.459142857142886,4.903183695773328,-45.026843231809984,-26.481079365079392,1.3189293690429598,-25.106350419333808,1.9767936507936525,2.1278380229240828,-1.217428232398474,15.260031746031757,1.9245499051374542,10.282365188569733
207,-42.66763492063495,5.083616613372428,-45.01769253439528,-26.649285714285735,1.1633677960446442,-25.1437342823825,1.8054920634920648,2.226548027705108,-1.2833912680277701,15.198793650793661,2.0462392725421505,10.227550247346946
208,-42.8846031746032,5.246024931748816,-45.01505910065662,-26.8735396825397,1.1252834336274906,-25.1772190062097,1.6145238095238108,2.327674358804283,-1.347360154235236,15.114317460317471,2.1389661358374785,10.173093319467144
209,-43.04809523809527,5.346390810694659,-45.03433201218573,-27.085111111111132,1.141664285656631,-25.216953144919085,1.4889841269841282,2.3275780051088453,-1.4102839641339557,15.043126984126994,2.159266155388448,10.118678102195998
210,-43.11177777777781,5.367023255595445,-45.07032467004215,-27.252920634920656,1.1487693886675578,-25.264208846213435,1.3576825396825407,2.2678847894550067,-1.4690031047031422,14.93693650793652,2.1565975824263304,10.064035350811125
211,-43.15728571428574,5.376366760012833,-45.10454943037677,-27.389412698412723,1.1286837785927721,-25.315079881067785,1.2487301587301598,2.2120993488884015,-1.5295610402331865,14.766507936507947,2.160273213861757,10.009353838299324
212,-43.188142857142886,5.379943030983593,-45.13610874616659,-27.507873015873034,1.1177887219229543,-25.364824280706316,1.0981587301587308,2.24984180788202,-1.590958536025581,14.596317460317472,2.209850092960728,9.955261231963453
213,-43.27212698412702,5.4301942142370585,-45.18360399178846,-27.654539682539703,1.088527247896419,-25.419610603807286,0.8426190476190484,2.3557024203884596,-1.6486277093936004,14.380730158730168,2.32481472409862,9.901762353414465
214,-43.38868253968258,5.530747178909638,-45.244901095668006,-27.776587301587323,1.0717926451393753,-25.482554456293713,0.6515873015873018,2.4535908399890385,-1.713692042095526,14.24741269841271,2.4217931409673885,9.848545134083425
215,-43.498158730158764,5.5863117553730115,-45.314257295004374,-27.84941269841272,1.095472175583641,-25.55084796227086,0.6434761904761911,2.4401278182634925,-1.778513617604523,14.252746031746042,2.4309765812475357,9.79527687973263
216,-43.50509523809527,5.580149674314762,-45.39369735137256,-27.811936507936526,1.1562513517659436,-25.62358239737091,0.6630000000000006,2.41106148391407,-1.8366323230667838,14.272761904761916,2.443347123112304,9.74178231384267
217,-43.50303174603178,5.5502403810536,-45.47767604037292,-27.81147619047621,1.192081189816421,-25.699039058107445,0.6237619047619051,2.3719709330706036,-1.896604835454064,14.21900000000001,2.445364577028969,9.688645012324884
218,-43.45350793650797,5.4598381600038435,-45.564254582350905,-27.794142857142873,1.20990007864383,-25.77810093490615,0.5394603174603181,2.346840367388146,-1.960844097220915,14.120634920634929,2.4482896878363163,9.636225731423874
219,-43.413587301587334,5.369412441153591,-45.64918424681033,-27.845079365079386,1.1993023590404983,-25.85740604924497,0.3388730158730162,2.371799470952528,-2.028039506702798,13.948142857142868,2.5057080998457626,9.584293637784635
220,-43.44433333333336,5.360852238812359,-45.72579795750783,-28.007142857142878,1.2547080669754755,-25.938249740581657,0.12393650793650808,2.444115623163168,-2.0928509097443677,13.789857142857151,2.5700814703375348,9.532474755232405
221,-43.48077777777781,5.401950915490968,-45.75915982634766,-28.041825396825416,1.2132142640902692,-26.00500073117637,0.14928571428571455,2.409594068396586,-2.161743583185904,13.93026984126985,2.509552419392554,9.480403409833777
222,-43.46430158730161,5.500688538385131,-45.75361719538352,-27.66211111111113,0.8067602133373586,-26.048934153961042,0.4368412698412703,2.26182867479936,-2.218422455222598,14.257460317460328,2.4216838164130263,9.4282851706177
223,-43.40941269841272,5.5959939959061105,-45.72654483504613,-27.115380952380974,0.33157436015381775,-26.074018649518155,0.7801269841269848,2.112070339840358,-2.2711657048520246,14.447666666666677,2.378729080686706,9.376771612249044
224,-43.338015873015905,5.620614202142174,-45.69725193572557,-26.598428571428588,0.30386970593650914,-26.091261951203705,1.1420158730158738,1.9859972272504602,-2.3281217891936046,14.574492063492075,2.356339084112195,9.32583582612015
225,-43.337349206349245,5.603288588457943,-45.703338499572546,-26.399301587301608,0.4605634479573442,-26.11504960534877,1.2889365079365087,1.9669512577694759,-2.3941027091438554,14.481492063492075,2.4052199785833897,9.275198016813532
226,-43.471539682539714,5.626821161900129,-45.74799630729442,-26.691555555555578,0.4031403010029741,-26.157951186515078,1.0253809523809532,2.157942785737264,-2.4452854176623378,14.061841269841281,2.601436952520479,9.224490352258032
227,-43.619174603174635,5.664679839056428,-45.812386772490186,-27.118460317460336,0.4084975904838244,-26.217238267717473,0.7350793650793656,2.254463599269983,-2.503412576710552,13.87377777777779,2.624575340423877,9.17350815846209
228,-43.67552380952384,5.665393638718555,-45.87088074089865,-27.285142857142876,0.47544630661746834,-26.2791225569336,0.626619047619048,2.2149426743467844,-2.562164350212528,13.938507936507946,2.5482938998376192,9.122998175860017
229,-43.639460317460355,5.579956102115586,-45.89753043711247,-27.321206349206367,0.5163684256129706,-26.330642692102742,0.637809523809524,2.1048588909637727,-2.6075859292429544,14.087000000000009,2.4106223465125503,9.073177226846335
230,-43.54115873015875,5.457296511198227,-45.91980878569192,-27.16328571428573,0.5212270894345309,-26.372055794984067,0.8693650793650799,1.9184653593685261,-2.6559191159181057,14.3800634920635,2.2426935663622607,9.023715473295917
231,-43.52192063492066,5.3999832560652345,-45.969862205958606,-27.098095238095258,0.5278447543133178,-26.421128774002728,0.9341587301587309,1.8418429977524882,-2.716527697683201,14.466857142857153,2.2122631054237325,8.974394655468057
232,-43.64379365079369,5.479059272329536,-46.04675856626485,-27.219746031746052,0.4843832215469479,-26.4849045344712,0.6929841269841276,1.9349744888139486,-2.78323739352647,14.220777777777789,2.366814646667655,8.92498408726199
233,-43.786190476190505,5.6007879459294285,-46.15654090028978,-27.39076190476192,0.5382138456162224,-26.564955097912776,0.3418412698412702,2.0280350256481614,-2.8462394184485755,13.945063492063502,2.4051731156092266,8.875321283233959
234,-43.87738095238098,5.644854432143557,-46.263624198202784,-27.570761904761923,0.6369677500376749,-26.654412571153845,0.023523809523809502,2.0861292674433565,-2.909857174250959,13.71811111111112,2.4032757061305947,8.826233289418514
235,-43.916920634920665,5.581206030338466,-46.35496386890694,-27.7759523809524,0.7304517757348701,-26.738208510195506,-0.016746031746031804,2.010162521178831,-2.9726035913008277,13.772809523809533,2.2885595421089193,8.777878891824274
236,-43.81612698412701,5.520484288017717,-46.369420583426894,-27.568063492063512,0.4084085814634042,-26.79795645065347,0.33295238095238133,1.742214610504453,-3.028309277544796,14.152857142857153,2.1053929049473346,8.729826044345712
237,-43.61222222222225,5.40984960805835,-46.32875346125652,-27.074428571428587,0.15718280396542864,-26.823718797144597,0.8323333333333339,1.4872728282357845,-3.0913003591434003,14.510825396825405,1.9961756721122983,8.681805824006124
238,-43.45953968253972,5.339262676691708,-46.277067152247064,-26.629603174603194,0.31003492151259215,-26.8340487098407,1.1506190476190485,1.4398589581448473,-3.160658816218755,14.612650793650806,2.149947441628208,8.633603220718571
239,-43.429476190476215,5.365120362081553,-46.24301432740324,-26.40633333333335,0.470021740061039,-26.84291570171091,1.1746190476190483,1.6106123850027096,-3.2234447427029274,14.40511111111112,2.3983333622229703,8.585055884391208
240,-43.542460317460346,5.442025403011685,-46.21370258402832,-26.56617460317462,0.370990104784917,-26.854451442877675,0.8208571428571432,1.8511287621009935,-3.282807452667786,13.958777777777788,2.5937759391132875,8.537110815973115
241,-43.824920634920666,5.564532037414695,-46.229829354599985,-27.13038095238097,0.32042397862378785,-26.87795101030628,0.3754285714285717,1.9375842616451708,-3.340877399904158,13.633015873015884,2.5612483736538474,8.489929160244836
242,-44.01571428571432,5.681733103859429,-46.25839481465665,-27.523126984127003,0.5347897237483711,-26.91508662522018,0.09903174603174618,1.8450944833686227,-3.3984011140539514,13.647492063492072,2.308852654948458,8.44305186989939
243,-43.952984126984155,5.59136519724472,-46.30997392646981,-27.481698412698435,0.7158277325275823,-26.960366506941227,0.22819047619047642,1.6761860080658353,-3.4519276972676955,13.92631746031747,1.9854724157695596,8.396111666591997
244,-43.771888888888924,5.412645870968747,-46.3807952981914,-27.23280952380954,0.7599529841844321,-27.0185059896387,0.47966666666666713,1.5320630440108816,-3.5214759644734706,14.245126984126996,1.7907874607710514,8.348935471488522
245,-43.60174603174607,5.268015295650047,-46.45746037619338,-26.91731746031748,0.564191065890749,-27.08631601447419,0.7499206349206354,1.3158971287545052,-3.584690976336949,14.46204761904763,1.688714592092157,8.301497213764847
246,-43.520412698412734,5.169485481248743,-46.50085929990596,-26.76782539682542,0.4647854992818245,-27.147043816123475,0.8694603174603183,1.1925716460722064,-3.640340092726884,14.550857142857154,1.6886875321547,8.254762443582992
247,-43.54504761904766,5.197868988020853,-46.50449431341849,-26.6359523809524,0.4065405802453723,-27.187367910625113,0.9136190476190483,1.129414258653256,-3.6986674374520736,14.663793650793659,1.6987215381567213,8.20878666859553
248,-43.58714285714289,5.312843806419829,-46.50896078445739,-26.443761904761924,0.552570261074588,-27.21845063484031,0.9243333333333338,1.0923310809805753,-3.754859664339054,14.725873015873027,1.6954713593156077,8.16315927014023
249,-43.622507936507965,5.404399935458468,-46.538819803874276,-26.252920634920656,0.6676223022209316,-27.254596909677918,0.9775238095238102,1.148392833715494,-3.8110571467614673,14.703476190476202,1.7412945000496773,8.117532443251195
250,-43.74331746031749,5.532607843687124,-46.60409388597967,-26.235761904761926,0.6673331945831807,-27.305158279667157,0.9059841269841277,1.2986227637926522,-3.8708240634309834,14.593571428571437,1.8016994379478062,8.071658114332068
251,-43.969730158730194,5.655979538500341,-46.66777213603017,-26.586190476190495,0.4447805951003014,-27.3657383324969,0.5267460317460321,1.4548557147248924,-3.9379187663200876,14.25379365079366,1.9030689717432459,8.025382164874436
252,-44.221952380952416,5.722290067713072,-46.73627726914757,-27.20285714285716,0.3799918555438617,-27.43029526972219,0.04406349206349206,1.6124970240460363,-4.002842210908345,13.872650793650806,2.0269972068912137,7.97969283090007
253,-44.29804761904765,5.681272453429631,-46.80291284967191,-27.603111111111133,0.556038198286903,-27.495849988207596,-0.3955555555555558,1.745003713734543,-4.060807396629393,13.512809523809535,2.1878246075102834,7.934813579631654
254,-44.275746031746074,5.596024946114064,-46.86553373251403,-27.862809523809545,0.5953372038125859,-27.55756906904105,-0.7370476190476197,1.7846225039154602,-4.1149665108201585,13.226682539682548,2.2808766541979892,7.890269269173525
255,-44.249555555555595,5.519691989879453,-46.95124623787927,-28.0309523809524,0.583596248492677,-27.62497416828089,-0.919095238095239,1.8056644208589432,-4.18068015886018,13.030460317460326,2.341221284995549,7.845764894103957
256,-44.32520634920638,5.539973737991612,-47.08037764486076,-28.204333333333352,0.539065234021461,-27.710030361349386,-1.0061587301587307,1.8004201190106368,-4.244014943781228,13.017555555555566,2.3137496221356764,7.801046657524322
257,-44.44736507936511,5.571028652743147,-47.176116322513025,-28.476428571428595,0.5936370359580605,-27.79873469819829,-1.1929841269841275,1.826056350351382,-4.307277137903314,12.972619047619057,2.2796210450080396,7.755876340089006
258,-44.55417460317464,5.621268437802652,-47.22908513763085,-28.671174603174624,0.7232637532671771,-27.868398002066566,-1.2624761904761919,1.8411877457751962,-4.372772668214449,13.037365079365088,2.1947991162049063,7.7113847539657305
259,-44.546603174603206,5.587393759430933,-47.239106500954996,-28.72225396825399,0.9794025722801976,-27.918080542120283,-1.3140793650793663,1.9207964996312654,-4.4345897324243495,12.996777777777789,2.1976664691324332,7.667738305108091
260,-44.497238095238124,5.522795724496111,-47.229109322120415,-28.714380952380974,1.2438811055874655,-27.948509282028954,-1.3708095238095248,2.0166895407334544,-4.487993579375361,12.944968253968264,2.2114052350554494,7.624284951742919
261,-44.42249206349209,5.446089248677475,-47.21877521903314,-28.633317460317482,1.446850639924676,-27.969516090033423,-1.358968253968255,2.0943771817753962,-4.536150439351467,12.918857142857155,2.2734312237454057,7.580750074456467
262,-44.38682539682543,5.417767157026047,-47.24308472328994,-28.51222222222224,1.5507672266274093,-27.996674499500795,-1.294111111111112,2.104176881515062,-4.5917807635515615,12.929111111111121,2.33890614947768,7.537024480284962
263,-44.349968253968285,5.402077572846272,-47.27867461613413,-28.356984126984145,1.5398210972674138,-28.0375150398862,-1.2370000000000008,2.031284930253766,-4.653714723112768,12.920349206349215,2.357616842569388,7.492902240602473
264,-44.3954920634921,5.477746949428694,-47.30761432522894,-28.27457142857145,1.4633257095654182,-28.08080137903978,-1.2008095238095247,1.945384318881016,-4.711599260193253,12.97715873015874,2.3098988118612587,7.4491578234209355
265,-44.52609523809527,5.6074598323778435,-47.323596100133805,-28.333809523809546,1.4165153812778835,-28.118967227335744,-1.2733650793650804,1.8946290521233748,-4.7697131327525595,12.957492063492074,2.2495355009462834,7.4063100456097
266,-44.689809523809565,5.727045470340707,-47.354862797351245,-28.53431746031748,1.399721671213858,-28.158357549624238,-1.5007936507936517,1.889627386580726,-4.825287913101202,12.849587301587311,2.2063248209797806,7.363749418010143
267,-44.830380952380985,5.800421309078493,-47.39675974415125,-28.7665396825397,1.3201185699779812,-28.202675377304207,-1.6351746031746046,1.8546020206030454,-4.8743493891958956,12.801000000000009,2.156051341632455,7.321116191578757
268,-44.94628571428575,5.8539453119278155,-47.439610607538754,-28.947142857142875,1.2270497519360748,-28.247734534297933,-1.6476825396825412,1.7930424007519838,-4.9213040933713295,12.799507936507945,2.112128241845776,7.278348271415674
269,-44.9676666666667,5.834492007828792,-47.465495351872015,-29.00209523809526,1.1440005034646787,-28.28836837102465,-1.5681904761904775,1.6999376448036896,-4.970445793424209,12.822460317460326,2.046444404369777,7.235364648021104
270,-44.86063492063496,5.71397864950988,-47.47039245947385,-28.87652380952383,1.105259872719258,-28.322585667325544,-1.3976507936507945,1.6358327676719806,-5.036452125718342,12.874460317460327,2.013811539620227,7.192338517315254
271,-44.70641269841273,5.56764171687421,-47.47574238103369,-28.604507936507957,1.2057081074258489,-28.352983932578727,-1.2404444444444451,1.67544854348604,-5.09191152013031,12.909920634920644,2.055291866643877,7.150374645950424
272,-44.58728571428575,5.428005700123619,-47.49005873248081,-28.451222222222242,1.3416203919664045,-28.383385652648716,-1.2793492063492073,1.7598806851463331,-5.140695406357344,12.863936507936517,2.1297737991688477,7.10886789834305
273,-44.544746031746065,5.3517322276278785,-47.51501688922887,-28.443111111111133,1.29389145838129,-28.418039534032303,-1.3164603174603184,1.6987799553234442,-5.197569049434164,12.848349206349218,2.1619992221747704,7.06732845417092
274,-44.60915873015876,5.382447841239941,-47.53321282720605,-28.607571428571447,1.116025977571879,-28.452898613122898,-1.5285238095238105,1.6440859768176845,-5.244206045479284,12.802650793650804,2.201916087418926,7.025603204234762
275,-44.7054920634921,5.449506044958466,-47.54572019725896,-28.861190476190497,0.8994471557245841,-28.482942921236432,-1.439000000000001,1.4413507902412594,-5.288662790838859,12.714793650793661,2.2327061027923527,6.983721569267726
276,-44.740031746031775,5.482004510694832,-47.56235833822344,-28.98600000000002,0.8133788689345987,-28.51218923460753,-1.0385555555555563,1.2207670111409672,-5.336968154594486,12.640031746031754,2.275460921193787,6.941595333317419
277,-44.75633333333337,5.508827382415583,-47.58728434333074,-28.96788888888891,0.9043537727480867,-28.545976396713456,-0.5090000000000005,1.220767073263993,-5.394689087124415,12.64684126984128,2.3381793450319197,6.899896444517268
278,-44.80509523809527,5.548959964722965,-47.62791266786303,-28.981587301587325,1.0929120857418013,-28.588699310635416,-0.3113333333333334,1.3621767102775906,-5.452924547202442,12.581238095238104,2.375931893714056,6.85931451399586
279,-44.873523809523846,5.606846472670966,-47.67961221199366,-29.021920634920658,1.1531080502758555,-28.63846108339745,-0.47103174603174636,1.3277323521864575,-5.506233554312982,12.535444444444451,2.35304549805103,6.8188632043128825
280,-44.949714285714315,5.710021491541209,-47.73443101219224,-29.029984126984147,1.1284222312248193,-28.691941165234,-1.0533492063492071,1.308157105375987,-5.565709632216785,12.43157142857144,2.31626344653226,6.778181093678327
281,-44.98292063492067,5.787856872615167,-47.78203512547906,-28.967888888888908,1.0815322751690315,-28.745008588261864,-1.4010476190476204,1.3751954553584014,-5.617334166233193,12.35638095238096,2.2958035878825847,6.73726905349029
282,-44.99636507936511,5.825767484682887,-47.81525407657677,-28.918238095238113,1.0942406393109243,-28.791077167724172,-1.6137619047619058,1.461148109082111,-5.665959950264646,12.293936507936516,2.279283779831901,6.696203559409258
283,-45.03038095238099,5.848477968238709,-47.84256183124322,-28.92909523809526,1.0991752033866062,-28.831255051103508,-1.6517301587301596,1.4695412513066848,-5.718242426379656,12.304698412698421,2.240299539336453,6.655135750334682
284,-45.10146031746035,5.880738356258037,-47.87288564976347,-28.991952380952398,1.1413907272004087,-28.871037046559184,-1.693793650793652,1.4599697975560195,-5.769954285656309,12.286079365079374,2.1786655537535187,6.615481244214337
285,-45.16780952380956,5.886851975881601,-47.89361469896901,-29.0849523809524,1.0960175683829543,-28.908805375469104,-1.6877301587301599,1.401440564412474,-5.8263707310953095,12.274777777777786,2.0983659056930133,6.576432788905646
286,-45.20223809523812,5.9118212510323165,-47.912976047644264,-29.11041269841272,1.073859248605268,-28.944665934369137,-1.6745079365079374,1.3941048749532288,-5.878737540453341,12.21793650793652,2.0916297584322354,6.537094852172089
287,-45.174888888888916,5.889056950474842,-47.91951140416604,-29.058539682539703,1.063209104385053,-28.97554870285511,-1.6599365079365096,1.3854846589684195,-5.925675418959429,12.132158730158741,2.1419344080915255,6.497269121257035
288,-45.1300158730159,5.819842173973209,-47.917722273912624,-29.07101587301589,1.0583749756420235,-29.000360161966103,-1.734698412698414,1.3988575344231806,-5.9780138878072115,12.159222222222231,2.1717148979862793,6.457053306828963
289,-45.153333333333364,5.791475109117834,-47.92603080914291,-29.216634920634945,1.0310900708424908,-29.024380971243318,-1.8862698412698424,1.4315417443916916,-6.020668325547707,12.323460317460325,2.161895822359907,6.416617416387929
290,-45.222841269841304,5.824384949984286,-47.950306376064255,-29.367555555555573,1.1054205016701688,-29.053453910265528,-2.0468571428571445,1.514283475839417,-6.066874760302691,12.508777777777786,2.195327116146565,6.376673619581855
291,-45.29298412698416,5.8867139030375615,-47.99146174044847,-29.47434920634923,1.1586134499824456,-29.090843835447796,-2.1106666666666682,1.5407214034122887,-6.11133715912477,12.63461904761906,2.2212739140433313,6.338431432240719
292,-45.36863492063495,5.98626932194082,-48.031839479335595,-29.55746031746034,1.2280666581278237,-29.132360142678397,-2.141666666666668,1.5581315794554873,-6.155372047794572,12.635555555555564,2.2351706906017217,6.300509620507019
293,-45.41426984126988,6.049459341941728,-48.06537963018593,-29.59257142857145,1.2559332898571596,-29.17286464696356,-2.094873015873017,1.510985414606789,-6.206883687335289,12.521857142857153,2.208652992908552,6.262190469534172
294,-45.35368253968257,6.004500435776916,-48.09818723639217,-29.498761904761924,1.2392905222296677,-29.21388242901699,-1.9582222222222236,1.4208167507117349,-6.256789820393375,12.496984126984136,2.170283489208814,6.223264286094761
295,-45.301253968254,5.949096063270261,-48.13124306093787,-29.382444444444463,1.2081645394133198,-29.25485006079911,-1.8336349206349218,1.344846373739186,-6.309604601604325,12.534492063492072,2.0995621590015423,6.183849887953371
296,-45.2360158730159,5.892196566748633,-48.16838620881845,-29.214507936507957,1.2327631152054879,-29.297287616112044,-1.7843809523809533,1.3528107234064823,-6.357919041555377,12.533349206349216,2.1168464919655237,6.144225810994811
297,-45.16173015873019,5.8421151719896525,-48.205358418814846,-29.0367777777778,1.2973434762968712,-29.340151540796814,-1.7716825396825413,1.377144817758966,-6.408273318643141,12.472634920634931,2.185301311287219,6.106019911065775
298,-45.07503174603178,5.767140973398754,-48.23083526232551,-28.917904761904783,1.3237917641837151,-29.37973452319495,-1.850079365079366,1.4153356960548575,-6.456056142659965,12.319460317460326,2.2983528471006727,6.069374879922841
299,-45.05111111111114,5.723707004425718,-48.247500281129156,-28.960380952380973,1.3450136795534617,-29.41338011648484,-1.9916666666666683,1.4739026213640432,-6.501842710648769,12.149587301587308,2.416563087362469,6.032738843411972
300,-44.98655555555559,5.658935877558077,-48.263441161557914,-28.937365079365097,1.3342485301043683,-29.443721074923886,-2.017650793650795,1.4660096161033311,-6.546848965233459,12.149301587301595,2.39538931428572,5.995562443475379
301,-44.94201587301591,5.622559588817718,-48.27932365516282,-28.865682539682563,1.2524814074424089,-29.473284687807006,-1.9317777777777791,1.3622215752422338,-6.595855997939768,12.275682539682549,2.2260906777279716,5.957669798753945
302,-44.91519047619051,5.570777293435922,-48.28501019210321,-28.851269841269858,1.1193007016528609,-29.501601108057837,-1.8276031746031756,1.2198331163301164,-6.646921864060581,12.429920634920643,2.0173152890187125,5.918993886656352
303,-44.87836507936512,5.508379297946714,-48.28644357769766,-28.85579365079367,1.005438997516701,-29.526372138131013,-1.7228253968253984,1.0873501218457449,-6.697312732576261,12.595126984126992,1.8040748527503048,5.879723714825076
304,-44.82239682539686,5.418177473332444,-48.286159937443735,-28.89104761904764,0.9484241722092709,-29.54950436561258,-1.6880952380952394,1.0299255581491313,-6.74466464352281,12.684095238095248,1.6660740132226746,5.842139376388808
305,-44.871952380952415,5.433073488701924,-48.292644626182444,-29.04911111111113,0.9616486215362644,-29.572404993431935,-1.7898412698412713,1.0733418600573046,-6.787149140842179,12.658412698412706,1.6242429297165482,5.806358828213104
306,-44.928746031746066,5.4973584714403785,-48.30727523114373,-29.12282539682542,0.9995571874208438,-29.597172690704237,-1.8601111111111124,1.116938541490701,-6.826191754768554,12.660190476190484,1.6026354388825335,5.770628828751735
307,-44.93553968253971,5.527714943318175,-48.323426097472186,-29.074111111111133,0.9951468088055335,-29.623131562776646,-1.8507460317460331,1.1043436647879,-6.864416703509764,12.666698412698421,1.5839151532351812,5.7343904582799885
308,-44.89531746031749,5.484806254236375,-48.33800621725235,-28.982126984127007,0.9854168212819426,-29.64888206708144,-1.793476190476192,1.075688383015499,-6.903281713573494,12.68863492063493,1.568883842485446,5.697481901806781
309,-44.81000000000003,5.409148269646846,-48.36134264411728,-28.85528571428573,1.012312223099692,-29.67691791785427,-1.7352698412698426,1.0572175986496033,-6.943719856711977,12.719746031746041,1.5618164261541088,5.65983931229909
310,-44.70436507936511,5.294101565134564,-48.38618006744331,-28.702666666666687,1.0869484349437932,-29.709112122739374,-1.6268253968253978,1.0477750952803504,-6.992843454105852,12.806984126984139,1.5542994752963568,5.6216395881257055
311,-44.609904761904794,5.186315776549787,-48.42613795435176,-28.57663492063494,1.1762924823491991,-29.7472657551003,-1.5808412698412713,1.062055552441898,-7.041942360714678,12.781730158730168,1.5780443421622181,5.585757964408696
312,-44.472253968253995,5.042807867494122,-48.47454192988628,-28.41720634920637,1.268991396453544,-29.79302228949479,-1.5712063492063502,1.0956379730098973,-7.091016270349471,12.700825396825408,1.6261958633235598,5.551272532326224
313,-44.41588888888892,4.963581059678998,-48.52132838401753,-28.40315873015875,1.3257801172800714,-29.83986359086353,-1.673968253968255,1.1398852173100489,-7.13497579513272,12.531460317460327,1.6836167629944572,5.516815547164479
314,-44.47701587301591,4.9865491148013446,-48.575946752187384,-28.55198412698415,1.2817778685907981,-29.887484759332413,-1.878746031746033,1.1758861062172055,-7.177742454565895,12.265523809523819,1.7597777888736856,5.481909533075388
315,-44.65031746031749,5.131443602039988,-48.617039677127565,-28.851222222222244,1.2173323405967835,-29.933308478889984,-2.1638571428571445,1.2296981261600282,-7.220925785785408,11.92900000000001,1.8747129164953182,5.446361124804137
316,-44.85976190476194,5.333591218042415,-48.6444664030415,-29.10320634920637,1.0963568497071225,-29.97211244053995,-2.319047619047621,1.2274314764900158,-7.264508601215277,11.629380952380961,1.984627078373075,5.410069746959309
317,-45.050698412698445,5.490358700014499,-48.67483405115687,-29.355968253968275,0.9789341564377366,-30.00845749077271,-2.428444444444446,1.2216657059121232,-7.308637216925436,11.669349206349215,1.9870955597727136,5.372967763307922
318,-45.14141269841273,5.553553719179876,-48.70883056301503,-29.496238095238116,0.9559495558281214,-30.046404282491462,-2.445349206349208,1.2096115779720877,-7.357264501705395,12.023857142857151,2.033964919381077,5.337576995544481
319,-45.23617460317464,5.598646538831282,-48.744274654531694,-29.663492063492086,1.0283880352868708,-30.087361241246764,-2.510174603174605,1.2428445642899748,-7.408857831546705,12.461380952380962,2.2542020033612067,5.303580754261824
320,-45.302603174603206,5.621925874975035,-48.796628446901906,-29.799857142857164,1.114492826702342,-30.133779824430462,-2.5755873015873036,1.2757171028406824,-7.458978535931109,12.823650793650804,2.507862913125535,5.269647248921319
321,-45.36333333333337,5.655173109059003,-48.82706117040598,-29.902190476190498,1.2559863520569365,-30.17766593305032,-2.6418571428571447,1.3088144038071263,-7.501513918138371,12.88620634920636,2.593365301456332,5.235486195498583
322,-45.41828571428575,5.7210974458475095,-48.8282644963464,-29.931365079365104,1.3493556387060206,-30.206493728056646,-2.6783015873015894,1.322711893454664,-7.540685829729036,12.713730158730167,2.420525586705958,5.200856590534051
323,-45.519761904761936,5.8195737967104675,-48.809256731279696,-29.989333333333352,1.4082980998960501,-30.221512899935743,-2.686761904761907,1.3215397553682975,-7.577333516921478,12.638063492063502,2.295130540576446,5.165586889854284
324,-45.5960793650794,5.9014351615079645,-48.78088434116581,-30.010492063492084,1.4581617864333407,-30.227005996043534,-2.678174603174605,1.3145706852123835,-7.612336163533783,12.488460317460325,2.2253889801279207,5.129574594843114
325,-45.62568253968257,5.93577924116105,-48.76437401552667,-30.001000000000023,1.4748726775440621,-30.231609049116003,-2.7077301587301608,1.3263892730466862,-7.646996848942,12.310603174603182,2.231039845879663,5.093743740157553
326,-45.57595238095242,5.8879319371574494,-48.770424478711966,-29.9467777777778,1.4548485211357056,-30.244502045483888,-2.6914126984127003,1.2897071056024207,-7.684933131491243,12.138015873015881,2.265965297706629,5.060455635227738
327,-45.48706349206353,5.79367160385478,-48.77041487258645,-29.892142857142876,1.4244995883107536,-30.26253623293643,-2.7166349206349225,1.265636903988947,-7.727482984617846,11.869190476190482,2.3534678471959936,5.027092872198146
328,-45.42260317460321,5.732102239704013,-48.80370157086475,-29.8963650793651,1.4060024015222807,-30.289684102206262,-2.8278730158730183,1.2905001044270907,-7.770405373919272,11.699650793650802,2.3922566032055923,4.9935503689875205
329,-45.375238095238124,5.69217249399877,-48.84972997834564,-29.88715873015875,1.3926672246952028,-30.329182763634325,-2.8672222222222246,1.2969286741724293,-7.809590572095812,11.638428571428578,2.41462249662538,4.959870822794516
330,-45.32347619047622,5.63627647768275,-48.88216585004119,-29.854777777777798,1.367402021162012,-30.367650043667183,-2.8198253968253986,1.2710902666059638,-7.849157551782407,11.646031746031754,2.4069047289831853,4.92582071657456
331,-45.285396825396866,5.601041098649693,-48.90428160288922,-29.812873015873038,1.352035335429119,-30.400834789670103,-2.8996190476190495,1.324499982951111,-7.889575520931872,11.740031746031754,2.3620248845115195,4.891180324296559
332,-45.29295238095241,5.615476219550365,-48.92104635142109,-29.841619047619066,1.3867794313559918,-30.430268822547873,-2.7318253968253985,1.2364988463712174,-7.930494761129158,11.87515873015874,2.2470833923072093,4.856208763372056
333,-45.353825396825435,5.688682199600579,-48.9203491496273,-29.967063492063513,1.4159620342683248,-30.453597416653093,-2.448587301587303,1.1600826792196097,-7.971064709928562,12.017888888888896,2.07785085081347,4.8243077390896625
334,-45.461714285714315,5.811556269569837,-48.94683709164311,-30.157444444444465,1.4048197761373364,-30.479524620812825,-2.1344761904761924,1.2190516465087253,-8.01323130041939,12.167047619047628,1.8501405531784607,4.792574961804154
335,-45.495460317460356,5.863363772713289,-48.98898548545835,-30.22969841269843,1.377484122114207,-30.51658738666632,-1.7251746031746045,1.2363942654110978,-8.055362208401881,12.454777777777787,1.5664366252524324,4.759722998496649
336,-45.432666666666705,5.8256515527759944,-49.01525013491605,-30.116190476190496,1.3282942883838993,-30.5531333504953,-1.3206507936507945,1.140585142535241,-8.098069148361771,12.841190476190485,1.3251385141307512,4.726227188923934
337,-45.33506349206352,5.7517601349751875,-49.00902980919656,-29.925079365079387,1.3143549145956719,-30.579112907760457,-1.2850317460317469,0.9793442012387042,-8.14404635796536,13.128920634920647,1.2965473035353798,4.692668267878147
338,-45.24682539682542,5.690314571413673,-48.998923612560446,-29.757222222222243,1.2946252472681827,-30.59528664074502,-1.2406031746031754,0.9503205734066058,-8.181344260975287,13.33658730158731,1.3121354820694473,4.658930754869637
339,-45.19458730158734,5.6734242716580265,-48.989707146803404,-29.655190476190498,1.2263403573061098,-30.60820859905203,-1.2968888888888896,1.0244009773071714,-8.215418831252792,13.378206349206359,1.398931633801089,4.624719724883055
340,-45.16436507936512,5.640714831051174,-48.99261274757006,-29.669571428571448,1.1162542159735664,-30.622195417371984,-1.4710317460317472,1.1781139651965695,-8.248686713567155,13.151857142857153,1.595654903851216,4.59250658118055
341,-45.155571428571456,5.618480565414963,-49.01919354044833,-29.7183650793651,1.0721308020899896,-30.64476863894512,-1.5681587301587314,1.2326666609435686,-8.282785819261628,13.127428571428581,1.6069448656408147,4.5624676887631255
342,-45.13884126984129,5.590362322353331,-49.035100026435764,-29.662079365079382,1.087948517193945,-30.67116096581405,-1.4310793650793663,1.0835062217995144,-8.320178776844289,13.338285714285723,1.444958174037074,4.531553669868074
343,-45.13522222222226,5.554040737606379,-49.027710761256515,-29.593238095238117,1.178907179047732,-30.689904683776565,-1.2148412698412707,0.8505270063087771,-8.356782351019936,13.612412698412706,1.2770571602030198,4.499299946040451
344,-45.14419047619051,5.523214804602282,-49.02648865635425,-29.56993650793653,1.2365385941754363,-30.704711456453122,-1.0542539682539689,0.6558187870373123,-8.391334809215921,13.770412698412708,1.1048244427884086,4.4660887964817695
345,-45.16292063492066,5.517829942045824,-49.04330843903083,-29.586714285714308,1.2573818625016624,-30.724737946269737,-1.0359206349206358,0.6016299210098945,-8.42374973154269,13.776047619047631,1.2019785364624462,4.432632988675792
346,-45.142301587301624,5.465418849231129,-49.09218717836527,-29.61188888888891,1.1559973506801584,-30.75778913669141,-1.160476190476191,0.7153347999638386,-8.46484515666928,13.506936507936517,1.4762249922573403,4.399264941839639
347,-45.15358730158733,5.460086863047899,-49.16290661519199,-29.66311111111113,1.0179131017137288,-30.805838190368434,-1.322142857142858,0.879043968074415,-8.50258328521543,13.456174603174611,1.7483442819259352,4.365757471235372
348,-45.14828571428575,5.434252344755928,-49.22940818333668,-29.63741269841272,0.93350060548908,-30.859194705872472,-1.3900000000000012,0.959786217614266,-8.541888046281949,13.497253968253977,1.982623214464015,4.3363018353659415
349,-45.10741269841273,5.366797905279264,-49.28641652806706,-29.560063492063517,0.9466912983977841,-30.91045478458561,-1.353063492063493,0.9413729625784474,-8.582701449403382,13.664730158730167,2.1455480811804475,4.307583973152206
350,-45.05730158730162,5.291847051138957,-49.34424995032504,-29.461761904761925,1.0303432501608045,-30.960879925381906,-1.316126984126985,0.9028522421060042,-8.626107007217785,13.797222222222231,2.1874390909275667,4.2776788588587245
351,-45.0503174603175,5.241959973792538,-49.39693180219907,-29.46004761904764,1.1473862225131541,-31.01077386566634,-1.343015873015874,0.9192186346082947,-8.669462788056313,13.87395238095239,2.3061548806039327,4.246327621713505
352,-45.106841269841304,5.25810200376864,-49.45000572616737,-29.539142857142878,1.212562815073457,-31.059425017741187,-1.4158730158730168,0.9815705269722141,-8.71272246494388,13.627333333333345,2.140477892013379,4.213787625647623
353,-45.205825396825425,5.32995107211042,-49.5073518958743,-29.65930158730161,1.265840275339151,-31.10931636634646,-1.4749682539682551,1.0131914215186357,-8.755464132456359,13.306730158730169,1.8961211040887211,4.18068195247243
354,-45.28571428571431,5.388521196119396,-49.56892144143266,-29.7223650793651,1.2829828120218782,-31.161068545541866,-1.4886507936507944,0.9992558143006762,-8.79904941007198,12.896396825396835,1.7229578178165927,4.147305773568174
355,-45.351063492063524,5.425542915338327,-49.625547272785745,-29.802587301587323,1.2272605780065853,-31.21322407521248,-1.5257142857142867,1.0240331527637108,-8.845463808566286,12.59885714285715,1.6430232630528188,4.1147215485902855
356,-45.40958730158733,5.469411930104932,-49.668530049478214,-29.86215873015875,1.137006108449975,-31.261332094685002,-1.5454285714285725,1.0367861590909389,-8.890821640834648,12.476412698412707,1.5640328964681567,4.087042603362725
357,-45.46900000000003,5.502718196653023,-49.68108744894257,-29.9581904761905,1.0187882283726089,-31.297446610317156,-1.5627619047619061,1.0412531728969803,-8.931914050844508,12.538253968253978,1.5612401742148028,4.059075463437481
358,-45.53023809523813,5.5296445521403905,-49.70031397665614,-30.041428571428593,0.9571460487193095,-31.32626706262063,-1.5553015873015885,1.0081269976227472,-8.971323342863215,12.573650793650804,1.5135489455854396,4.029724276120576
359,-45.57734920634923,5.485616751319154,-49.827760541959044,-30.06631746031748,0.9621033514682968,-31.383791737564323,-1.5188571428571438,0.9319552524625816,-9.010130850213988,12.497460317460328,1.497489281311972,3.9988320940646744
360,-45.64946031746035,5.359420488404449,-50.10698079322106,-30.012539682539707,0.9883071550655922,-31.508284114828925,-1.421777777777779,0.8109359160653373,-9.056933907478891,12.43690476190477,1.504203110782679,3.966662332655996
361,-45.832063492063526,5.259403296982694,-50.54721449022387,-29.975190476190495,1.0251679216468383,-31.717975144118174,-1.3912380952380963,0.8031957165177757,-9.119734781337037,12.382682539682548,1.550371702032156,3.9338483006384
362,-46.12393650793654,5.222786875730924,-51.109083953971115,-29.94534920634923,1.053746438816864,-32.01085843248023,-1.398968253968255,0.8495830720544594,-9.203703473071648,12.288317460317467,1.5805115778027883,3.9006248062830253
363,-46.56939682539686,5.275946571158424,-51.73187393873764,-30.02644444444447,1.0553035537592834,-32.36470322446683,-1.4423809523809534,0.9226903067207345,-9.313172656748304,12.230063492063502,1.640233103913158,3.86948203705264
364,-47.09673015873019,5.406946284848421,-52.386815960433864,-30.157650793650816,1.0571788944713152,-32.75747105331845,-1.4894126984126996,1.0107771466358209,-9.440967311517499,12.21963492063493,1.68170384959496,3.842235110867161
365,-47.6634285714286,5.533001604951248,-53.08039567797429,-30.35239682539685,1.057144907167086,-33.18121349069042,-1.5429365079365092,1.0696878700489258,-9.585336796591884,12.154809523809533,1.7086623916257762,3.8138743500872643
366,-48.295190476190506,5.630859494049147,-53.860499884466755,-30.608111111111132,1.0545290661107272,-33.64653941720329,-1.5468095238095252,1.065288115705485,-9.740004810908086,12.154158730158741,1.6755426213133904,3.7833680778106924
367,-48.97433333333337,5.729171434160051,-54.778521138856746,-30.850825396825417,1.1173148679917064,-34.17732564364366,-1.5332063492063506,1.0658330629914738,-9.907976846155872,12.17063492063493,1.6619130579984276,3.7505432857598167
