time_s,0.95mm_measured_mean_C,0.95mm_measured_sem_C,0.95mm_model_C,1.25mm_measured_mean_C,1.25mm_measured_sem_C,1.25mm_model_C,1.55mm_measured_mean_C,1.55mm_measured_sem_C,1.55mm_model_C,1.95mm_measured_mean_C,1.95mm_measured_sem_C,1.95mm_model_C
0,25.950557319224004,1.8056897618251355,30.73937037037039,29.544456790123476,0.6588742156700436,30.73937037037039,30.12670899470902,0.3318913576380448,30.73937037037039,30.352987654321005,0.21041238325415065,30.73937037037039
1,18.420809523809538,2.4703130565862845,26.1671702579641,27.06580070546739,1.050759318399071,29.303949387912464,29.094294532627885,0.4435921890735896,30.31371396375186,30.181731922398612,0.2321624148960724,30.660651342199824
2,9.040155202821873,2.7403542998699923,17.46713483776407,23.04985537918873,1.5016949026653001,24.914784040508913,27.257197530864218,0.7393808242787717,28.340000121412793,29.520266313933,0.434499962467866,30.06494536850757
3,1.2489717813051149,2.5458334402183995,8.563653365405996,18.898610229276912,1.8658780780898712,19.26830372349256,25.55495767195769,0.8640438776389628,25.092996587038968,28.96908465608468,0.46030693522450106,28.703059732811298
4,-3.9986137566137594,2.1374194773637276,0.8556542962543698,14.80036507936509,2.1206217564626697,13.515517697196483,23.749486772486787,1.0354075862733942,21.235145518200724,28.212649029982387,0.5136359565516119,26.71031770859745
5,-6.665663139329812,1.695083835903944,-4.384754757726693,11.081592592592601,2.2243594701221676,8.84312865559503,21.9583015873016,1.205104695323848,17.52853482064693,27.30172310405646,0.6022770896610175,24.398855812700237
6,-8.89112874779542,1.4351913017460298,-8.4632247961769,7.751511463844802,2.1721213975691334,5.013499609256769,20.079278659612005,1.3741857063057248,14.217225291121458,26.322363315696666,0.6975038756420521,22.057937952485602
7,-10.60943209876544,1.2542154556915246,-12.110102593247458,4.809065255731926,1.986923143289286,1.687012984185707,18.160643738977086,1.5141688462335827,11.245250185151383,25.331037037037053,0.8009863211252202,19.7997964236159
8,-11.98295943562611,1.20945387886516,-15.108256558180493,2.349232804232806,1.8321075836409755,-1.3670766950981326,16.269924162257507,1.6271393877176228,8.611379428554244,24.325320987654337,0.9249155827541364,17.669335130233616
9,-13.204324514991193,1.1678491393440653,-15.516143104513263,0.23743209876543248,1.7123263320954747,-3.1648853316806314,14.366809523809536,1.684367219283633,6.524112776497799,23.32505996472665,1.0631943071311658,15.749426481265825
10,-13.739659611992955,1.1915013979565823,-13.390832500964883,-1.212335097001765,1.6402586199331939,-4.089051223442827,12.599726631393306,1.7198360225957183,4.948527610075546,22.33306172839508,1.210345547566208,14.084396898925016
11,-13.129446208112883,1.1229015986456994,-6.867280833982516,-2.0158306878306886,1.499715863190753,-2.0707049222429337,10.967582010582017,1.7009495454654244,4.530393446519933,21.334252204585553,1.3506399961814575,12.909291431728686
12,-11.350680776014118,1.0750802166468019,-3.7608706713245192,-1.921112874779543,1.327495910657078,-0.5869496005122636,9.842038800705474,1.5374879421782082,4.813432889464097,20.4190687830688,1.4611322330817027,12.276704891858039
13,-8.882633156966497,1.0764601287503686,-2.5886379446389345,-1.214991181657849,1.1161013070258456,0.3209813764260848,9.316777777777784,1.3386480019710352,5.274777985864576,19.65182010582012,1.51938835259008,11.963594281386968
14,-6.365943562610234,1.0498224153495057,-1.6892809433373515,-0.21919223985890643,0.9636501825887466,1.1249611117287046,9.208973544973553,1.189766065919758,5.709030925245333,19.049712522045873,1.5397768679137107,11.841812374525182
15,-4.380283950617287,0.8806666553359684,-0.7233803954213102,0.7284250440917113,0.8455862031167419,1.981142475467286,9.340929453262795,1.1280921693468058,6.144586125682701,18.6278306878307,1.5251241880960542,11.819546997561678
16,-2.917158730158732,0.6971300742845569,-0.27204769570229037,1.5084074074074088,0.7732474640181928,2.5766037537629547,9.550324514991187,1.1348897454143911,6.579417848147831,18.31061375661377,1.483762462277114,11.862599019174793
17,-1.8022557319223997,0.5372805090278073,0.07732920464519738,2.1684462081128766,0.7069285016348571,3.0919256646357804,9.742417989417994,1.1314199450330997,6.966451833448248,18.058954144620824,1.4347952955479644,11.939770620755517
18,-1.0396895943562616,0.47189981216612725,0.4328271350619741,2.7188165784832474,0.6700803011416637,3.578235751415656,9.963234567901242,1.081913328024,7.318142893397749,17.80953086419754,1.3794356991771402,12.03161455156277
19,-0.6177513227513232,0.49768165342486465,0.8110326272617797,3.1205061728395087,0.6410420510799554,4.044086580103533,10.225610229276903,1.0393132275905042,7.643715451662583,17.594017636684317,1.3217142923555898,12.13390378141392
20,-0.2886560846560848,0.5342064525346184,1.2095977621342529,3.4556895943562633,0.6316884523443683,4.484788605191711,10.437971781305123,1.012939851403648,7.954414896195587,17.411742504409183,1.267254721361112,12.242614514841913
21,0.0253245149911817,0.5287578704258663,1.653768535172241,3.796084656084658,0.642742542118239,4.912294364610873,10.637301587301595,0.9875990372699942,8.249330106426946,17.25536860670195,1.218928759479059,12.356563968956575
22,0.36258201058201084,0.47603822147806407,2.085309368380084,4.147714285714288,0.6641883809879378,5.313610248803162,10.828141093474436,0.9633797564069747,8.528027830251236,17.130312169312184,1.1766276120191883,12.47332965271731
23,0.6791375661375666,0.4189143341457319,2.52098784408548,4.559172839506176,0.6908820851286189,5.695492870418053,11.073984126984135,0.9301835717514559,8.792601821805412,17.02879717813052,1.1407275837488215,12.591979558255913
24,0.921449735449736,0.38536105163036244,2.9419569672790704,4.945015873015876,0.7053484102283044,6.054598818538601,11.299730158730167,0.8980366518368443,9.04433037542648,16.94309876543211,1.1065988447223571,12.711302539107033
