series,time_min,front_radius_mm,front_sd_mm
3 min,0.0,0.030808080808080892,0.036286714928271624
3 min,0.016666666666666666,0.10291375291375326,0.05585184762946281
3 min,0.03333333333333333,0.20532245532245602,0.07467283289906908
3 min,0.05,0.3296814296814308,0.09258992875029623
3 min,0.06666666666666667,0.46709401709401865,0.1094105523431497
3 min,0.08333333333333333,0.6021756021756043,0.12687652867557556
3 min,0.1,0.7253302253302278,0.1338220565580555
3 min,0.11666666666666667,0.8219891219891248,0.14732078852573247
3 min,0.13333333333333333,0.903690753690757,0.17090297561294363
3 min,0.15,0.9733877233877267,0.18821161617804805
3 min,0.16666666666666666,1.038500388500392,0.20183832191640855
3 min,0.18333333333333332,1.1006993006993047,0.21575680519724794
3 min,0.2,1.1607226107226147,0.2217268611859955
3 min,0.21666666666666667,1.2151903651903695,0.2282247780891572
3 min,0.23333333333333334,1.2678321678321722,0.23689434278775715
3 min,0.25,1.3178710178710222,0.2447443608369345
3 min,0.26666666666666666,1.364296814296819,0.24816974178414714
3 min,0.2833333333333333,1.4033411033411083,0.2528808952145485
3 min,0.3,1.4425019425019476,0.2581156678886579
3 min,0.31666666666666665,1.480574980574986,0.26769571454477825
3 min,0.3333333333333333,1.5149961149961202,0.2730108092016279
3 min,0.35,1.5499222999223052,0.2780602586307882
3 min,0.36666666666666664,1.5822066822066878,0.2793181955616407
3 min,0.38333333333333336,1.608080808080814,0.2877946030028894
3 min,0.4,1.6350427350427408,0.2951808637090179
3 min,0.4166666666666667,1.6569541569541628,0.29670037975802366
3 min,0.43333333333333335,1.6740093240093301,0.30382913496433933
3 min,0.45,1.689937839937846,0.3063600893840412
3 min,0.4666666666666667,1.7074592074592134,0.31034227151861404
3 min,0.48333333333333334,1.7275446775446839,0.3149747126984915
3 min,0.5,1.7480186480186541,0.31145916306219307
3 min,0.5166666666666667,1.7702408702408765,0.31289252061042616
3 min,0.5333333333333333,1.7920357420357482,0.31037491324787286
3 min,0.55,1.8150349650349713,0.3131104862523206
3 min,0.5666666666666667,1.8356643356643423,0.3139542085549575
3 min,0.5833333333333334,1.8562937062937133,0.314297188803967
3 min,0.6,1.8757575757575826,0.3210172659672717
3 min,0.6166666666666667,1.8950271950272017,0.32017346774858013
3 min,0.6333333333333333,1.9164724164724234,0.32331049016912095
3 min,0.65,1.9365190365190434,0.3239631862763065
3 min,0.6666666666666666,1.9589355089355158,0.32354054457853276
3 min,0.6833333333333333,1.9794094794094863,0.32549668891091244
3 min,0.7,1.9993006993007065,0.32458595582491284
3 min,0.7166666666666667,2.0213675213675284,0.3258383623205433
3 min,0.7333333333333333,2.0381507381507453,0.32695365444589497
3 min,0.75,2.0559440559440634,0.3293075993942959
3 min,0.7666666666666667,2.0729603729603805,0.3318301560153798
3 min,0.7833333333333333,2.088811188811196,0.32752301494308445
3 min,0.8,2.106643356643364,0.32755732863826825
3 min,0.8166666666666667,2.1215229215229288,0.3323306429669511
3 min,0.8333333333333334,2.1401320901320973,0.3338919828991167
3 min,0.85,2.1589355089355164,0.3366657145774441
3 min,0.8666666666666667,2.174397824397832,0.34292632483729957
3 min,0.8833333333333333,2.193201243201251,0.3447228386486667
3 min,0.9,2.21181041181042,0.34647962215422445
3 min,0.9166666666666666,2.2252913752913837,0.34864065547835366
3 min,0.9333333333333333,2.244871794871803,0.3492041104017406
3 min,0.95,2.2634809634809714,0.34796723888096237
3 min,0.9666666666666667,2.279720279720288,0.3500011352265016
3 min,0.9833333333333333,2.296736596736605,0.35305197974481056
3 min,1.0,2.316938616938625,0.3524926582497872
3 min,1.0166666666666666,2.3343822843822926,0.35199388143886634
3 min,1.0333333333333334,2.3490675990676073,0.35713005996918284
3 min,1.05,2.366938616938625,0.35751469947943
3 min,1.0666666666666667,2.38205128205129,0.35681851066704273
3 min,1.0833333333333333,2.395804195804204,0.35833746807588795
3 min,1.1,2.4131313131313217,0.3637171088988813
3 min,1.1166666666666667,2.428477078477087,0.36528797372722455
3 min,1.1333333333333333,2.440093240093249,0.3669793839568293
3 min,1.15,2.4564491064491154,0.37136800111534285
3 min,1.1666666666666667,2.473387723387732,0.37269444502756066
3 min,1.1833333333333333,2.4846153846153936,0.3686802795802149
3 min,1.2,2.500000000000009,0.3702113662033627
3 min,1.2166666666666666,2.515384615384624,0.3715283247217994
3 min,1.2333333333333334,2.526612276612285,0.36687177496032053
3 min,1.25,2.5435508935509024,0.36712757834898313
3 min,1.2666666666666666,2.5599067599067684,0.3700172987745193
3 min,1.2833333333333334,2.5729215229215314,0.3701499129413986
3 min,1.3,2.5865190365190456,0.3728020540240689
3 min,1.3166666666666667,2.602486402486411,0.37782357010293477
3 min,1.3333333333333333,2.618065268065277,0.3772184264571243
3 min,1.35,2.6290986790986883,0.37870412769403083
3 min,1.3666666666666667,2.6454545454545553,0.3826845137461353
3 min,1.3833333333333333,2.66083916083917,0.3868811485001699
3 min,1.4,2.672494172494182,0.3859030086606041
3 min,1.4166666666666667,2.6878787878787973,0.38595785173661756
3 min,1.4333333333333333,2.7042346542346642,0.38569836594967405
3 min,1.45,2.716666666666676,0.3832562536337804
3 min,1.4666666666666666,2.731895881895891,0.38190406020268963
3 min,1.4833333333333334,2.7447552447552543,0.3841882716074485
3 min,1.5,2.7574203574203673,0.38501788964601147
3 min,1.5166666666666666,2.768531468531479,0.387247257974757
3 min,1.5333333333333334,2.782400932400942,0.38857822297013506
3 min,1.55,2.795260295260305,0.3936254402523044
3 min,1.5666666666666667,2.807148407148417,0.39657968816173617
3 min,1.5833333333333333,2.8202408702408803,0.39464154469770574
3 min,1.6,2.8343045843045944,0.3927819835100813
3 min,1.6166666666666667,2.8469696969697065,0.3933790056733546
3 min,1.6333333333333333,2.8604118104118204,0.393477733184375
3 min,1.65,2.873271173271184,0.3959325096995211
3 min,1.6666666666666667,2.8891219891219992,0.39602069389642114
3 min,1.6833333333333333,2.901048951048961,0.39466175590962477
3 min,1.7,2.9102175602175704,0.39745639734967575
3 min,1.7166666666666666,2.922338772338782,0.4025363205505811
3 min,1.7333333333333334,2.9364413364413466,0.4037818523279098
3 min,1.75,2.947008547008557,0.4025423187737681
3 min,1.7666666666666666,2.955205905205915,0.40441842149869983
3 min,1.7833333333333334,2.9667443667443774,0.407541862836712
3 min,1.8,2.9806526806526916,0.4057929696033736
3 min,1.8166666666666667,2.994949494949506,0.4052437092131622
3 min,1.8333333333333333,3.007653457653469,0.40316222424425496
3 min,1.85,3.0177933177933287,0.40580885711763454
3 min,1.8666666666666667,3.0289432789432897,0.40855591491412724
3 min,1.8833333333333333,3.043667443667455,0.4100063657716735
3 min,1.9,3.0554390054390166,0.40865538043106314
3 min,1.9166666666666667,3.063675213675225,0.40853009422889935
3 min,1.9333333333333333,3.070940170940182,0.4131735559625412
3 min,1.95,3.0833333333333437,0.41547446051359793
3 min,1.9666666666666666,3.094327894327905,0.41392797862285935
3 min,1.9833333333333334,3.1047397047397154,0.412887152028051
3 min,2.0,3.1139860139860254,0.4150963826388733
3 min,2.0166666666666666,3.123620823620835,0.4191356735746944
3 min,2.033333333333333,3.135198135198147,0.4168118825780257
3 min,2.05,3.1481351981352095,0.41473864300448215
3 min,2.066666666666667,3.159712509712521,0.4123785422938506
3 min,2.0833333333333335,3.170745920745932,0.4140846221838567
3 min,2.1,3.17824397824399,0.41891008577501637
3 min,2.1166666666666667,3.18869463869465,0.4205361269082404
3 min,2.1333333333333333,3.196969696969708,0.420567430104229
3 min,2.15,3.207420357420369,0.4237717679801243
3 min,2.1666666666666665,3.216317016317028,0.42821445531915936
3 min,2.183333333333333,3.222066822066833,0.4285104974224241
3 min,2.2,3.231157731157742,0.4265347948659346
3 min,2.216666666666667,3.2433954933955045,0.4264254152933412
3 min,2.2333333333333334,3.254040404040415,0.4261291789509007
3 min,2.25,3.2628982128982242,0.4240699254159531
3 min,2.2666666666666666,3.2693861693861805,0.4268821207791378
3 min,2.283333333333333,3.2810023310023424,0.4287493473121748
3 min,2.3,3.2926184926185043,0.4298356743739542
3 min,2.316666666666667,3.305439005439017,0.43055583284389276
3 min,2.3333333333333335,3.3147241647241765,0.42871398782745634
3 min,2.35,3.31888111888113,0.431107070308622
3 min,2.3666666666666667,3.3289432789432905,0.43211486943717115
3 min,2.3833333333333333,3.3397824397824514,0.431901454571994
3 min,2.4,3.3476689976690093,0.4283894853555327
3 min,2.4166666666666665,3.3569541569541688,0.4266677084717091
3 min,2.433333333333333,3.3674436674436796,0.4310731211866967
3 min,2.45,3.3765345765345884,0.43626647208059127
3 min,2.466666666666667,3.387567987568,0.4391516670216438
3 min,2.4833333333333334,3.396814296814309,0.4376513656522964
3 min,2.5,3.405089355089367,0.43643958377705433
3 min,2.5166666666666666,3.413209013209025,0.4401903372004227
3 min,2.533333333333333,3.424514374514387,0.44157523077212807
3 min,2.55,3.433255633255645,0.44417190621907543
3 min,2.566666666666667,3.43822843822845,0.4406519683909914
3 min,2.5833333333333335,3.4473193473193593,0.4409404878850967
3 min,2.6,3.4567987567987686,0.4429601243438336
3 min,2.6166666666666667,3.4643356643356764,0.446710877767202
3 min,2.6333333333333333,3.4746697746697865,0.4469416933624861
3 min,2.65,3.4806526806526934,0.4450752521956246
3 min,2.6666666666666665,3.4905594405594536,0.44596021575379263
3 min,2.683333333333333,3.4996503496503624,0.4475753027874498
3 min,2.7,3.5091297591297717,0.44972430641853467
3 min,2.716666666666667,3.516666666666679,0.45240722664704736
3 min,2.7333333333333334,3.5206682206682336,0.45029538837686334
3 min,2.75,3.5311577311577436,0.4503147934527155
3 min,2.7666666666666666,3.5433954933955056,0.45036654032165474
3 min,2.783333333333333,3.5540404040404168,0.45050668809169847
3 min,2.8,3.564296814296827,0.4505390298847856
3 min,2.816666666666667,3.5704351204351337,0.4483472651991444
3 min,2.8333333333333335,3.5789432789432913,0.4509279572401844
3 min,2.85,3.5882284382284517,0.4530501552030807
3 min,2.8666666666666667,3.5994949494949626,0.4545176522097716
3 min,2.8833333333333333,3.6094017094017223,0.4553865073682748
3 min,2.9,3.6132090132090258,0.4535964792848365
3 min,2.9166666666666665,3.622338772338785,0.45390924408844224
3 min,2.933333333333333,3.632051282051294,0.4556808814205824
3 min,2.95,3.6390054390054516,0.4603837714245188
3 min,2.966666666666667,3.6479409479409606,0.46266837672077377
3 min,2.9833333333333334,3.654118104118117,0.46040519344453834
3 min,3.0,3.6622766122766253,0.4638397144687586
3 min,3.0166666666666666,3.6712121212121342,0.46580839079402653
3 min,3.033333333333333,3.681118881118894,0.46741231555037505
3 min,3.05,3.688655788655802,0.470123868881066
3 min,3.066666666666667,3.6936285936286066,0.4666041573118567
3 min,3.0833333333333335,3.7039238539238672,0.46692402803302313
3 min,3.1,3.7148018648018777,0.46900400007551823
3 min,3.1166666666666667,3.725718725718739,0.47498883564148425
3 min,3.1333333333333333,3.7351204351204483,0.47476688676996065
3 min,3.15,3.739044289044302,0.47236772496138646
3 min,3.1666666666666665,3.7444055944056074,0.46851055589961194
3 min,3.183333333333333,3.74689199689201,0.46516382381969834
3 min,3.2,3.7475135975136107,0.45750965124221477
3 min,3.216666666666667,3.743123543123556,0.4506169884466798
3 min,3.2333333333333334,3.7344988344988472,0.4356989928230369
3 min,3.25,3.726340326340339,0.42138364162108466
3 min,3.2666666666666666,3.715656565656579,0.4129579896865433
3 min,3.283333333333333,3.705788655788669,0.40260830639266487
3 min,3.3,3.693395493395507,0.39221348318662796
3 min,3.316666666666667,3.678671328671342,0.3809220359725036
3 min,3.3333333333333335,3.6688811188811314,0.365757587336757
3 min,3.35,3.660062160062173,0.3565787671269932
3 min,3.3666666666666667,3.6510489510489634,0.34307516628094414
3 min,3.3833333333333333,3.639277389277402,0.33699429523549296
3 min,3.4,3.625330225330238,0.3262741302884823
3 min,3.4166666666666665,3.614335664335677,0.31421892597687356
3 min,3.433333333333333,3.6033411033411165,0.31039336408725476
3 min,3.45,3.5943278943279076,0.2992702281305332
3 min,3.466666666666667,3.5847319347319475,0.2947483013423648
3 min,3.4833333333333334,3.5705905205905335,0.2866700683889034
3 min,3.5,3.560567210567224,0.2760241309098472
3 min,3.5166666666666666,3.5503108003108133,0.2713466943766514
3 min,3.533333333333333,3.5400155400155526,0.2669126903960781
3 min,3.55,3.529487179487192,0.26865084976140496
3 min,3.566666666666667,3.521678321678334,0.26747525976562275
3 min,3.5833333333333335,3.51814296814298,0.2669241682988005
7 min,0.0,0.09269619269619299,0.0610599795709464
7 min,0.016666666666666666,0.20924630924630994,0.09865014845058509
7 min,0.03333333333333333,0.3585858585858598,0.13568118132717352
7 min,0.05,0.5292929292929311,0.16526507384228367
7 min,0.06666666666666667,0.7030691530691555,0.18640273551755648
7 min,0.08333333333333333,0.8656177156177186,0.19227762198932524
7 min,0.1,0.995415695415699,0.18388628043493016
7 min,0.11666666666666667,1.110062160062164,0.18642708031672128
7 min,0.13333333333333333,1.203651903651908,0.1921366492114407
7 min,0.15,1.2747863247863291,0.19837177766545627
7 min,0.16666666666666666,1.3367909867909913,0.20631397485654246
7 min,0.18333333333333332,1.3934731934731985,0.215204384981245
7 min,0.2,1.4404040404040455,0.21866193878518397
7 min,0.21666666666666667,1.4803030303030356,0.21878698221859585
7 min,0.23333333333333334,1.5139083139083191,0.22133100217634866
7 min,0.25,1.5494560994561049,0.21663619026970887
7 min,0.26666666666666666,1.5837218337218393,0.21786055584474207
7 min,0.2833333333333333,1.6170551670551727,0.21671947862533042
7 min,0.3,1.6480574980575038,0.21686603611089889
7 min,0.31666666666666665,1.678127428127434,0.2171675171177856
7 min,0.3333333333333333,1.7076534576534637,0.21377840430199727
7 min,0.35,1.7374125874125936,0.21686218120349937
7 min,0.36666666666666664,1.7650349650349713,0.2132036319413133
7 min,0.38333333333333336,1.7902874902874966,0.21385054223193983
7 min,0.4,1.8202797202797267,0.2175323617311985
7 min,0.4166666666666667,1.849494949494956,0.2176012305077767
7 min,0.43333333333333335,1.8759518259518324,0.2251484458649498
7 min,0.45,1.9036130536130604,0.22432718872821156
7 min,0.4666666666666667,1.9318958818958887,0.22446969194199695
7 min,0.48333333333333334,1.959207459207466,0.22690224734516895
7 min,0.5,1.9853535353535425,0.22737253822056291
7 min,0.5166666666666667,2.010139860139867,0.22947730596212634
7 min,0.5333333333333333,2.0333721833721903,0.2289642338526946
7 min,0.55,2.0548562548562623,0.22943006328621507
7 min,0.5666666666666667,2.0814685314685386,0.23106900159425803
7 min,0.5833333333333334,2.1039238539238614,0.2317608306795403
7 min,0.6,2.129759129759137,0.23437702702027224
7 min,0.6166666666666667,2.153224553224561,0.2323508484704357
7 min,0.6333333333333333,2.179448329448337,0.2333525263116718
7 min,0.65,2.2005439005439085,0.23350277798785724
7 min,0.6666666666666666,2.226184926184934,0.23475487528940248
7 min,0.6833333333333333,2.2512820512820593,0.23498860011902428
7 min,0.7,2.2718725718725796,0.23615722426713315
7 min,0.7166666666666667,2.2934731934732016,0.23614052963644588
7 min,0.7333333333333333,2.3121212121212205,0.23689178801737298
7 min,0.75,2.3333333333333415,0.2362907813126312
7 min,0.7666666666666667,2.3545454545454625,0.23542196773474178
7 min,0.7833333333333333,2.3731934731934814,0.23650798470710355
7 min,0.8,2.3975912975913056,0.237352664574496
7 min,0.8166666666666667,2.4146853146853227,0.23795600733691924
7 min,0.8333333333333334,2.4398601398601483,0.23831801299437322
7 min,0.85,2.462859362859372,0.23606516967604707
7 min,0.8666666666666667,2.479370629370638,0.23891139096207598
7 min,0.8833333333333333,2.50124320124321,0.24085696629013253
7 min,0.9,2.5168220668220758,0.24103308208232738
7 min,0.9166666666666666,2.5369463869463957,0.24226338246680112
7 min,0.9333333333333333,2.5548951048951136,0.23997818791752246
7 min,0.95,2.574825174825184,0.2432187660919577
7 min,0.9666666666666667,2.594949494949504,0.24598540642777939
7 min,0.9833333333333333,2.6113442113442207,0.24457724297684574
7 min,1.0,2.631701631701641,0.24583937574140247
7 min,1.0166666666666666,2.649689199689209,0.24659573828726272
7 min,1.0333333333333334,2.666317016317026,0.24827636165072264
7 min,1.05,2.6847319347319445,0.25001243225389286
7 min,1.0666666666666667,2.698601398601408,0.24862788366258645
7 min,1.0833333333333333,2.7170163170163266,0.24946311758612794
7 min,1.1,2.735042735042745,0.25053987933629507
7 min,1.1166666666666667,2.751282051282061,0.25317711474830706
7 min,1.1333333333333333,2.77027972027973,0.2550013119513531
7 min,1.15,2.788500388500398,0.2564077281280218
7 min,1.1666666666666667,2.804545454545465,0.2587153091135324
7 min,1.1833333333333333,2.8229603729603836,0.2595505430370739
7 min,1.2,2.8416083916084016,0.2578039887883138
7 min,1.2166666666666666,2.8545454545454643,0.2596848616544655
7 min,1.2333333333333334,2.8698523698523806,0.25901610685761156
7 min,1.25,2.888927738927749,0.2606879938497464
7 min,1.2666666666666666,2.902680652680663,0.26228924563099654
7 min,1.2833333333333334,2.9160450660450765,0.2629627000918496
7 min,1.3,2.9339549339549444,0.2653069971750599
7 min,1.3166666666666667,2.9473193473193575,0.266910859880754
7 min,1.3333333333333333,2.9610722610722715,0.2669171260994194
7 min,1.35,2.9801476301476404,0.2679244357738107
7 min,1.3666666666666667,2.996853146853157,0.26604503052029393
7 min,1.3833333333333333,3.00944055944057,0.26811727692673243
7 min,1.4,3.026379176379187,0.27106370945030855
7 min,1.4166666666666667,3.043512043512054,0.27259269858178226
7 min,1.4333333333333333,3.0545454545454653,0.2717976656142014
7 min,1.45,3.0679487179487293,0.2739166208544004
7 min,1.4666666666666666,3.0841103341103455,0.2737115539955447
7 min,1.4833333333333334,3.0967365967366076,0.2697059836538741
7 min,1.5,3.111149961149972,0.27102990592649207
7 min,1.5166666666666666,3.126728826728838,0.2716594744729866
7 min,1.5333333333333334,3.1407148407148515,0.26782657840035723
7 min,1.55,3.154895104895116,0.27239343063687943
7 min,1.5666666666666667,3.171056721056732,0.27592267114720787
7 min,1.5833333333333333,3.186441336441348,0.278505730512815
7 min,1.6,3.1982905982906096,0.27637449784070045
7 min,1.6166666666666667,3.2119269619269737,0.27865896922796757
7 min,1.6333333333333333,3.2281274281274395,0.27842871962725213
7 min,1.65,3.239588189588201,0.2748620189431482
7 min,1.6666666666666667,3.2530303030303145,0.2770529692109308
7 min,1.6833333333333333,3.2656954156954274,0.28036277489247585
7 min,1.7,3.2783605283605404,0.2811506497380837
7 min,1.7166666666666666,3.2918026418026534,0.28167232919516605
7 min,1.7333333333333334,3.30819735819737,0.2818363826822505
7 min,1.75,3.3216394716394833,0.28418563924914647
7 min,1.7666666666666666,3.334304584304596,0.2802828596197268
7 min,1.7833333333333334,3.3469696969697083,0.28317368708007185
7 min,1.8,3.3618104118104233,0.2843745405075225
7 min,1.8166666666666667,3.3729215229215344,0.2864282489518881
7 min,1.8333333333333333,3.3860139860139977,0.28692141947745364
7 min,1.85,3.3973193473193595,0.29115475007548386
7 min,1.8666666666666667,3.410411810411822,0.293027719714032
7 min,1.8833333333333333,3.422921522921535,0.2927915279336675
7 min,1.9,3.4360139860139984,0.2909791625962695
7 min,1.9166666666666667,3.4473193473193593,0.2919847429861508
7 min,1.9333333333333333,3.4604118104118227,0.2897077480713647
7 min,1.95,3.472921522921535,0.29279152793366736
7 min,1.9666666666666666,3.4860139860139983,0.2909791625962693
7 min,1.9833333333333334,3.497319347319359,0.29198474298615057
7 min,2.0,3.510411810411823,0.28970774807136457
7 min,2.0166666666666666,3.5229215229215347,0.2927915279336673
7 min,2.033333333333333,3.536013986013998,0.2909791625962693
7 min,2.05,3.5487179487179614,0.2910478314341959
7 min,2.066666666666667,3.5600621600621727,0.28994197595935345
7 min,2.0833333333333335,3.571212121212134,0.2939366420527234
7 min,2.1,3.583333333333346,0.2927749097375163
7 min,2.1166666666666667,3.595454545454558,0.2932339583887573
7 min,2.1333333333333333,3.6066045066045196,0.2922582295183529
7 min,2.15,3.617948717948731,0.2961227690072846
7 min,2.1666666666666665,3.6306526806526938,0.29457065687876294
7 min,2.183333333333333,3.643745143745157,0.29437907250781303
7 min,2.2,3.6576534576534705,0.2915555458543866
7 min,2.216666666666667,3.6703962703962834,0.293943603959558
7 min,2.2333333333333334,3.6785936285936414,0.29608489134375876
7 min,2.25,3.6893550893551024,0.29797940800698886
7 min,2.2666666666666666,3.7017094017094143,0.29657159546115497
7 min,2.283333333333333,3.7150738150738283,0.2987680691953765
7 min,2.3,3.7215229215229346,0.30215543627393826
7 min,2.316666666666667,3.731701631701645,0.3043653924960656
7 min,2.3333333333333335,3.7446386946387076,0.302342379373665
7 min,2.35,3.759751359751373,0.30299301239585597
7 min,2.3666666666666667,3.7705128205128338,0.30245073228973274
7 min,2.3833333333333333,3.7794871794871927,0.3054383296511646
7 min,2.4,3.7902486402486533,0.3059142187048117
7 min,2.4166666666666665,3.8053613053613184,0.30692336199452747
7 min,2.433333333333333,3.8196969696969827,0.3075288479683569
7 min,2.45,3.8281274281274413,0.30627751028910954
7 min,2.466666666666667,3.8332167832167965,0.30789213955265454
7 min,2.4833333333333334,3.845609945609959,0.30869945418442707
7 min,2.5,3.858780108780122,0.308699454184427
7 min,2.5166666666666666,3.8689976689976824,0.30547717904280336
7 min,2.533333333333333,3.874281274281288,0.3068812504165721
7 min,2.55,3.885275835275849,0.31048046636928583
7 min,2.566666666666667,3.9000000000000137,0.3115520363050753
7 min,2.5833333333333335,3.914724164724179,0.3115491265611309
7 min,2.6,3.92571872571874,0.3080567766276017
7 min,2.6166666666666667,3.9310023310023454,0.30892360816150366
7 min,2.6333333333333333,3.9412198912199057,0.31171841922638927
7 min,2.65,3.954390054390069,0.31171841922638927
7 min,2.6666666666666665,3.9653846153846297,0.30796181398884315
7 min,2.683333333333333,3.9750194250194397,0.3058822646609158
7 min,2.7,3.9813131313131453,0.31332839289962333
7 min,2.716666666666667,3.993900543900558,0.31634709353693713
7 min,2.7333333333333334,4.007653457653472,0.31735332708270836
7 min,2.75,4.018842268842283,0.313932133027086
7 min,2.7666666666666666,4.028282828282843,0.3115171725172349
7 min,2.783333333333333,4.0353923853924,0.3168322122558172
7 min,2.8,4.045260295260309,0.3195799256764545
7 min,2.816666666666667,4.054895104895119,0.31691692942230787
7 min,2.8333333333333335,4.06511266511268,0.31427688464054226
7 min,2.85,4.076728826728841,0.31709345247832266
7 min,2.8666666666666667,4.084615384615399,0.32424177798129517
7 min,2.8833333333333333,4.09526029526031,0.3278394950929323
7 min,2.9,4.10567210567212,0.32504322045639533
7 min,2.9166666666666665,4.116666666666681,0.3212866152188492
7 min,2.933333333333333,4.129059829059844,0.3220033405274588
7 min,2.95,4.137723387723403,0.3260685414278704
7 min,2.966666666666667,4.147008547008562,0.32731838026604143
7 min,2.9833333333333334,4.153923853923869,0.32290947368513306
7 min,3.0,4.1649572649572795,0.3226614379408377
7 min,3.0166666666666666,4.176379176379191,0.3241593125233042
7 min,3.033333333333333,4.184459984459999,0.32869320298802973
7 min,3.05,4.193550893550909,0.3300992716809721
7 min,3.066666666666667,4.200660450660466,0.3255341352452922
7 min,3.0833333333333335,4.212276612276628,0.3248174099366826
7 min,3.1,4.22466977466979,0.3255341352452922
7 min,3.1166666666666667,4.234110334110349,0.3289744167266182
7 min,3.1333333333333333,4.24494949494951,0.3289744167266182
7 min,3.15,4.252059052059066,0.3244017921188749
7 min,3.1666666666666665,4.261926961926976,0.3251004957182869
7 min,3.183333333333333,4.272960372960387,0.32691811017758005
7 min,3.2,4.282828282828298,0.3298546354967541
7 min,3.216666666666667,4.2913364413364565,0.331939077077133
7 min,3.2333333333333334,4.296891996892012,0.3287779916381256
7 min,3.25,4.305982905982921,0.33021533199463055
7 min,3.2666666666666666,4.317016317016332,0.33209868079937355
7 min,3.283333333333333,4.327661227661244,0.33442803805235466
7 min,3.3,4.337723387723403,0.3352324091548975
7 min,3.316666666666667,4.3456099456099615,0.33011835082641117
7 min,3.3333333333333335,4.355672105672122,0.3306597845471541
7 min,3.35,4.366317016317032,0.33270429296985193
7 min,3.3666666666666667,4.377350427350443,0.33452190742914495
7 min,3.3833333333333333,4.386441336441353,0.33611262792503316
7 min,3.4,4.391996891996907,0.33308301117692574
7 min,3.4166666666666665,4.400505050505066,0.33503598406640456
7 min,3.433333333333333,4.411771561771577,0.33668678611977804
7 min,3.45,4.421056721056737,0.33998556383254264
7 min,3.466666666666667,4.429564879564895,0.3420700054129214
7 min,3.4833333333333334,4.437101787101803,0.33726285677838747
7 min,3.5,4.445609945609961,0.33933942991681454
7 min,3.5166666666666666,4.454895104895121,0.3426320877302834
7 min,3.533333333333333,4.4661616161616315,0.34427851842701696
7 min,3.55,4.474669774669791,0.3462288685025118
7 min,3.566666666666667,4.4802253302253465,0.34320467223663753
7 min,3.5833333333333335,4.489316239316255,0.344788398561902
7 min,3.6,4.5003496503496665,0.3466025159358832
7 min,3.6166666666666667,4.510994560994577,0.3486470243585811
7 min,3.6333333333333333,4.522455322455338,0.34805961203821867
7 min,3.65,4.529992229992246,0.34679042547029243
7 min,3.6666666666666665,4.536946386946404,0.34566849914245373
7 min,3.683333333333333,4.545260295260312,0.34642380172006226
7 min,3.7,4.5547397047397205,0.34709495558904935
7 min,3.716666666666667,4.563053613053629,0.3476819607494148
7 min,3.7333333333333334,4.571406371406388,0.3453225054093819
7 min,3.75,4.577195027195044,0.34565808234387535
7 min,3.7666666666666666,4.587296037296054,0.34627253762454213
7 min,3.783333333333333,4.596969696969713,0.34937687874360507
7 min,3.8,4.607420357420374,0.35172591728505953
7 min,3.816666666666667,4.616317016317032,0.3533196532489056
7 min,3.8333333333333335,4.624864024864041,0.35129577484336616
7 min,3.85,4.631857031857048,0.35015713696338746
7 min,3.8666666666666667,4.639627039627056,0.351188158790547
7 min,3.8833333333333333,4.646969696969713,0.3537216242871217
7 min,3.9,4.6550893550893715,0.35451234503710694
7 min,3.9166666666666665,4.661655011655028,0.35356032104050267
7 min,3.933333333333333,4.671406371406388,0.35411074071331355
7 min,3.95,4.678593628593645,0.35281395868333804
7 min,3.966666666666667,4.686946386946403,0.35337054806050655
7 min,3.9833333333333334,4.6952602952603115,0.35511329280709614
7 min,4.0,4.704739704739721,0.35479700450710205
7 min,4.016666666666667,4.71305361305363,0.3524216831605243
7 min,4.033333333333333,4.720007770007786,0.35168829203139906
7 min,4.05,4.728943278943296,0.3534195708538165
7 min,4.066666666666666,4.740054390054407,0.3551926807917564
7 min,4.083333333333333,4.747591297591315,0.36004097891742637
7 min,4.1,4.756293706293724,0.3618410532848758
7 min,4.116666666666666,4.763830613830631,0.36059290389410475
7 min,4.133333333333334,4.770007770007787,0.35999749400914927
7 min,4.15,4.778166278166296,0.36087756336409943
7 min,4.166666666666667,4.788500388500406,0.3608102731229352
7 min,4.183333333333334,4.796658896658914,0.361545169555928
7 min,4.2,4.80283605283607,0.3611312258234191
7 min,4.216666666666667,4.811771561771578,0.3624466654553544
7 min,4.233333333333333,4.8187257187257355,0.36131949349954784
7 min,4.25,4.824902874902891,0.36387312190194987
7 min,4.266666666666667,4.835042735042752,0.36398413871661006
7 min,4.283333333333333,4.8447940947941115,0.3634020902137999
7 min,4.3,4.849805749805766,0.363876522663791
7 min,4.316666666666666,4.858352758352776,0.3654074360665833
7 min,4.333333333333333,4.865695415695433,0.3638228354699907
7 min,4.35,4.8730380730380904,0.3652461328199639
7 min,4.366666666666666,4.881585081585099,0.36679910458655696
7 min,4.383333333333334,4.8915306915307095,0.36605891193374973
7 min,4.4,4.898523698523716,0.3647751011318138
7 min,4.416666666666667,4.906293706293725,0.3671200572870409
7 min,4.433333333333334,4.913636363636382,0.36567659703124034
7 min,4.45,4.921756021756039,0.36656813231036256
7 min,4.466666666666667,4.928321678321696,0.3697946631244077
7 min,4.483333333333333,4.938073038073056,0.3692327775274249
7 min,4.5,4.9466588966589145,0.3666320217896859
7 min,4.516666666666667,4.954662004662023,0.368581543325477
7 min,4.533333333333333,4.959867909867928,0.3689583203429533
7 min,4.55,4.967016317016334,0.37064057637206055
7 min,4.566666666666666,4.973776223776241,0.3736283114127989
7 min,4.583333333333333,4.981351981351999,0.3750433019352224
7 min,4.6,4.989937839937857,0.3724627091033108
7 min,4.616666666666666,4.998717948717966,0.37375949113328644
7 min,4.633333333333334,5.008275058275076,0.3739492641132829
7 min,4.65,5.015656565656584,0.3709312329677567
7 min,4.666666666666667,5.0210567210567385,0.3717385690872201
7 min,4.683333333333334,5.025679875679893,0.37313964635789937
7 min,4.7,5.0307303807303985,0.37225624124984863
7 min,4.716666666666667,5.039937839937858,0.37278892687299825
7 min,4.733333333333333,5.047940947940965,0.37473770322734823
7 min,4.75,5.055322455322473,0.3731235517074094
7 min,4.766666666666667,5.063675213675232,0.37370119820813474
7 min,4.783333333333333,5.069658119658137,0.37739396447631696
7 min,4.8,5.078010878010896,0.37809200086823636
7 min,4.816666666666666,5.085392385392403,0.37661765696387756
7 min,4.833333333333333,5.09339549339551,0.3787644941069661
7 min,4.85,5.099805749805768,0.37796048106139835
7 min,4.866666666666666,5.108352758352776,0.37836056568774057
7 min,4.883333333333334,5.117094017094034,0.3796096242372262
7 min,4.9,5.122688422688441,0.382630978456648
7 min,4.916666666666667,5.129875679875699,0.3813147787022862
7 min,4.933333333333334,5.138850038850057,0.3825932241978449
7 min,4.95,5.146658896658915,0.38440435531655315
7 min,4.966666666666667,5.152486402486421,0.3825932241978447
7 min,4.983333333333333,5.1600621600621785,0.38131477870228575
7 min,5.0,5.1674436674436866,0.38021389508111003
7 min,5.016666666666667,5.1726884226884415,0.3789354495855512
7 min,5.033333333333333,5.179526029526048,0.3816343900761754
7 min,5.05,5.187140637140656,0.3841557686924164
7 min,5.066666666666666,5.192579642579662,0.3844322605011261
7 min,5.083333333333333,5.2009712509712696,0.3850378726716047
7 min,5.1,5.207964257964277,0.3877221514741239
7 min,5.116666666666666,5.215151515151534,0.3892381873277404
7 min,5.133333333333334,5.220590520590539,0.3892308564836878
7 min,5.15,5.228010878010897,0.39185510680253255
7 min,5.166666666666667,5.236596736596754,0.3929559904237082
7 min,5.183333333333334,5.243395493395511,0.3904661824140666
7 min,5.2,5.250000000000018,0.3901913160566819
7 min,5.216666666666667,5.256604506604525,0.3897259897612595
7 min,5.233333333333333,5.263403263403282,0.387101739442415
7 min,5.25,5.27198912198914,0.3880868532973324
7 min,5.266666666666667,5.279409479409498,0.390576661306974
7 min,5.283333333333333,5.286247086247105,0.39327560179759824
7 min,5.3,5.291686091686111,0.392028726908639
7 min,5.316666666666666,5.297319347319366,0.39264166992317007
7 min,5.333333333333333,5.303341103341122,0.392709029250897
7 min,5.35,5.309945609945629,0.3902623408064354
7 min,5.366666666666666,5.318725718725737,0.3910698927869695
7 min,5.383333333333334,5.3267288267288455,0.3930270151734615
7 min,5.4,5.335936285936305,0.39355970079661096
7 min,5.416666666666667,5.34098679098681,0.39266794965641794
7 min,5.433333333333334,5.347008547008567,0.3929257689221827
7 min,5.45,5.3520590520590705,0.39401537993102875
7 min,5.466666666666667,5.356332556332575,0.3935313810926614
7 min,5.483333333333333,5.363558663558681,0.39562872026764684
7 min,5.5,5.370784770784789,0.39820272743694707
7 min,5.516666666666667,5.379992229992249,0.39867939543126196
7 min,5.533333333333333,5.387218337218355,0.39578490614590056
7 min,5.55,5.393045843045861,0.3962331755904084
7 min,5.566666666666666,5.399067599067617,0.3964864960039405
7 min,5.583333333333333,5.401942501942521,0.397371091909976
7 min,5.6,5.409945609945629,0.3988869633085147
7 min,5.616666666666666,5.418725718725737,0.40020788567607757
7 min,5.633333333333334,5.426728826728846,0.40165163767554113
7 min,5.65,5.4345376845377045,0.3982263908465586
7 min,5.666666666666667,5.4427350427350625,0.3965162462803403
7 min,5.683333333333334,5.449766899766919,0.39584958695159567
7 min,5.7,5.452680652680673,0.3968286139397247
7 min,5.716666666666667,5.455205905205926,0.4031713376003835
7 min,5.733333333333333,5.461072261072282,0.40701983873767084
7 min,5.75,5.467327117327137,0.40996571411915406
7 min,5.766666666666667,5.474553224553244,0.40701713528448624
7 min,5.783333333333333,5.483333333333352,0.404758203324878
7 min,5.8,5.49211344211346,0.40251730121503854
7 min,5.816666666666666,5.499339549339568,0.3996228119296771
7 min,5.833333333333333,5.505594405594424,0.40278865147833937
7 min,5.85,5.510062160062178,0.40787491102078
7 min,5.866666666666666,5.5143356643356825,0.4126614217501128
7 min,5.883333333333334,5.520007770007788,0.41459987159365985
7 min,5.9,5.526262626262644,0.40997225019576533
7 min,5.916666666666667,5.533682983683002,0.40536265864763954
7 min,5.933333333333334,5.540714840714859,0.40009947992399186
7 min,5.95,5.549339549339568,0.39962281192967697
7 min,5.966666666666667,5.556993006993025,0.4015148333736483
7 min,5.983333333333333,5.5597125097125275,0.40819336554695246
7 min,6.0,5.5626262626262815,0.4142183105447347
7 min,6.016666666666667,5.565928515928535,0.4146235350032706
7 min,6.033333333333333,5.573348873348893,0.41354894776280543
7 min,6.05,5.5819347319347505,0.4114669349844042
7 min,6.066666666666666,5.5901320901321085,0.40770587964277616
7 min,6.083333333333333,5.599922299922319,0.4077058796427761
7 min,6.1,5.6087412587412775,0.40904911369335745
7 min,6.116666666666666,5.614024864024883,0.41300939989921115
7 min,6.133333333333334,5.616355866355885,0.4178646507111383
7 min,6.15,5.615928515928536,0.4189768760312063
7 min,6.166666666666667,5.621017871017891,0.4163460758594152
7 min,6.183333333333334,5.6272727272727465,0.4117184544615207
7 min,6.2,5.636674436674456,0.4105341097423777
7 min,6.216666666666667,5.6466588966589155,0.4103752204109395
7 min,6.233333333333333,5.656060606060626,0.41124178646720616
7 min,6.25,5.6637140637140835,0.4131338079111776
7 min,6.266666666666667,5.665656565656585,0.41846910603390053
7 min,6.283333333333333,5.665617715617735,0.4193897616394734
7 min,6.3,5.668337218337238,0.41878756056007327
7 min,6.316666666666666,5.674009324009344,0.41469069670579983
7 min,6.333333333333333,5.683216783216803,0.41368327116786374
7 min,6.35,5.6933954933955135,0.4133474626552184
7 min,6.366666666666666,5.703379953379974,0.4136832711678637
7 min,6.383333333333334,5.7120046620046825,0.41469069670579967
7 min,6.4,5.715306915306936,0.41497966596773167
7 min,6.416666666666667,5.717016317016338,0.4190679171828677
7 min,6.433333333333334,5.718337218337238,0.4234416539507125
7 min,6.45,5.724009324009344,0.42198916134112063
7 min,6.466666666666667,5.733216783216804,0.4225683585499934
7 min,6.483333333333333,5.743395493395514,0.4227614242862843
7 min,6.5,5.753379953379975,0.4225683585499933
7 min,6.516666666666667,5.762004662004683,0.4219891613411204
7 min,6.533333333333333,5.766705516705538,0.4186054157803939
7 min,6.55,5.768065268065289,0.418886903424152
7 min,6.566666666666666,5.7662781662781875,0.42123814205677734
7 min,6.583333333333333,5.769619269619291,0.4256591316782698
7 min,6.6,5.777272727272749,0.4276321340594212
7 min,6.616666666666666,5.786674436674458,0.42854722250152627
7 min,6.633333333333334,5.7966588966589185,0.4284043970045851
7 min,6.65,5.806060606060627,0.42720365756859774
7 min,6.666666666666667,5.812315462315484,0.4225265873142924
7 min,6.683333333333334,5.816006216006238,0.42084296779800723
7 min,6.7,5.81872571872574,0.41916724350282986
7 min,6.716666666666667,5.8220668220668435,0.4232265034010042
7 min,6.733333333333333,5.825213675213696,0.4296786308641055
7 min,6.75,5.832284382284403,0.4329105081417019
7 min,6.766666666666667,5.8407148407148615,0.43431220853508823
7 min,6.783333333333333,5.84933954933957,0.4338837320442645
7 min,6.8,5.856993006993028,0.4316250786692308
7 min,6.816666666666666,5.86111111111113,0.42511783153071536
7 min,6.833333333333333,5.8622766122766325,0.4208317721850563
7 min,6.85,5.865617715617736,0.421894565560167
7 min,6.866666666666666,5.871717171717192,0.42357402172632796
7 min,6.883333333333334,5.876612276612297,0.4282885575628107
7 min,6.9,5.8822843822844035,0.43291050814170184
7 min,6.916666666666667,5.890714840714862,0.43431220853508823
7 min,6.933333333333334,5.899339549339571,0.43388373204426445
7 min,6.95,5.905594405594426,0.42920666178995903
7 min,6.966666666666667,5.911460761460782,0.42572243575053326
7 min,6.983333333333333,5.913986013986034,0.4237876150374995
7 min,7.0,5.918298368298388,0.4265298645787712
7 min,7.016666666666667,5.924980574980594,0.4292169944446286
7 min,7.033333333333333,5.931468531468552,0.4328773482130486
7 min,7.05,5.935198135198156,0.4389009991853261
7 min,7.066666666666666,5.941686091686112,0.44064648603305245
7 min,7.083333333333333,5.946969696969718,0.437085465178251
7 min,7.1,5.953030303030324,0.4336593745992827
7 min,7.116666666666666,5.958313908313929,0.4296964318296834
7 min,7.133333333333334,5.964801864801887,0.43063807484781436
7 min,7.15,5.969930069930091,0.4340658867744039
7 min,7.166666666666667,5.9760683760683975,0.4373804435651216
7 min,7.183333333333334,5.982439782439803,0.4437428546833335
7 min,7.2,5.985120435120456,0.447426031156796
7 min,7.216666666666667,5.982323232323253,0.4500899225627817
7 min,7.233333333333333,5.981740481740503,0.44446695513313195
7 min,7.25,5.978438228438249,0.4351671312671102
7 min,7.266666666666667,5.975951825951847,0.4283036714095421
7 min,7.283333333333333,5.974669774669795,0.4245477624386669
7 min,7.3,5.971833721833743,0.41913108891609413
7 min,7.316666666666666,5.968220668220689,0.41339705033357893
7 min,7.333333333333333,5.966006216006237,0.4072864805632661
7 min,7.35,5.962820512820534,0.4052985517410337
7 min,7.366666666666666,5.957692307692329,0.4046765687130043
7 min,7.383333333333334,5.94965034965037,0.4027148272622964
7 min,7.4,5.9433954933955135,0.3971428380219505
7 min,7.416666666666667,5.936946386946408,0.3915169028270247
7 min,7.433333333333334,5.931118881118902,0.3880923178362786
7 min,7.45,5.925718725718745,0.3917521852293069
7 min,7.466666666666667,5.916006216006236,0.39126066897981104
7 min,7.483333333333333,5.905322455322477,0.38931341308455575
7 min,7.5,5.897008547008568,0.38465519351306326
7 min,7.516666666666667,5.887723387723408,0.38368888170861903
7 min,7.533333333333333,5.879059829059849,0.3896129987669196
7 min,7.55,5.866666666666688,0.3909478473003618
7 min,7.566666666666666,5.855672105672126,0.3885631079329457
7 min,7.583333333333333,5.8466588966589175,0.3850384551971124
7 min,7.6,5.837062937062957,0.388182753013499
7 min,7.616666666666666,5.8243201243201455,0.39301359948946823
7 min,7.633333333333334,5.810411810411831,0.39225501569999344
7 min,7.65,5.797319347319368,0.3891575273019784
7 min,7.666666666666667,5.786013986014007,0.38900181159402386
7 min,7.683333333333334,5.7729215229215445,0.389589509221019
7 min,7.7,5.7604118104118305,0.39101161737690276
7 min,7.716666666666667,5.745920745920767,0.3892426827935522
7 min,7.733333333333333,5.734965034965056,0.3850050445058349
7 min,7.75,5.724980574980595,0.3874545812844028
7 min,7.766666666666667,5.714801864801886,0.39060872949603265
7 min,7.783333333333333,5.701864801864822,0.3904420358726016
7 min,7.8,5.69028749028751,0.38907940506858757
7 min,7.816666666666666,5.683449883449904,0.3887712010003085
7 min,7.833333333333333,5.672105672105692,0.3920626361323043
7 min,7.85,5.657226107226127,0.3918671855788056
7 min,7.866666666666666,5.6429292929293124,0.39030975399429013
7 min,7.883333333333334,5.629797979797999,0.3884967021087203
7 min,7.9,5.6212121212121415,0.3891458785371662
7 min,7.916666666666667,5.61006216006218,0.39291087165257665
7 min,7.933333333333334,5.597319347319367,0.39270515656918226
7 min,7.95,5.584965034965054,0.3920378213771415
7 min,7.966666666666667,5.574980574980594,0.39490516018708327
7 min,7.983333333333333,5.568337218337238,0.39426043930626464
7 min,8.0,5.555788655788675,0.3921912816621034
7 min,8.016666666666667,5.54071484071486,0.3912716944239
7 min,8.033333333333333,5.525835275835295,0.3911838989287778
7 min,8.05,5.515268065268085,0.3940325651957747
7 min,8.066666666666666,5.507847707847727,0.3945187421779688
7 min,8.083333333333334,5.494327894327913,0.39473005280277823
7 min,8.1,5.480225330225349,0.39549272159368204
7 min,8.116666666666667,5.468259518259537,0.39648896988780363
7 min,8.133333333333333,5.460411810411829,0.40143680804079906
7 min,8.15,5.45198135198137,0.399350810564706
7 min,8.166666666666666,5.44040404040406,0.39810393567574665
7 min,8.183333333333334,5.426262626262645,0.39899174504766244
7 min,8.2,5.4160839160839345,0.40201423868045333
7 min,8.216666666666667,5.405905205905224,0.40459740940481914
7 min,8.233333333333333,5.395299145299164,0.4009356239376858
7 min,8.25,5.382711732711751,0.3980756159717965
7 min,8.266666666666667,5.371134421134439,0.3952129045527226
7 min,8.283333333333333,5.36114996114998,0.39763140170706535
7 min,8.3,5.352331002331022,0.3995371711675557
7 min,8.316666666666666,5.34071484071486,0.3983562057648933
7 min,8.333333333333334,5.327894327894347,0.3981242945176108
7 min,8.35,5.317210567210585,0.39801521290222897
7 min,8.366666666666667,5.31060606060608,0.3983467395816245
7 min,8.383333333333333,5.302952602952622,0.39654486738649697
10 min,0.0,0.11534576534576574,0.0636451296891464
10 min,0.016666666666666666,0.24180264180264266,0.10548391734613508
10 min,0.03333333333333333,0.40318570318570457,0.14652017422481603
10 min,0.05,0.5847319347319367,0.18551310077514216
10 min,0.06666666666666667,0.7721445221445249,0.20514450308539658
10 min,0.08333333333333333,0.9411033411033445,0.21006278678115287
10 min,0.1,1.0716783216783254,0.20060637936653858
10 min,0.11666666666666667,1.1865967365967407,0.20474587164041913
10 min,0.13333333333333333,1.2830613830613875,0.20693191829237295
10 min,0.15,1.3614219114219162,0.21341939279630961
10 min,0.16666666666666666,1.421989121989127,0.22293205358415918
10 min,0.18333333333333332,1.472727272727278,0.235063715535079
10 min,0.2,1.5186480186480238,0.2425466993669032
10 min,0.21666666666666667,1.5592851592851646,0.2524060096622902
10 min,0.23333333333333334,1.5971250971251028,0.2512227532847758
10 min,0.25,1.6322843822843878,0.2522939194875296
10 min,0.26666666666666666,1.6729992229992288,0.253507484877841
10 min,0.2833333333333333,1.7166666666666728,0.25871459308397343
10 min,0.3,1.7603341103341166,0.26240044293750114
10 min,0.31666666666666665,1.8010489510489571,0.26803044562541734
10 min,0.3333333333333333,1.840404040404047,0.2679674508706615
10 min,0.35,1.878593628593635,0.2684597547541789
10 min,0.36666666666666664,1.9207459207459276,0.270950062566765
10 min,0.38333333333333336,1.9607614607614676,0.27268084511742585
10 min,0.4,1.9960761460761534,0.2737513736246355
10 min,0.4166666666666667,2.0322066822066893,0.2759111943586656
10 min,0.43333333333333335,2.071522921522929,0.2748610574813711
10 min,0.45,2.107303807303815,0.2788719649698945
10 min,0.4666666666666667,2.143706293706301,0.28140338197192577
10 min,0.48333333333333334,2.1768065268065344,0.28417542358258857
10 min,0.5,2.208352758352766,0.28454180827488834
10 min,0.5166666666666667,2.2414918414918494,0.28665545185557206
10 min,0.5333333333333333,2.2762237762237842,0.2923110852572974
10 min,0.55,2.309401709401717,0.29080767421744136
10 min,0.5666666666666667,2.3392773892773975,0.29423535656679833
10 min,0.5833333333333334,2.369774669774678,0.29800745424249664
10 min,0.6,2.4002719502719585,0.29437953364763847
10 min,0.6166666666666667,2.429409479409488,0.2951314134742876
10 min,0.6333333333333333,2.459362859362868,0.29094332477111495
10 min,0.65,2.4877622377622464,0.2932487673927941
10 min,0.6666666666666666,2.5136363636363726,0.2896265919815782
10 min,0.6833333333333333,2.543084693084702,0.2895278635305897
10 min,0.7,2.5695804195804284,0.28802864088576574
10 min,0.7166666666666667,2.597474747474757,0.28906521569809585
10 min,0.7333333333333333,2.6216394716394813,0.28901124054107774
10 min,0.75,2.646425796425806,0.28826475917563205
10 min,0.7666666666666667,2.67024087024088,0.2885982087860342
10 min,0.7833333333333333,2.696425796425806,0.2925892843746053
10 min,0.8,2.721639471639481,0.29667744430289394
10 min,0.8166666666666667,2.747474747474757,0.3016456526405634
10 min,0.8333333333333334,2.769580419580429,0.30355761773662426
10 min,0.85,2.793084693084703,0.3060396870175786
10 min,0.8666666666666667,2.815034965034975,0.30273312015052223
10 min,0.8833333333333333,2.836013986013996,0.3051372227781797
10 min,0.9,2.8566045066045165,0.30076984262169626
10 min,0.9166666666666666,2.8787878787878887,0.3024278790513571
10 min,0.9333333333333333,2.898601398601409,0.3023559045625209
10 min,0.95,2.9229603729603832,0.3027090927899457
10 min,0.9666666666666667,2.943356643356654,0.30714322233528124
10 min,0.9833333333333333,2.9667055167055274,0.3084100262982231
10 min,1.0,2.988306138306149,0.3139615282200692
10 min,1.0166666666666666,3.0091297591297694,0.31103468785838206
10 min,1.0333333333333334,3.031546231546242,0.30965763706414184
10 min,1.05,3.0484459984460086,0.31106370575708403
10 min,1.0666666666666667,3.0702797202797303,0.3112846556260159
10 min,1.0833333333333333,3.091336441336452,0.3163987139545021
10 min,1.1,3.1094405594405696,0.31128465562601587
10 min,1.1166666666666667,3.1318958818958924,0.3099388508027301
10 min,1.1333333333333333,3.147047397047408,0.30993885080273026
10 min,1.15,3.1702797202797317,0.31128465562601615
10 min,1.1666666666666667,3.191336441336453,0.3126861597170907
10 min,1.1833333333333333,3.209440559440571,0.3122127941853692
10 min,1.2,3.231895881895894,0.3144764170929003
10 min,1.2166666666666666,3.2498445998446113,0.31576447420227227
10 min,1.2333333333333334,3.269580419580431,0.32026980856885123
10 min,1.25,3.2893162393162507,0.3247313200384635
10 min,1.2666666666666666,3.305128205128217,0.3206031479832441
10 min,1.2833333333333334,3.323310023310035,0.3236312088356373
10 min,1.3,3.3399378399378516,0.325269641967778
10 min,1.3166666666666667,3.35815850815852,0.32309599869775163
10 min,1.3333333333333333,3.3751748251748372,0.3249832372417804
10 min,1.35,3.3919968919969037,0.32677894025259013
10 min,1.3666666666666667,3.410372960372972,0.32848310773018075
10 min,1.3833333333333333,3.429914529914542,0.3281247450758759
10 min,1.4,3.4480963480963602,0.3276748468883519
10 min,1.4166666666666667,3.4666666666666788,0.3271334131676089
10 min,1.4333333333333333,3.4852369852369973,0.32452944931497046
10 min,1.45,3.504817404817417,0.32469626172088994
10 min,1.4666666666666666,3.524009324009336,0.3215312865425968
10 min,1.4833333333333334,3.5392773892774017,0.32206883052405405
10 min,1.5,3.5551670551670678,0.3250187881097645
10 min,1.5166666666666666,3.570279720279733,0.3242785954569573
10 min,1.5333333333333334,3.5846153846153976,0.33014365946376933
10 min,1.55,3.6017094017094147,0.33100761957338665
10 min,1.5666666666666667,3.6170163170163296,0.32993097571475793
10 min,1.5833333333333333,3.631934731934744,0.33478668610410556
10 min,1.6,3.650000000000013,0.33396839018461555
10 min,1.6166666666666667,3.6666666666666794,0.3305365878852367
10 min,1.6333333333333333,3.683333333333346,0.3323642374221911
10 min,1.65,3.700000000000013,0.3339683901846156
10 min,1.6666666666666667,3.71666666666668,0.3305365878852367
10 min,1.6833333333333333,3.7347319347319483,0.3299417887402766
10 min,1.7,3.751048951048964,0.3358641079105914
10 min,1.7166666666666666,3.7646076146076277,0.3331748321075911
10 min,1.7333333333333334,3.7803418803418936,0.33300801970167154
10 min,1.75,3.795104895104908,0.33904378585368883
10 min,1.7666666666666666,3.807886557886571,0.3361534172750529
10 min,1.7833333333333334,3.823620823620837,0.33547097233615947
10 min,1.8,3.8391608391608525,0.34067656619786457
10 min,1.8166666666666667,3.8548951048951183,0.33777382869799566
10 min,1.8333333333333333,3.8712121212121353,0.3342167030460923
10 min,1.85,3.8898989898990033,0.3341251675128732
10 min,1.8666666666666667,3.9032634032634173,0.33749922209833827
10 min,1.8833333333333333,3.9162393162393303,0.33453533969568083
10 min,1.9,3.933760683760698,0.33596879031290006
10 min,1.9166666666666667,3.948135198135213,0.341799573949996
10 min,1.9333333333333333,3.959751359751374,0.3380313204447958
10 min,1.95,3.977078477078491,0.3386603999594721
10 min,1.9666666666666666,3.9938228438228576,0.34126436381211045
10 min,1.9833333333333334,4.007226107226121,0.3408521431831776
10 min,2.0,4.021212121212136,0.3387542693362625
10 min,2.0166666666666666,4.037567987568002,0.339090720542084
10 min,2.033333333333333,4.051398601398615,0.34072915367422474
10 min,2.05,4.062082362082376,0.34080725694090774
10 min,2.066666666666667,4.077078477078492,0.343005145502989
10 min,2.0833333333333335,4.091491841491856,0.34619047623405125
10 min,2.1,4.1053613053613205,0.34423983718814394
10 min,2.1166666666666667,4.117055167055182,0.3450261865814892
10 min,2.1333333333333333,4.130885780885796,0.3461270757321726
10 min,2.15,4.143356643356659,0.3475425046401941
10 min,2.1666666666666665,4.153846153846169,0.34641016151377674
10 min,2.183333333333333,4.169813519813535,0.3464101615137767
10 min,2.2,4.186363636363652,0.3464101615137766
10 min,2.216666666666667,4.200000000000015,0.3464101615137767
10 min,2.2333333333333334,4.213636363636378,0.3464101615137767
10 min,2.25,4.230186480186495,0.3464101615137767
10 min,2.2666666666666666,4.24615384615386,0.34641016151377657
10 min,2.283333333333333,4.258041958041973,0.34641016151377657
10 min,2.3,4.268764568764584,0.34641016151377635
10 min,2.316666666666667,4.281235431235446,0.34641016151377624
10 min,2.3333333333333335,4.291958041958057,0.34641016151377624
10 min,2.35,4.308041958041973,0.34641016151377624
10 min,2.3666666666666667,4.318764568764584,0.34641016151377624
10 min,2.3833333333333333,4.331235431235447,0.34641016151377635
10 min,2.4,4.3419580419580575,0.34641016151377657
10 min,2.4166666666666665,4.358041958041974,0.3464101615137766
10 min,2.433333333333333,4.368764568764584,0.34641016151377674
10 min,2.45,4.381235431235448,0.34641016151377674
10 min,2.466666666666667,4.391958041958058,0.3464101615137767
10 min,2.4833333333333334,4.405244755244771,0.34398771283186214
10 min,2.5,4.419463869463885,0.3470157736842553
10 min,2.5166666666666666,4.434654234654251,0.34937093212500553
10 min,2.533333333333333,4.447319347319363,0.3510531881541129
10 min,2.55,4.461771561771577,0.3496400930896628
10 min,2.566666666666667,4.477777777777794,0.35058215646596314
10 min,2.5833333333333335,4.490831390831406,0.35562892455328515
10 min,2.6,4.500971250971267,0.35865698540567836
10 min,2.6166666666666667,4.512509712509728,0.3572438903412282
10 min,2.6333333333333333,4.525213675213691,0.3568401488942424
10 min,2.65,4.534576534576551,0.3591953073349925
10 min,2.6666666666666665,4.547707847707864,0.3643093656634785
10 min,2.683333333333333,4.559829059829076,0.36188691698156394
10 min,2.7,4.57350427350429,0.3598009195054708
10 min,2.716666666666667,4.584226884226901,0.3598009195054708
10 min,2.7333333333333334,4.599106449106465,0.3618869169815638
10 min,2.75,4.612626262626279,0.3643093656634783
10 min,2.7666666666666666,4.622804972804989,0.35919530733499216
10 min,2.783333333333333,4.632206682206699,0.35441770021232744
10 min,2.8,4.64339549339551,0.35784950251170633
10 min,2.816666666666667,4.6543900543900705,0.3616177560169067
10 min,2.8333333333333335,4.66320901320903,0.3578495025117063
10 min,2.85,4.672416472416489,0.35441770021232727
10 min,2.8666666666666667,4.684576534576551,0.35919530733499194
10 min,2.8833333333333333,4.697707847707864,0.36430936566347816
10 min,2.9,4.709829059829076,0.3618869169815636
10 min,2.9166666666666665,4.72350427350429,0.3598009195054706
10 min,2.933333333333333,4.735625485625502,0.3573784708235561
10 min,2.95,4.7487567987568156,0.36249252915204244
10 min,2.966666666666667,4.759518259518277,0.3659863254727713
10 min,2.9833333333333334,4.770473970473987,0.3641592866758123
10 min,3.0,4.780652680652698,0.36163918256138294
10 min,3.0166666666666666,4.79261849261851,0.36629897134570544
10 min,3.033333333333333,4.804390054390071,0.37026569481255767
10 min,3.05,4.813986013986031,0.3656663947457173
10 min,3.066666666666667,4.823970473970491,0.3603740293614067
10 min,3.0833333333333335,4.838306138306155,0.35983910819393344
10 min,3.1,4.850466200466217,0.36406163124329755
10 min,3.1166666666666667,4.859867909867927,0.3663072781732555
10 min,3.1333333333333333,4.869075369075386,0.3628754758738767
10 min,3.15,4.880652680652698,0.3616391825613834
10 min,3.1666666666666665,4.894017094017111,0.36387652266379145
10 min,3.183333333333333,4.904040404040421,0.3708713069830369
10 min,3.2,4.91227661227663,0.36862716535694684
10 min,3.216666666666667,4.9212898212898395,0.3650170560017434
10 min,3.2333333333333334,4.935042735042753,0.3654914884517344
10 min,3.25,4.947008547008565,0.3700504627069198
10 min,3.2666666666666666,4.956604506604524,0.37195965843105605
10 min,3.283333333333333,4.966394716394735,0.3675185025142126
10 min,3.3,4.978943278943296,0.36459995317261185
10 min,3.316666666666667,4.993667443667461,0.36448213483426956
10 min,3.3333333333333335,5.0054390054390225,0.36844885830112173
10 min,3.35,5.012276612276629,0.36862716535694623
10 min,3.3666666666666667,5.021289821289839,0.36501705600174283
10 min,3.3833333333333333,5.035042735042753,0.36549148845173396
10 min,3.4,5.048407148407167,0.36762801402500495
10 min,3.4166666666666665,5.057653457653475,0.3738490814034704
10 min,3.433333333333333,5.064335664335682,0.3701583204249574
10 min,3.45,5.074553224553242,0.3676738777216929
10 min,3.466666666666667,5.087723387723405,0.3676738777216929
10 min,3.4833333333333334,5.100116550116567,0.36901968254497874
10 min,3.5,5.108003108003126,0.3741337408734649
10 min,3.5166666666666666,5.112937062937081,0.36901968254497874
10 min,3.533333333333333,5.124553224553242,0.3676738777216929
10 min,3.55,5.1377233877234065,0.3676738777216929
10 min,3.566666666666667,5.150116550116569,0.3690196825449788
10 min,3.5833333333333335,5.156604506604525,0.3728499300715291
10 min,3.6,5.163286713286732,0.3693406352454628
10 min,3.6166666666666667,5.176262626262645,0.36924297981294796
10 min,3.6333333333333333,5.190404040404059,0.3701345150920701
10 min,3.65,5.203379953379971,0.37201524108282924
10 min,3.6666666666666665,5.210062160062178,0.37602379566520394
10 min,3.683333333333333,5.216550116550135,0.3723361937833132
10 min,3.7,5.228943278943298,0.3717036171833251
10 min,3.716666666666667,5.24211344211346,0.37170361718332523
10 min,3.7333333333333334,5.253729603729623,0.3723361937833134
10 min,3.75,5.260062160062178,0.37232290148773095
10 min,3.7666666666666666,5.266200466200484,0.372940464627198
10 min,3.783333333333333,5.277233877233895,0.3746578301978713
10 min,3.8,5.289432789432808,0.37633636031977236
10 min,3.816666666666667,5.30046620046622,0.3779760549929011
10 min,3.8333333333333335,5.3066045066045255,0.3782984687216987
10 min,3.85,5.312937062937082,0.37858032583678547
10 min,3.8666666666666667,5.324553224553243,0.37929057333431815
10 min,3.8833333333333333,5.337723387723407,0.3792905733343181
10 min,3.9,5.350116550116569,0.37858032583678536
10 min,3.9166666666666665,5.3580031080031265,0.375881385346161
10 min,3.933333333333333,5.364335664335682,0.3761578771548706
10 min,3.95,5.374203574203593,0.37989618550479626
10 min,3.966666666666667,5.386013986014005,0.3822513439455464
10 min,3.9833333333333334,5.397435897435916,0.383223352477121
10 min,4.0,5.406138306138325,0.38281221109952
10 min,4.016666666666667,5.41052836052838,0.3818270972446026
10 min,4.033333333333333,5.419230769230788,0.38398602126802484
10 min,4.05,5.4306526806527,0.3844440167193948
10 min,4.066666666666666,5.442463092463112,0.38320108359871263
10 min,4.083333333333333,5.452331002331022,0.3802572219059783
10 min,4.1,5.458663558663577,0.3764216090730509
10 min,4.116666666666666,5.467948717948737,0.37911321871962256
10 min,4.133333333333334,5.478593628593648,0.38348708439530166
10 min,4.15,5.49040404040406,0.38584224283605195
10 min,4.166666666666667,5.50104895104897,0.38617869404187344
10 min,4.183333333333334,5.506798756798776,0.38321799251720734
10 min,4.2,5.514141414141434,0.3848160493866559
10 min,4.216666666666667,5.523620823620844,0.3877412385364454
10 min,4.233333333333333,5.5350427350427545,0.3882925967025397
10 min,4.25,5.546076146076166,0.38647012388493895
10 min,4.266666666666667,5.552991452991472,0.3809953745880842
10 min,4.283333333333333,5.562276612276632,0.3797242599365779
10 min,4.3,5.572338772338792,0.3831261170806822
10 min,4.316666666666666,5.582983682983703,0.3874999827563612
10 min,4.333333333333333,5.594017094017114,0.3891448936995787
10 min,4.35,5.603108003108023,0.38806084991033485
10 min,4.366666666666666,5.61006216006218,0.3862010320068443
10 min,4.383333333333334,5.616822066822086,0.3872664032531433
10 min,4.4,5.626728826728845,0.38688133434910243
10 min,4.416666666666667,5.635042735042754,0.3892178202469079
10 min,4.433333333333334,5.6429681429681615,0.38815244900060897
10 min,4.45,5.65031080031082,0.38563840122842064
10 min,4.466666666666667,5.659013209013229,0.3853766401943788
10 min,4.483333333333333,5.6688811188811385,0.3891149485443047
10 min,4.5,5.681118881118901,0.39072991433224774
10 min,4.516666666666667,5.690986790986811,0.3943935325103941
10 min,4.533333333333333,5.699689199689219,0.39398239113279304
10 min,4.55,5.707031857031877,0.3914496708176597
10 min,4.566666666666666,5.714957264957285,0.3904963348290299
10 min,4.583333333333333,5.723271173271193,0.392870165812725
10 min,4.6,5.733177933177953,0.3924477518227944
10 min,4.616666666666666,5.739937839937861,0.39340108781142424
10 min,4.633333333333334,5.746891996892018,0.39155994245087855
10 min,4.65,5.755982905982926,0.3906252790051937
10 min,4.666666666666667,5.767016317016337,0.39234488012019064
10 min,4.683333333333334,5.777661227661248,0.3967187457958695
10 min,4.7,5.789121989122009,0.39762346408627974
10 min,4.716666666666667,5.796658896658917,0.39923102994360743
10 min,4.733333333333333,5.8036130536130734,0.39737121204011694
10 min,4.75,5.811926961926982,0.3957449736398442
10 min,4.766666666666667,5.8214063714063915,0.3961000973886105
10 min,4.783333333333333,5.829720279720299,0.3984365832864159
10 min,4.8,5.838073038073058,0.3966310193873097
10 min,4.816666666666666,5.845260295260315,0.3980870267572516
10 min,4.833333333333333,5.853613053613074,0.39737121204011683
10 min,4.85,5.861926961926983,0.39574497363984407
10 min,4.866666666666666,5.871406371406392,0.3961000973886105
10 min,4.883333333333334,5.8797202797203,0.39843658328641585
10 min,4.9,5.888073038073058,0.3966310193873097
10 min,4.916666666666667,5.895260295260314,0.39808702675725194
10 min,4.933333333333334,5.903613053613074,0.39737121204011727
10 min,4.95,5.911926961926983,0.3957449736398446
10 min,4.966666666666667,5.921406371406392,0.39610009738861096
10 min,4.983333333333333,5.929720279720302,0.3984365832864163
10 min,5.0,5.9380730380730595,0.3966310193873099
10 min,5.016666666666667,5.945260295260317,0.3980870267572517
10 min,5.033333333333333,5.953613053613076,0.39737121204011683
10 min,5.05,5.9619269619269835,0.3957449736398441
10 min,5.066666666666666,5.971406371406392,0.39610009738861046
10 min,5.083333333333333,5.979720279720301,0.39843658328641585
10 min,5.1,5.988073038073059,0.3966310193873096
10 min,5.116666666666666,5.996658896658918,0.39566457807533706
10 min,5.133333333333334,6.003263403263425,0.39797682421059544
10 min,5.15,6.010217560217582,0.39870574425107297
10 min,5.166666666666667,6.018725718725741,0.40074312402894663
10 min,5.183333333333334,6.026456876456899,0.4040889635442164
10 min,5.2,6.034615384615407,0.40261985085093177
10 min,5.216666666666667,6.043395493395516,0.40131695833313785
10 min,5.233333333333333,6.050582750582773,0.402619850850932
10 min,5.25,6.058508158508181,0.4016665148623023
10 min,5.266666666666667,6.0683760683760894,0.40134873619942585
10 min,5.283333333333333,6.0778554778555,0.4016665148623024
10 min,5.3,6.0846153846154065,0.4026198508509322
10 min,5.316666666666666,6.093395493395516,0.4013169583331382
10 min,5.333333333333333,6.101981351981372,0.4002020295598856
10 min,5.35,6.10955710955713,0.40341497337141974
10 min,5.366666666666666,6.116317016317037,0.404017850314116
10 min,5.383333333333334,6.123465423465444,0.40490244622015137
10 min,5.4,6.1286713286713494,0.4060687610895257
10 min,5.416666666666667,6.136674436674458,0.40462500909006216
10 min,5.433333333333334,6.145260295260316,0.40301538247272595
10 min,5.45,6.153613053613075,0.40537979007776237
10 min,5.466666666666667,6.161926961926984,0.4047802924515468
10 min,5.483333333333333,6.171406371406393,0.40410867542625606
10 min,5.5,6.179720279720301,0.40336493900189013
10 min,5.516666666666667,6.188073038073059,0.4057690122764177
10 min,5.533333333333333,6.196658896658917,0.40428920057741646
10 min,5.55,6.204662004662026,0.4026435142605427
10 min,5.566666666666666,6.209867909867931,0.40382785897968565
10 min,5.583333333333333,6.2170163170163395,0.40462230563687707
10 min,5.6,6.2237762237762455,0.4050268542321168
10 min,5.616666666666666,6.231351981352002,0.40826143386337355
10 min,5.633333333333334,6.239937839937863,0.4072943498582249
10 min,5.65,6.248717948717971,0.405843612572327
10 min,5.666666666666667,6.25827505827508,0.40563130955487847
10 min,5.683333333333334,6.264257964257986,0.40757742054815616
10 min,5.7,6.271406371406394,0.40846201645419156
10 min,5.716666666666667,6.2773892773893,0.4082850972729846
10 min,5.733333333333333,6.283411033411056,0.4102665921025038
10 min,5.75,6.291802641802664,0.4089927739978131
10 min,5.766666666666667,6.301748251748274,0.40860355179915764
10 min,5.783333333333333,6.311693861693884,0.4087450871441234
10 min,5.8,6.317288267288291,0.410337359774987
10 min,5.816666666666666,6.323271173271197,0.41016044059378
10 min,5.833333333333333,6.330846930846954,0.4114342586984707
10 min,5.85,6.336674436674459,0.41323883434678266
10 min,5.866666666666666,6.344483294483316,0.4114342586984705
10 min,5.883333333333334,6.353457653457674,0.41016044059377954
10 min,5.9,6.3606449106449325,0.40791491109307204
10 min,5.916666666666667,6.366239316239338,0.4093506993146015
10 min,5.933333333333334,6.374980574980597,0.41156432241038604
10 min,5.95,6.383527583527606,0.41363580063814887
10 min,5.966666666666667,6.389937839937863,0.4159189723603042
10 min,5.983333333333333,6.39794094794097,0.41427392873660646
10 min,6.0,6.406721056721079,0.4128405786073012
10 min,6.016666666666667,6.413325563325586,0.41011645303275057
10 min,6.033333333333333,6.4179487179487404,0.4107545811312081
10 min,6.05,6.425330225330248,0.4118514800546921
10 min,6.066666666666666,6.432128982129005,0.41248717006092545
10 min,6.083333333333333,6.439937839937864,0.41591897236030445
10 min,6.1,6.447940947940971,0.41427392873660696
10 min,6.116666666666666,6.456721056721079,0.4128405786073018
10 min,6.133333333333334,6.463325563325586,0.4101164530327511
10 min,6.15,6.46794871794874,0.4107545811312088
10 min,6.166666666666667,6.475330225330248,0.4118514800546926
10 min,6.183333333333334,6.482128982129005,0.41248717006092583
10 min,6.2,6.4885392385392615,0.4146451542556138
10 min,6.216666666666667,6.498290598290621,0.4145923832627798
10 min,6.233333333333333,6.508430458430482,0.41439746740192396
10 min,6.25,6.5160062160062395,0.41255793773340865
10 min,6.266666666666667,6.5212121212121446,0.41372682337548744
10 min,6.283333333333333,6.528787878787902,0.4150006414801783
10 min,6.3,6.5353923853924085,0.4154594123052045
10 min,6.316666666666666,6.541219891219915,0.41708663895627135
10 min,6.333333333333333,6.550000000000024,0.41614927205740193
10 min,6.35,6.558780108780132,0.4147159219280967
10 min,6.366666666666666,6.564607614607638,0.4112841196287178
10 min,6.383333333333334,6.572610722610746,0.41130437469357284
10 min,6.4,6.578438228438252,0.41560625365065695
10 min,6.416666666666667,6.583682983683007,0.41842018291643335
10 min,6.433333333333334,6.589937839937863,0.4230034837012983
10 min,6.45,6.596386946386969,0.4214831977890296
10 min,6.466666666666667,6.603613053613076,0.41914786459709624
10 min,6.483333333333333,6.608663558663581,0.4144950151858605
10 min,6.5,6.6166666666666885,0.41297515908962995
10 min,6.516666666666667,6.6232711732711955,0.4154178628363995
10 min,6.533333333333333,6.630069930069952,0.4160535528426327
10 min,6.55,6.638655788655812,0.41813955031872574
10 min,6.566666666666666,6.644677544677568,0.41992630899440697
10 min,6.583333333333333,6.653263403263426,0.4188294100709232
10 min,6.6,6.661460761460784,0.4169174638677748
10 min,6.616666666666666,6.6663170163170395,0.4126880014453239
10 min,6.633333333333334,6.672960372960397,0.4115915323378783
10 min,6.65,6.677039627039651,0.41445762307343287
10 min,6.666666666666667,6.683682983683008,0.41842018291643307
10 min,6.683333333333334,6.6885392385392635,0.4217296655966073
10 min,6.7,6.696736596736621,0.4218016523152024
10 min,6.716666666666667,6.705322455322479,0.42070475339171864
10 min,6.733333333333333,6.711344211344235,0.4169364998865183
10 min,6.75,6.7199300699300935,0.41594740133390906
10 min,6.766666666666667,6.728127428127452,0.4161445755799713
10 min,6.783333333333333,6.732983682983707,0.4196314072573906
10 min,6.8,6.739627039627063,0.4235418056306127
10 min,6.816666666666666,6.7437062937063175,0.4261262244293659
10 min,6.833333333333333,6.750349650349674,0.42480024485489687
10 min,6.85,6.75660450660453,0.42163247722670616
10 min,6.866666666666666,6.763053613053637,0.4183403817031246
10 min,6.883333333333334,6.770279720279744,0.4162345589782145
10 min,6.9,6.776728826728849,0.41499594500274706
10 min,6.916666666666667,6.782983682983707,0.41963140725739
10 min,6.933333333333334,6.7882284382284634,0.42226798752592115
10 min,6.95,6.79405594405597,0.426444678955538
10 min,6.966666666666667,6.802059052059076,0.4263571336495186
10 min,6.983333333333333,6.809285159285183,0.4240739619273634
10 min,7.0,6.816317016317042,0.42131262394740315
10 min,7.016666666666667,6.823737373737399,0.41938372040370026
10 min,7.033333333333333,6.829992229992255,0.41796818724702595
10 min,7.05,6.83566433566436,0.4220728919580478
10 min,7.066666666666666,6.839937839937864,0.42382487632054383
10 min,7.083333333333333,6.844405594405619,0.42676313348171124
10 min,7.1,6.850660450660474,0.42508331554482826
10 min,7.116666666666666,6.859285159285184,0.4240739619273639
10 min,7.133333333333334,6.866317016317041,0.4213126239474037
10 min,7.15,6.873737373737399,0.41938372040370075
10 min,7.166666666666667,6.879992229992254,0.4179681872470262
10 min,7.183333333333334,6.8856643356643605,0.422072891958048
10 min,7.2,6.889937839937864,0.42382487632054394
10 min,7.216666666666667,6.894405594405618,0.4267631334817113
10 min,7.233333333333333,6.9006604506604745,0.4250833155448283
10 min,7.25,6.909285159285183,0.42407396192736396
10 min,7.266666666666667,6.916317016317041,0.42131262394740365
10 min,7.283333333333333,6.9237373737373975,0.41938372040370064
10 min,7.3,6.929992229992255,0.4179681872470262
10 min,7.316666666666666,6.935664335664361,0.422072891958048
10 min,7.333333333333333,6.9399378399378655,0.42382487632054394
10 min,7.35,6.9444055944056196,0.4267631334817113
10 min,7.366666666666666,6.950660450660475,0.4250833155448283
10 min,7.383333333333334,6.959285159285184,0.424073961927364
10 min,7.4,6.96631701631704,0.42131262394740376
10 min,7.416666666666667,6.973737373737398,0.41938372040370075
10 min,7.433333333333334,6.979992229992254,0.41796818724702645
10 min,7.45,6.98566433566436,0.4220728919580483
10 min,7.466666666666667,6.989937839937864,0.42382487632054433
10 min,7.483333333333333,6.994405594405619,0.4267631334817117
10 min,7.5,7.000660450660475,0.4250833155448286
10 min,7.516666666666667,7.009285159285184,0.42407396192736413
10 min,7.533333333333333,7.016317016317041,0.42131262394740376
10 min,7.55,7.023737373737399,0.41938372040370064
10 min,7.566666666666666,7.029992229992255,0.417968187247026
10 min,7.583333333333333,7.037062937062962,0.4196504432761331
10 min,7.6,7.039588189588215,0.42443048849102205
10 min,7.616666666666666,7.042696192696218,0.4297239040929396
10 min,7.633333333333334,7.047979797979823,0.4297263421851639
10 min,7.65,7.056021756021782,0.4297263421851639
10 min,7.666666666666667,7.06425796425799,0.4284500859882488
10 min,7.683333333333334,7.0701243201243456,0.42474894301719485
10 min,7.7,7.075602175602201,0.42120733207075534
10 min,7.716666666666667,7.0826728826729095,0.42040967194768347
10 min,7.733333333333333,7.085975135975161,0.4223559626479792
10 min,7.75,7.090637140637166,0.42446178537288926
10 min,7.766666666666667,7.0947163947164205,0.42704620417164246
10 min,7.783333333333333,7.103341103341128,0.42752480024548567
10 min,7.8,7.112548562548588,0.4270462041716424
10 min,7.816666666666666,7.119774669774694,0.42446178537288926
10 min,7.833333333333333,7.127000777000802,0.42235596264797914
10 min,7.85,7.132672882672908,0.4204096719476834
10 min,7.866666666666666,7.137373737373762,0.41993754576870723
10 min,7.883333333333334,7.140287490287515,0.4250663895927069
10 min,7.9,7.143006993007018,0.43000204702408534
10 min,7.916666666666667,7.150660450660476,0.4321600992640894
10 min,7.933333333333334,7.159285159285185,0.4326891768899427
10 min,7.95,7.1677156177156425,0.4315892799016452
10 min,7.966666666666667,7.173387723387748,0.4277117777219734
10 min,7.983333333333333,7.178282828282854,0.42364108914968046
10 min,8.0,7.18438228438231,0.4219616329835195
10 min,8.016666666666667,7.1877233877234135,0.4202549923442189
10 min,8.033333333333333,7.188888888888914,0.4237966032906585
10 min,8.05,7.193006993007018,0.4300020470240851
10 min,8.066666666666666,7.200660450660475,0.4321600992640893
10 min,8.083333333333334,7.2092851592851845,0.43268917688994274
10 min,8.1,7.217715617715643,0.4315892799016454
10 min,8.116666666666667,7.223387723387749,0.4277117777219737
10 min,8.133333333333333,7.228282828282854,0.4236410891496808
10 min,8.15,7.23438228438231,0.42196163298352
10 min,8.166666666666666,7.237723387723413,0.4202549923442195
10 min,8.183333333333334,7.238888888888916,0.4237966032906591
10 min,8.2,7.24300699300702,0.4300020470240857
10 min,8.216666666666667,7.250660450660477,0.4321600992640898
10 min,8.233333333333333,7.259285159285185,0.43268917688994324
10 min,8.25,7.267715617715645,0.431589279901646
10 min,8.266666666666667,7.27338772338775,0.4277117777219742
10 min,8.283333333333333,7.2782828282828556,0.42364108914968135
10 min,8.3,7.28298368298371,0.4206918466814724
10 min,8.316666666666666,7.288073038073065,0.42057243891973195
10 min,8.333333333333334,7.291996891996919,0.42293014744722435
10 min,8.35,7.295337995338023,0.4330404083228294
10 min,8.366666666666667,7.3022144522144785,0.43807877682131213
10 min,8.383333333333333,7.310062160062186,0.4404636698219442
10 min,8.4,7.317715617715644,0.44019508732472545
10 min,8.416666666666666,7.322610722610749,0.4361243987524325
10 min,8.433333333333334,7.3267288267288535,0.43083602290381834
10 min,8.45,7.330652680652706,0.4256445922755884
10 min,8.466666666666667,7.334965034965062,0.422258495470127
10 min,8.483333333333333,7.341647241647268,0.42353475166704213
10 min,8.5,7.346736596736621,0.4306219914435574
10 min,8.516666666666667,7.3522144522144774,0.4380787768213117
10 min,8.533333333333333,7.360062160062186,0.4404636698219436
10 min,8.55,7.3677156177156435,0.4401950873247249
10 min,8.566666666666666,7.37400932400935,0.4372730293296556
10 min,8.583333333333334,7.376379176379203,0.43054886525951197
10 min,8.6,7.3803418803419065,0.42551049676102926
10 min,8.616666666666667,7.381934731934758,0.4197395069549358
10 min,8.633333333333333,7.386674436674462,0.4193026526176833
10 min,8.65,7.390598290598316,0.42534856432649537
10 min,8.666666666666666,7.395687645687671,0.4324358041030108
10 min,8.683333333333334,7.40392385392388,0.4351229339688682
10 min,8.7,7.412742812742838,0.43582837080333925
10 min,8.716666666666667,7.420979020979046,0.434552114606424
10 min,8.733333333333333,7.427466977467003,0.4312941653781225
10 min,8.75,7.429642579642605,0.424905892541211
10 min,8.766666666666667,7.431623931623958,0.4196054114403768
10 min,8.783333333333333,7.43399378399381,0.41710111067800415
10 min,8.8,7.438733488733515,0.4202500094337015
10 min,8.816666666666666,7.441880341880368,0.4302007382846922
10 min,8.833333333333334,7.448951048951075,0.4353986388077894
10 min,8.85,7.457381507381533,0.4382621278822647
10 min,8.866666666666667,7.466006216006242,0.4387912055081181
10 min,8.883333333333333,7.4736596736597,0.4369858716853497
10 min,8.9,7.479176379176405,0.43284612641395936
10 min,8.916666666666666,7.478593628593655,0.42395355281467534
10 min,8.933333333333334,7.480574980575009,0.4186530717138412
10 min,8.95,7.485703185703214,0.41865307171384125
10 min,8.966666666666667,7.491414141414168,0.42268376651262746
10 min,8.983333333333333,7.495143745143771,0.4331635729894715
10 min,9.0,7.502408702408729,0.4385378327211864
10 min,9.016666666666667,7.510644910644937,0.441224962587044
10 min,9.033333333333333,7.5186868686868955,0.4412249625870441
10 min,9.05,7.5253690753691025,0.43853783272118674
10 min,9.066666666666666,7.529526029526057,0.43316357298947183
10 min,9.083333333333334,7.527195027195054,0.42268376651262785
10 min,9.1,7.530574980575009,0.4186530717138417
10 min,9.116666666666667,7.535703185703214,0.4186530717138417
10 min,9.133333333333333,7.541414141414169,0.42268376651262785
10 min,9.15,7.545143745143773,0.43316357298947183
10 min,9.166666666666666,7.55240870240873,0.43853783272118674
10 min,9.183333333333334,7.560644910644937,0.4412249625870441
10 min,9.2,7.568686868686894,0.441224962587044
10 min,9.216666666666667,7.575369075369101,0.4385378327211864
10 min,9.233333333333333,7.579526029526055,0.4331635729894715
10 min,9.25,7.577195027195054,0.4226837665126274
10 min,9.266666666666667,7.580574980575007,0.41865307171384114
10 min,9.283333333333333,7.5857031857032124,0.41865307171384114
10 min,9.3,7.591414141414169,0.4226837665126273
10 min,9.316666666666666,7.595143745143773,0.43316357298947133
10 min,9.333333333333334,7.602408702408729,0.4385378327211862
10 min,9.35,7.610644910644938,0.44122496258704363
10 min,9.366666666666667,7.618686868686896,0.44122496258704363
10 min,9.383333333333333,7.625369075369102,0.4385378327211862
10 min,9.4,7.6295260295260565,0.43316357298947133
10 min,9.416666666666666,7.628593628593656,0.4237121100906042
10 min,9.433333333333334,7.630225330225357,0.418395985819347
10 min,9.45,7.633993783993811,0.41739620734075833
10 min,9.466666666666667,7.638733488733515,0.4207127746548383
10 min,9.483333333333333,7.64327894327897,0.4283456877615869
10 min,9.5,7.648601398601425,0.4366001430954501
10 min,9.516666666666667,7.655672105672133,0.44178133709087397
10 min,9.533333333333333,7.663325563325591,0.44388926974785853
10 min,9.55,7.670396270396298,0.44292394106640387
10 min,9.566666666666666,7.6757187257187525,0.43888535104650983
10 min,9.583333333333334,7.678127428127455,0.43177349968817647
10 min,9.6,7.678593628593656,0.42371211009060417
10 min,9.616666666666667,7.680225330225357,0.4183959858193469
10 min,9.633333333333333,7.683993783993811,0.41739620734075833
10 min,9.65,7.688733488733516,0.42071277465483836
10 min,9.666666666666666,7.693278943278971,0.428345687761587
10 min,9.683333333333334,7.698601398601426,0.43660014309545025
10 min,9.7,7.705672105672132,0.4417813370908742
10 min,9.716666666666667,7.71332556332559,0.4438892697478587
10 min,9.733333333333333,7.720396270396298,0.44292394106640387
10 min,9.75,7.725718725718752,0.4388853510465097
10 min,9.766666666666667,7.726728826728854,0.4303834263868814
10 min,9.783333333333333,7.728943278943306,0.4240596284159275
10 min,9.8,7.73193473193476,0.42009496429870685
10 min,9.816666666666666,7.736674436674464,0.420060514501573
10 min,9.833333333333334,7.74199689199692,0.4239562790245258
10 min,9.85,7.745337995338024,0.4342006747468372
10 min,9.866666666666667,7.75221445221448,0.4392390432453199
10 min,9.883333333333333,7.760062160062187,0.4414898013992459
10 min,9.9,7.767715617715645,0.44095294920861505
10 min,9.916666666666666,7.774009324009352,0.43762848667342724
10 min,9.933333333333334,7.777777777777807,0.43151641379368255
10 min,9.95,7.779992229992258,0.4247404536685815
10 min,9.966666666666667,7.78162393162396,0.4194243293973243
10 min,9.983333333333333,7.785042735042763,0.4181674650242415
10 min,10.0,7.786674436674465,0.41919882438726175
10 min,10.016666666666667,7.788888888888917,0.4251178315307155
10 min,10.033333333333333,7.79265734265737,0.43222968288904884
10 min,10.05,7.798951048951077,0.4368395748967078
10 min,10.066666666666666,7.806604506604534,0.4389475075536924
10 min,10.083333333333334,7.814452214452242,0.43855348086000256
10 min,10.1,7.821328671328698,0.4356574948156382
10 min,10.116666666666667,7.826068376068403,0.43025954942059963
10 min,10.133333333333333,7.829642579642607,0.4244833677740869
10 min,10.15,7.83302253302256,0.42045267297530065
10 min,10.166666666666666,7.835042735042763,0.41816746502424096
10 min,10.183333333333334,7.838073038073066,0.42022716796523807
10 min,10.2,7.839937839937868,0.42588908921419777
10 min,10.216666666666667,7.843395493395521,0.42932565932017674
10 min,10.233333333333333,7.846658896658925,0.4325691636898647
10 min,10.25,7.849339549339577,0.4352334708506798
10 min,10.266666666666667,7.851048951048979,0.4369324493300402
10 min,10.283333333333333,7.85139860139863,0.43727996765536387
10 min,10.3,7.850000000000028,0.43588989435406905
10 min,10.316666666666666,7.85279720279723,0.4382952233268003
10 min,10.333333333333334,7.852097902097929,0.4376938910836175
10 min,10.35,7.850077700077728,0.4323487155886591
10 min,10.366666666666667,7.844366744366772,0.4283398339674404
10 min,10.383333333333333,7.836130536130564,0.4256672462199612
10 min,10.4,7.827933177933206,0.4252242278943306
10 min,10.416666666666666,7.817793317793345,0.42500090900730336
10 min,10.433333333333334,7.8072649572649855,0.4252454216555764
10 min,10.45,7.7993006993007254,0.42771795136046903
10 min,10.466666666666667,7.79370629370632,0.4268591810405469
10 min,10.483333333333333,7.790675990676018,0.42964252336943365
10 min,10.5,7.782323232323259,0.42797797123836934
10 min,10.516666666666667,7.773387723387749,0.42385083877991225
10 min,10.533333333333333,7.76227661227664,0.4229212482794047
10 min,10.55,7.75334110334113,0.4245440562854347
10 min,10.566666666666666,7.746386946386974,0.4264349553132988
10 min,10.583333333333334,7.7380730380730665,0.4226655747673028
10 min,10.6,7.728593628593657,0.42014968459623947
10 min,10.616666666666667,7.7202797202797475,0.41888728480010884
10 min,10.633333333333333,7.713325563325591,0.4158040859987263
10 min,10.65,7.705788655788683,0.41802349953816664
10 min,10.666666666666666,7.694327894327921,0.4176618125072294
10 min,10.683333333333334,7.683682983683011,0.4138921591966853
10 min,10.7,7.674048174048201,0.4134828796726064
10 min,10.716666666666667,7.664607614607641,0.41475132118786917
10 min,10.733333333333333,7.655944055944083,0.41571697198718666
10 min,10.75,7.645104895104922,0.4118049973446737
10 min,10.766666666666667,7.63368298368301,0.41061802180126444
10 min,10.783333333333333,7.623271173271201,0.4064865547885722
10 min,10.8,7.613053613053639,0.4055493520151241
10 min,10.816666666666666,7.602214452214479,0.40612376073379686
10 min,10.833333333333334,7.592346542346569,0.4064614082467044
10 min,10.85,7.5850427350427605,0.4047785257068235
10 min,10.866666666666667,7.575951825951852,0.40549259610327365
10 min,10.883333333333333,7.566666666666693,0.4028446552684593
10 min,10.9,7.557381507381534,0.4035135696692438
10 min,10.916666666666666,7.549689199689226,0.4057155704586036
10 min,10.933333333333334,7.540637140637166,0.4053514278617009
10 min,10.95,7.529409479409506,0.40081813046697146
10 min,10.966666666666667,7.516200466200492,0.3987591485921411
10 min,10.983333333333333,7.505749805749831,0.39802463482435685
10 min,11.0,7.499650349650375,0.3974959773245128
10 min,11.016666666666667,7.4904040404040675,0.3950717861589781
10 min,11.033333333333333,7.478593628593655,0.39078293829942246
10 min,11.05,7.469347319347346,0.3858866132210938
10 min,11.066666666666666,7.458313908313935,0.3850881893177238
10 min,11.083333333333334,7.450621600621627,0.38863401263621367
10 min,11.1,7.4397824397824674,0.38503517581215574
10 min,11.116666666666667,7.428787878787906,0.3830834382185506
10 min,11.133333333333333,7.416822066822094,0.3815531574476547
10 min,11.15,7.406604506604534,0.3805956473769674
10 min,11.166666666666666,7.397319347319374,0.37898526559874524
10 min,11.183333333333334,7.3870240870241135,0.38043330789847996
10 min,11.2,7.379720279720306,0.37873012718560417
10 min,11.216666666666667,7.371056721056748,0.3785507725668934
10 min,11.233333333333333,7.3602175602175866,0.37866960163460434
10 min,11.25,7.350932400932427,0.379631344347734
10 min,11.266666666666667,7.3447940947941195,0.3791907015902738
10 min,11.283333333333333,7.335314685314711,0.37941437940168343
10 min,11.3,7.324087024087049,0.37509685868105463
10 min,11.316666666666666,7.311305361305386,0.37254224956258913
10 min,11.333333333333334,7.300699300699325,0.372118908925961
10 min,11.35,7.292851592851617,0.3749081130254971
10 min,11.366666666666667,7.2837995337995585,0.37219076971180054
10 min,11.383333333333333,7.270590520590546,0.370416008914293
10 min,11.4,7.257964257964284,0.36842712001207434
10 min,11.416666666666666,7.250660450660477,0.364946922691903
10 min,11.433333333333334,7.244327894327922,0.36490599414971703
10 min,11.45,7.236013986014012,0.36455735479937057
10 min,11.466666666666667,7.227311577311603,0.3613511849136585
10 min,11.483333333333333,7.218414918414944,0.3613440522874876
10 min,11.5,7.209518259518285,0.36222174758361186
10 min,11.516666666666667,7.200815850815878,0.36156133065093954
10 min,11.533333333333333,7.190365190365216,0.36239246186365315
10 min,11.55,7.179759129759156,0.36209415223457597
10 min,11.566666666666666,7.168181818181844,0.35999772961937715
10 min,11.583333333333334,7.158352758352784,0.3561857461346409
10 min,11.6,7.145920745920772,0.3555690097374242
10 min,11.616666666666667,7.137024087024113,0.35464330402230837
10 min,11.633333333333333,7.129720279720305,0.3563671201035042
10 min,11.65,7.121056721056746,0.3571536092298017
10 min,11.666666666666666,7.110217560217586,0.35633409925687043
10 min,11.683333333333334,7.100932400932425,0.35420577780441276
10 min,11.7,7.093395493395518,0.3564478557510268
10 min,11.716666666666667,7.085664335664361,0.35848456500220405
10 min,11.733333333333333,7.075796425796451,0.35475447257249926
10 min,11.75,7.063986013986039,0.35104193955047175
10 min,11.766666666666667,7.052564102564128,0.34734696593612147
10 min,11.783333333333333,7.04526029526032,0.34376928250665895
10 min,11.8,7.039121989122014,0.3477349942812612
10 min,11.816666666666666,7.027661227661254,0.3474383938557307
10 min,11.833333333333334,7.017016317016342,0.34351898423511884
10 min,11.85,7.007381507381531,0.3415636696654928
10 min,11.866666666666667,6.997940947940972,0.34134805589812905
10 min,11.883333333333333,6.987878787878812,0.3426477486843041
10 min,11.9,6.978787878787903,0.34239842174127777
10 min,11.916666666666666,6.967327117327141,0.3429231914779566
10 min,11.933333333333334,6.956837606837631,0.34265429404609543
10 min,11.95,6.949261849261873,0.3421947155411733
10 min,11.966666666666667,6.9430069930070175,0.3418953448162758
10 min,11.983333333333333,6.937490287490312,0.3371961195239589
