series,min_temperature_C,fit_percent,ci_low_percent,ci_high_percent
Celsio,-70.0,89.16677115568761,87.09687193193689,91.16969900148979
Celsio,-69.79959919839679,89.16123614071442,87.08843615182698,91.16369479227971
Celsio,-69.59919839679358,89.1555553913286,87.083660465899,91.1575327171977
Celsio,-69.39879759519039,89.14972508261566,87.08281386848957,91.15120864784353
Celsio,-69.19839679358718,89.14374129025848,87.07858685682932,91.14468709754523
Celsio,-68.99799599198397,89.13759998801463,87.07252167820839,91.14062472827864
Celsio,-68.79759519038076,89.13129704513506,87.06598224074878,91.1308413557225
Celsio,-68.59719438877755,89.12482822371757,87.0604139779482,91.12120829199446
Celsio,-68.39679358717434,89.11818917600226,87.0532648929345,91.11548361934713
Celsio,-68.19639278557115,89.11137544159635,87.04643246816374,91.10901562902885
Celsio,-67.99599198396794,89.10438244463913,87.03955299437648,91.10137593793237
Celsio,-67.79559118236473,89.0972054908963,87.02373297751157,91.09356378570148
Celsio,-67.59519038076152,89.089839764788,87.01711328701424,91.08557801205144
Celsio,-67.39478957915831,89.08228032634631,87.01033555340416,91.07461754697187
Celsio,-67.1943887775551,89.07452210810163,87.00339914539595,91.06812930687386
Celsio,-66.99398797595191,89.06655991189785,86.99615785544506,91.06004859900277
Celsio,-66.7935871743487,89.05838840563298,86.98876899207089,91.0512355565389
Celsio,-66.59318637274549,89.05000211992407,86.98116865195186,91.04222145940267
Celsio,-66.39278557114228,89.0413954446979,86.9702328334425,91.03467837621098
Celsio,-66.19238476953907,89.03256262570022,86.96498004171487,91.02380832098044
Celsio,-65.99198396793587,89.02349776093061,86.95627616319358,91.01311571483147
Celsio,-65.79158316633267,89.0141947969918,86.94782599315599,91.00270292184099
Celsio,-65.59118236472946,89.00464752536101,86.92914109260882,90.99470978496099
Celsio,-65.39078156312625,88.99484957857484,86.91520318556464,90.98634253804518
Celsio,-65.19038076152304,88.98479442633037,86.9007004354006,90.98236843437856
Celsio,-64.98997995991984,88.97447537150269,86.88491928817632,90.9710464954433
Celsio,-64.78957915831663,88.96388554606867,86.87494477589122,90.95462773152148
Celsio,-64.58917835671343,88.95301790695001,86.86282653302659,90.94126566374796
Celsio,-64.38877755511022,88.94186523175753,86.84485858837557,90.92759859426637
Celsio,-64.18837675350701,88.93042011445073,86.83487262632022,90.91587625265456
Celsio,-63.987975951903806,88.9186749608994,86.81556209299936,90.89951824834287
Celsio,-63.7875751503006,88.90662198435521,86.80473708834468,90.88924408111876
Celsio,-63.587174348697395,88.89425320082317,86.79564964723114,90.8786233290548
Celsio,-63.38677354709419,88.88156042434053,86.7784254891243,90.86508117968991
Celsio,-63.186372745490985,88.8685352621542,86.75723093208028,90.8449200565108
Celsio,-62.985971943887776,88.85516910980162,86.74003362818429,90.832581872509
Celsio,-62.78557114228457,88.84145314608956,86.72597288201777,90.8139121316546
Celsio,-62.585170340681366,88.8273783279707,86.70458752446359,90.80404318414199
Celsio,-62.38476953907816,88.81293538532113,86.68280501444394,90.79186855806604
Celsio,-62.18436873747495,88.79811481560748,86.6611075048025,90.7806690774878
Celsio,-61.983967935871746,88.78290687845922,86.64213005197597,90.77226741632887
Celsio,-61.78356713426854,88.76730159012433,86.62222104761443,90.76298806562676
Celsio,-61.58316633266533,88.75128871782772,86.60563669174847,90.7487213406374
Celsio,-61.38276553106212,88.73485777401717,86.58265969621037,90.73597480848427
Celsio,-61.18236472945892,88.7179980105047,86.55825157177297,90.71921688163431
Celsio,-60.98196392785571,88.70069841249415,86.53812114656522,90.7083859753382
Celsio,-60.78156312625251,88.68294769250905,86.51124742411203,90.68782095624654
Celsio,-60.5811623246493,88.66473428420016,86.47685522514983,90.67665769366971
Celsio,-60.38076152304609,88.64604633605255,86.45209393421851,90.65898424965006
Celsio,-60.18036072144289,88.62687170497513,86.42919843781351,90.63805049006034
Celsio,-59.97995991983968,88.60719794978777,86.39594545967309,90.6159196435687
Celsio,-59.77955911823647,88.58701232459109,86.37268415460004,90.59935319439089
Celsio,-59.57915831663327,88.56630177203161,86.34306422195148,90.58030772871396
Celsio,-59.37875751503006,88.54505291645471,86.3131545475847,90.56380511776705
Celsio,-59.17835671342685,88.52325205694947,86.29196821453071,90.54671676103887
Celsio,-58.97795591182365,88.50088516028596,86.25058790589615,90.52484774385212
Celsio,-58.77755511022044,88.47793785374274,86.20789349348816,90.50532143732065
Celsio,-58.57715430861723,88.4543954178289,86.17427027074667,90.48627388100712
Celsio,-58.37675350701403,88.43024277890312,86.14468937688878,90.46664857961139
Celsio,-58.17635270541082,88.40546450168415,86.11883458190326,90.44662085399153
Celsio,-57.97595190380761,88.38004478166258,86.0972617984375,90.42560065595427
Celsio,-57.77555110220441,88.35396743741069,86.05827797832448,90.4045174332338
Celsio,-57.5751503006012,88.32721590279503,86.01350339166696,90.3834235532064
Celsio,-57.374749498998,88.29977321909114,85.9686662025505,90.36108343442993
Celsio,-57.17434869739479,88.27162202700751,85.94040754470264,90.33502323192454
Celsio,-56.97394789579158,88.24274455861755,85.8870163310552,90.30822504143687
Celsio,-56.77354709418837,88.21312262920429,85.83533969272692,90.29072070190745
Celsio,-56.57314629258517,88.1827376290239,85.79493874493313,90.26685054165301
Celsio,-56.37274549098196,88.15157051498545,85.758034188201,90.24455601155755
Celsio,-56.17234468937876,88.11960180226035,85.7079232675709,90.21668172788654
Celsio,-55.97194388777555,88.08681155581978,85.65597949939236,90.1908242697952
Celsio,-55.77154308617234,88.05317938190066,85.60951303262198,90.15737205704072
Celsio,-55.571142284569135,88.01868441942334,85.54972949302899,90.12928634267165
Celsio,-55.37074148296593,87.98330533134349,85.49279509204042,90.10365990507663
Celsio,-55.170340681362724,87.94702029596151,85.43477537401706,90.0770883792826
Celsio,-54.96993987975952,87.90980699819426,85.3730866094754,90.05329675414498
Celsio,-54.76953907815631,87.87164262080336,85.31736300970499,90.02264198311443
Celsio,-54.569138276553105,87.8325038356085,85.2641775912632,89.99787116989584
Celsio,-54.368737474949896,87.79236679467584,85.19669615823742,89.97034345369471
Celsio,-54.168336673346694,87.75120712149912,85.12338352507282,89.94104589682142
Celsio,-53.967935871743485,87.70899990218585,85.04158204761026,89.90523228629186
Celsio,-53.76753507014028,87.66571967664841,84.96200141224253,89.87243245723289
Celsio,-53.567134268537075,87.62134042982119,84.87995229663649,89.8450569666223
Celsio,-53.366733466933866,87.5758355829077,84.80438884109813,89.81299573965632
Celsio,-53.16633266533066,87.52917798467733,84.72427929563547,89.77957034279775
Celsio,-52.965931863727455,87.48133990281465,84.63317334061784,89.74167476823457
Celsio,-52.765531062124246,87.43229301534208,84.5483368379764,89.70803353040013
Celsio,-52.565130260521045,87.38200840213138,84.47318837130199,89.67054106034605
Celsio,-52.364729458917836,87.3304565365119,84.38731891162352,89.63829769302944
Celsio,-52.16432865731463,87.27760727699476,84.29299417352034,89.61238123667692
Celsio,-51.96392785571142,87.22342985913453,84.19531374740991,89.58172557050803
Celsio,-51.763527054108216,87.16789288753655,84.09611172901012,89.54176562609057
Celsio,-51.563126252505015,87.11096432803765,83.97376935899932,89.50251466068967
Celsio,-51.362725450901806,87.05261150007246,83.8672980088172,89.4594080598643
Celsio,-51.1623246492986,86.99280106924775,83.75173787105878,89.42156623098688
Celsio,-50.96192384769539,86.93149904014872,83.62258097203565,89.38704064463008
Celsio,-50.76152304609218,86.86867074939659,83.52186860669174,89.34623381534843
Celsio,-50.56112224448898,86.80428085897927,83.3976192471746,89.30049945333387
Celsio,-50.360721442885776,86.73829334988508,83.3005185438619,89.25815406239194
Celsio,-50.16032064128257,86.67067151605625,83.17812519389565,89.22913822271185
Celsio,-49.95991983967936,86.60137795869719,83.04537451137458,89.18048348314278
Celsio,-49.75951903807615,86.53037458096013,82.91292980971386,89.15368351833877
Celsio,-49.55911823647294,86.45762258303482,82.7802703473861,89.12134569879419
Celsio,-49.35871743486974,86.3830824576793,82.63752173907095,89.07642423842316
Celsio,-49.15831663326654,86.30671398621338,82.48711874771885,89.03290259488791
Celsio,-48.95791583166333,86.2284762350146,82.31798707045219,88.99257021256345
Celsio,-48.75751503006012,86.14832755254523,82.15502143627053,88.95435446494757
Celsio,-48.55711422845691,86.06622556694496,81.98502694623865,88.90145287886416
Celsio,-48.3567134268537,85.9821271842281,81.82747502964205,88.85153711468571
Celsio,-48.1563126252505,85.89598858711673,81.63725873496163,88.80031391825993
Celsio,-47.9559118236473,85.80776523455349,81.47618691329366,88.75283965633697
Celsio,-47.75551102204409,85.7174118619274,81.30542954008068,88.71915851425965
Celsio,-47.55511022044088,85.62488248205665,81.1208354903137,88.67328449080284
Celsio,-47.35470941883767,85.53013038697124,80.9351140438335,88.6200342317803
Celsio,-47.15430861723446,85.43310815053107,80.74575565779297,88.56757043086922
Celsio,-46.95390781563126,85.33376763193039,80.55866523234005,88.51073398290573
Celsio,-46.75350701402806,85.23205998013252,80.35129779806267,88.44510674855982
Celsio,-46.55310621242485,85.12793563927544,80.14524279825913,88.38923915235483
Celsio,-46.35270541082164,85.02134435510102,79.94473997129282,88.33115601328178
Celsio,-46.15230460921843,84.9122351824535,79.72891431801179,88.27332328547553
Celsio,-45.95190380761523,84.80055649389685,79.51060478255344,88.2185130850206
Celsio,-45.75150300601202,84.68625598949988,79.2836677287953,88.16791496887359
Celsio,-45.55110220440882,84.56928070784019,79.0525578126686,88.10821147370636
Celsio,-45.35070140280561,84.44957703828219,78.81214849394398,88.04606118597843
Celsio,-45.1503006012024,84.32709073457184,78.5786249051586,87.98475551080868
Celsio,-44.949899799599194,84.20176692981441,78.3201632811513,87.92700720086859
Celsio,-44.74949899799599,84.07355015287752,78.081338790926,87.8559713570666
Celsio,-44.549098196392784,83.94238434627648,77.82948850229147,87.77658360829811
Celsio,-44.34869739478958,83.80821288560267,77.57353552659596,87.6977461127257
Celsio,-44.14829659318637,83.67097860053893,77.31336765923606,87.61665257932405
Celsio,-43.947895791583164,83.53062379752258,77.04905760522021,87.53960492239037
Celsio,-43.747494989979955,83.38709028411088,76.78011282353408,87.4696953515127
Celsio,-43.547094188376754,83.24031939510127,76.50955266541904,87.39723462925126
Celsio,-43.346693386773545,83.0902520204607,76.22888430912121,87.32168275726767
Celsio,-43.14629258517034,82.93682863511702,75.94663956483565,87.25399752557581
Celsio,-42.945891783567134,82.7799893306654,75.65517700871466,87.19104944895
Celsio,-42.745490981963925,82.61967384904456,75.35076063580448,87.10425431089072
Celsio,-42.54509018036072,82.45582161822503,75.04734247244039,87.0366856953324
Celsio,-42.344689378757515,82.28837178996962,74.75355783679086,86.95791129539896
Celsio,-42.144288577154306,82.11726327970298,74.4410859380047,86.88074817694705
Celsio,-41.943887775551104,81.9424348085454,74.10633812465547,86.78889285120619
Celsio,-41.743486973947896,81.76382494754601,73.76941626042385,86.71197049708972
Celsio,-41.54308617234469,81.58137216416287,73.43350882577404,86.62752010448573
Celsio,-41.34268537074148,81.39501487102736,73.09113899471579,86.52845411272139
Celsio,-41.142284569138276,81.20469147702184,72.74280374947637,86.42899370300893
Celsio,-40.941883767535074,81.01034044071469,72.36824031684334,86.32471588272001
Celsio,-40.741482965931866,80.81190032617103,71.9843391767745,86.2201528476711
Celsio,-40.54108216432866,80.60930986116868,71.60920335204985,86.11392120213772
Celsio,-40.34068136272545,80.40250799783932,71.2424334453928,86.01025491302879
Celsio,-40.14028056112224,80.19143397574886,70.87006349724474,85.93026472314271
Celsio,-39.93987975951904,79.97602738743095,70.49238069705905,85.83110696864318
Celsio,-39.739478957915836,79.75622824637641,70.09969850541106,85.72653073391596
Celsio,-39.53907815631263,79.53197705748013,69.70803798235177,85.6103201260577
Celsio,-39.33867735470942,79.30321488993644,69.29169842540284,85.49260157397607
Celsio,-39.13827655310621,79.06988345257696,68.87985364927907,85.38622369692992
Celsio,-38.937875751503,78.83192517161949,68.47300830156979,85.26955690616407
Celsio,-38.7374749498998,78.58928327081483,68.0408432175173,85.14994272960061
Celsio,-38.5370741482966,78.34190185394652,67.61666033664869,85.02467651244064
Celsio,-38.33667334669339,78.08972598964621,67.18134612294851,84.89434176761856
Celsio,-38.13627254509018,77.83270179847196,66.73266912355902,84.77515938132666
Celsio,-37.93587174348697,77.57077654219191,66.29701435124419,84.63442671392448
Celsio,-37.73547094188377,77.3038987152032,65.85538720971279,84.51116767073839
Celsio,-37.53507014028056,77.0320181380066,65.40333741777549,84.37472172350246
Celsio,-37.33466933867735,76.75508605265516,64.9028552229457,84.24665274847594
Celsio,-37.13426853707415,76.47305522007093,64.44527716561316,84.10283518402488
Celsio,-36.93386773547094,76.1858800191303,63.98246230537202,83.96142973154438
Celsio,-36.73346693386773,75.89351654739166,63.51445704108756,83.82140898244587
Celsio,-36.53306613226453,75.59592272334456,63.03103214288365,83.67316427916826
Celsio,-36.33266533066132,75.29305839003165,62.53743971097697,83.52138814292356
Celsio,-36.13226452905811,74.98488541989981,62.07186524024428,83.36641207012123
Celsio,-35.93186372745491,74.6713678207109,61.579230894219826,83.20785938607521
Celsio,-35.7314629258517,74.35247184234876,61.05878600876744,83.04569823841149
Celsio,-35.53106212424849,74.02816608432376,60.55603173089158,82.88260267268032
Celsio,-35.33066132264529,73.69842160379136,60.05050821701392,82.71934556414327
Celsio,-35.13026052104208,73.36321202386988,59.545277351751395,82.5528077007286
Celsio,-34.92985971943887,73.02251364204294,59.0193725382403,82.37859604378609
Celsio,-34.72945891783567,72.67630553841153,58.49721717844271,82.1743636891543
Celsio,-34.52905811623246,72.32456968356539,57.970832342756076,81.99740145443846
Celsio,-34.328657314629254,71.96729104581047,57.44149637557129,81.80350141156767
Celsio,-34.12825651302605,71.60445769750555,56.908600294412786,81.6271031552358
Celsio,-33.92785571142284,71.23606092022655,56.34522826374636,81.42515176237825
Celsio,-33.72745490981964,70.86209530848727,55.80463352257121,81.21084720530422
Celsio,-33.52705410821643,70.48255887172377,55.19324982478106,81.03599287928918
Celsio,-33.326653306613224,70.0974531342522,54.66490650610348,80.79311303159876
Celsio,-33.12625250501002,69.70678323289295,54.09129502622868,80.57749900354925
Celsio,-32.92585170340681,69.3105580119542,53.52801182106182,80.35045988729543
Celsio,-32.725450901803605,68.90879011526127,52.97268229547797,80.10974217375342
Celsio,-32.5250501002004,68.50149607491123,52.41589012816043,79.8756771621563
Celsio,-32.324649298597194,68.08869639643392,51.85676439051512,79.66642963271933
Celsio,-32.124248496993985,67.67041564002909,51.29539778083454,79.43194673136908
Celsio,-31.923847695390783,67.246682497559,50.731961932365245,79.19456959744376
Celsio,-31.723446893787575,66.81752986496609,50.16667340101454,78.94365731017037
Celsio,-31.523046092184366,66.38299490979422,49.600000612336984,78.686704013718
Celsio,-31.322645290581164,65.94311913348707,49.03177795058934,78.43070370079516
Celsio,-31.122244488977955,65.49794842814757,48.46122171492788,78.17588473708143
Celsio,-30.921843687374746,65.04753312744623,47.8634940568313,77.91494523481045
Celsio,-30.721442885771545,64.59192805136439,47.279574881791305,77.6507637358093
Celsio,-30.521042084168336,64.13119254448331,46.71600421984955,77.36739600516515
Celsio,-30.320641282565127,63.66539050752327,46.10616844379299,77.1037213593275
Celsio,-30.120240480961925,63.194590421856965,45.53167321826295,76.82209908973628
Celsio,-29.919839679358716,62.71886536673147,44.96011673624198,76.53442014556478
Celsio,-29.719438877755508,62.23829302895155,44.38789811610492,76.24058139573395
Celsio,-29.519038076152306,61.75295570478257,43.81569585230516,75.94115783635482
Celsio,-29.318637274549097,61.26294029386405,43.24447691642304,75.63582476551203
Celsio,-29.11823647294589,60.76833828492629,42.65059097374224,75.30703316952265
Celsio,-28.917835671342687,60.2692457331389,42.09137269076476,74.98507439934095
Celsio,-28.717434869739478,59.765763228932144,41.53184657591069,74.67485437286253
Celsio,-28.51703406813627,59.25799585815498,40.929247018248425,74.33044198706703
Celsio,-28.316633266533067,58.746053153465326,40.29434879212089,74.00760966105692
Celsio,-28.11623246492986,58.230049036862184,39.66128999090248,73.65423283107211
Celsio,-27.91583166332665,57.71010175331411,39.03031976363628,73.31782354745773
Celsio,-27.715430861723448,57.18633379543895,38.465719429806796,72.97419353904684
Celsio,-27.51503006012024,56.658871819244844,37.917358836562755,72.61385259552658
Celsio,-27.31462925851703,56.12784655096405,37.32065291774165,72.24679584071045
Celsio,-27.11422845691383,55.59339268502076,36.725198839133085,71.87294086630152
Celsio,-26.91382765531062,55.05564877324427,36.13356673087249,71.49267481437641
Celsio,-26.71342685370741,54.514757105429936,35.54578422673457,71.10646247296788
Celsio,-26.51302605210421,53.97086358140528,34.96305308460332,70.71405388980835
Celsio,-26.312625250501,53.42411757478412,34.396304589656175,70.31519391906494
Celsio,-26.11222444889779,52.874671788621846,33.84429541457708,69.90982475529957
Celsio,-25.91182364729459,52.322682103208294,33.24103591972037,69.49713195878827
Celsio,-25.71142284569138,51.76830741628334,32.66218829965289,69.08437252426832
Celsio,-25.511022044088172,51.21170947596987,32.094927767839856,68.67599721738426
Celsio,-25.31062124248497,50.65305270676119,31.534146998357304,68.26377959281517
Celsio,-25.11022044088176,50.09250402892156,30.976931735543797,67.86012271241441
Celsio,-24.909819639278552,49.53023267168719,30.42482027520026,67.44974867532392
Celsio,-24.70941883767535,48.96640998068228,29.88882730270088,67.02880133090513
Celsio,-24.509018036072142,48.40120921998503,29.372008773119287,66.54880008147644
Celsio,-24.308617234468933,47.83480536930461,28.87262448302412,66.105821889916
Celsio,-24.10821643286573,47.267374916750065,28.352615906118597,65.65887472395612
Celsio,-23.907815631262523,46.69909564768649,27.849840786323742,65.20659504506968
Celsio,-23.70741482965932,46.13014643020349,27.352338980700956,64.76333705872806
Celsio,-23.507014028056112,45.56070699771715,26.87894070723786,64.28349695547244
Celsio,-23.306613226452903,44.99095772925775,26.41238487137354,63.79624134202384
Celsio,-23.1062124248497,44.42107942799369,25.950556911508137,63.27975421638253
Celsio,-22.905811623246493,43.85125309855522,25.453987192148457,62.75736760554348
Celsio,-22.705410821643284,43.281659723727564,24.949903693902307,62.22447875649206
Celsio,-22.505010020040082,42.71248004108271,24.473528501566076,61.682646129444386
Celsio,-22.304609218436873,42.14389432012714,24.01295088493807,61.135769581850404
Celsio,-22.104208416833664,41.57608214052964,23.55639691342439,60.612054827542686
Celsio,-21.903807615230463,41.00922217200106,23.10549576801078,60.089903819806864
Celsio,-21.703406813627254,40.443491956387376,22.641874931342468,59.563836255312495
Celsio,-21.503006012024045,39.879067692520074,22.176428907915493,59.047268268434614
Celsio,-21.302605210420843,39.31612402437139,21.71733792979141,58.51104375745156
Celsio,-21.102204408817634,38.75483383303662,21.27703709915334,57.95753403916605
Celsio,-20.901803607214426,38.19536803305452,20.8811498646449,57.44408396237177
Celsio,-20.701402805611224,37.63789537355899,20.44999761551665,56.910371226571854
Celsio,-20.501002004008015,37.0825822447335,19.99927658384024,56.332520663904965
Celsio,-20.300601202404806,36.52959249001995,19.565157282959166,55.755356628141335
Celsio,-20.100200400801604,35.979087224507936,19.133446457761025,55.19501460664006
Celsio,-19.899799599198396,35.43122465990937,18.74788956707395,54.63060583598163
Celsio,-19.699398797595187,34.88615993648937,18.356476248485368,54.03454641894203
Celsio,-19.498997995991985,34.34404496230482,17.956534878821977,53.43113146697917
Celsio,-19.298597194388776,33.80502826007132,17.56309460847364,52.857214115080446
Celsio,-19.098196392785567,33.269254821938475,17.178505312003555,52.257145295070956
Celsio,-18.897795591182366,32.73686597244436,16.814138967503887,51.701367306972315
Celsio,-18.697394789579157,32.20799923986626,16.45650798812089,51.121053822167305
Celsio,-18.496993987975948,31.68278823616797,16.1218486445851,50.52710157666306
Celsio,-18.296593186372746,31.161362545705934,15.763094259508744,49.9028909191253
Celsio,-18.096192384769537,30.6438476228282,15.393844735493202,49.36223060058694
Celsio,-17.89579158316633,30.130364698460006,15.052293108859597,48.77377788593237
Celsio,-17.695390781563127,29.621030695753973,14.679029566039599,48.18262659924851
Celsio,-17.494989979959918,29.115958154831937,14.313229868669483,47.59015503302805
Celsio,-17.29458917835671,28.615255166632256,13.986880583283227,46.99657214327228
Celsio,-17.094188376753507,28.119025315837543,13.687722284294129,46.41585962485582
Celsio,-16.8937875751503,27.627367632827188,13.393845921852439,45.84758286616995
Celsio,-16.69338677354709,27.140376554581874,13.099516566362588,45.27942814335366
Celsio,-16.492985971943888,26.658141894424237,12.791001695529236,44.711586769761226
Celsio,-16.29258517034068,26.180748820470303,12.494783687873495,44.123323486405624
Celsio,-16.09218436873747,25.70827784263086,12.213282316868288,43.524328850176616
Celsio,-15.891783567134269,25.240804807982403,11.937231788662743,42.951768815189254
Celsio,-15.69138276553106,24.778400904307947,11.66687344055666,42.325424651117125
Celsio,-15.490981963927851,24.321132671584355,11.39177581778691,41.7512891781697
Celsio,-15.29058116232465,23.869062021175626,11.117982695650586,41.112645539569215
Celsio,-15.09018036072144,23.4222462624758,10.859023920718476,40.50556228025317
Celsio,-14.889779559118232,22.980738136728604,10.606663920987113,39.91409689799258
Celsio,-14.68937875751503,22.54458585773647,10.36100084141311,39.32405614804367
Celsio,-14.488977955911821,22.11383315916225,10.121942447065825,38.735869696250944
Celsio,-14.288577154308612,21.68851934811295,9.888261138556835,38.11765488359007
Celsio,-14.08817635270541,21.26867936468962,9.645535464434467,37.53237587357035
Celsio,-13.887775551102202,20.854343847177272,9.413744837912086,36.958685345526575
Celsio,-13.687374749498993,20.445539202544627,9.204068721187806,36.387655470431476
Celsio,-13.486973947895791,20.04228768191913,8.97904697791892,35.82642070816215
Celsio,-13.286573146292582,19.644607460699557,8.774248177628767,35.26297683111296
Celsio,-13.08617234468938,19.252512722968227,8.549262440667205,34.69612432250662
Celsio,-12.885771543086172,18.86601374986312,8.342055896514612,34.16981232689387
Celsio,-12.685370741482963,18.48511701157301,8.146968692587711,33.616973427101975
Celsio,-12.484969939879761,18.109825262622003,7.956134205982462,33.04546936033192
Celsio,-12.284569138276552,17.74013764011077,7.769351655151603,32.480591371495436
Celsio,-12.084168336673343,17.376049764590075,7.586554502954762,31.925529470507097
Celsio,-11.883767535070142,17.017553843244198,7.400109216960405,31.37490712269122
Celsio,-11.683366733466933,16.66463877507389,7.21419216536994,30.828647908702585
Celsio,-11.482965931863724,16.317290257768967,7.032620585372789,30.286896970803838
Celsio,-11.282565130260522,15.975490895976318,6.855232895178482,29.749793805613862
Celsio,-11.082164328657313,15.639220310672577,6.681952014693133,29.21747216687721
Celsio,-10.881763527054105,15.308455249363174,6.512733326048283,28.69928827251569
Celsio,-10.681362725450903,14.983169696839433,6.35986271046417,28.198965466418187
Celsio,-10.480961923847694,14.663334986234675,6.187895496356363,27.703334828659283
Celsio,-10.280561122244485,14.34891991013264,6.039355701131456,27.212494497698412
Celsio,-10.080160320641284,14.03989083149244,5.898947314077138,26.72653754332442
Celsio,-9.879759519038075,13.73621179416577,5.761575447763004,26.245267351993036
Celsio,-9.679358717434866,13.437844632793354,5.619681235016652,25.760729720157794
Celsio,-9.478957915831664,13.144749081881127,5.470712480165989,25.28422461904439
Celsio,-9.278557114228455,12.856882883865678,5.325771560155605,24.777738668014372
Celsio,-9.078156312625246,12.574201895994452,5.184479682831793,24.29470414470303
Celsio,-8.877755511022045,12.29666019585439,5.063468316442729,23.840741224485107
Celsio,-8.677354709418836,12.024210185395098,4.937908519168435,23.371092791951586
Celsio,-8.476953907815627,11.756802693308014,4.800805984957415,22.932698369927678
Celsio,-8.276553106212425,11.494387075628863,4.679433975501974,22.49863577160635
Celsio,-8.076152304609217,11.236911314446184,4.560282051851137,22.020600925825015
Celsio,-7.875751503006008,10.98432211460812,4.446339108898341,21.549210062246885
Celsio,-7.675350701402806,10.736564998330225,4.336402552375983,21.116757128038742
Celsio,-7.474949899799597,10.493584397618722,4.229048128731923,20.703273264164416
Celsio,-7.274549098196388,10.255323744431905,4.12422185734212,20.27088835522804
Celsio,-7.074148296593187,10.021725558513952,4.021870557700611,19.869242269820997
Celsio,-6.873747494989978,9.792731532843728,3.9222040083022147,19.47266855223034
Celsio,-6.673346693386769,9.56828261665042,3.8264588539947426,19.057467087581653
Celsio,-6.472945891783567,9.348319095957034,3.7307744597968133,18.64672692734165
Celsio,-6.272545090180358,9.132780671619681,3.633414342280196,18.242210350561265
Celsio,-6.0721442885771495,8.92160653484055,3.5370561229958017,17.844000108802515
Celsio,-5.871743486973941,8.714735440137716,3.4431502273059,17.45230845985536
Celsio,-5.671342685370746,8.512105775762699,3.3491586392221713,17.0721667508741
Celsio,-5.470941883767537,8.313655631565119,3.262486325045581,16.717187516321236
Celsio,-5.270541082164328,8.119322864306236,3.1759257052132073,16.376634580077507
Celsio,-5.0701402805611195,7.929045160433066,3.09488489617713,16.04414353634521
Celsio,-4.869739478957911,7.7427600963269425,3.0158952375174852,15.686572298817795
Celsio,-4.669338677354702,7.560405196047818,2.938817301006677,15.345524627670022
Celsio,-4.468937875751507,7.381917986598391,2.862984569000707,15.003369045020452
Celsio,-4.268537074148298,7.20723605073787,2.790538338747386,14.651939541560495
Celsio,-4.06813627254509,7.036297077378323,2.719161233793107,14.303784772402443
Celsio,-3.8677354709418807,6.869038909600234,2.6486170485014044,13.990411945100155
Celsio,-3.667334669338672,6.705399590327076,2.581349769086853,13.696796236768664
Celsio,-3.466933867735463,6.54531740570287,2.514944953708582,13.385369058797668
Celsio,-3.2665330661322685,6.388730926216552,2.450355878883351,13.090714409794618
Celsio,-3.0661322645290596,6.235579045622359,2.387416264306997,12.803639850535856
Celsio,-2.865731462925851,6.085801017705793,2.3225675897386577,12.511004670479833
Celsio,-2.665330661322642,5.9393364909458235,2.2587136265667813,12.23202078605464
Celsio,-2.464929859719433,5.796125541128217,2.196571842745033,11.965870894455774
Celsio,-2.2645290581162243,5.656108701962896,2.1372097247940913,11.713610239597259
Celsio,-2.0641282565130297,5.5192269937610705,2.082677886897685,11.472746896126898
Celsio,-1.8637274549098208,5.385421950228754,2.0311546793569075,11.204857871631067
Celsio,-1.663326653306612,5.25463564343342,1.9776157547858901,10.968737817388883
Celsio,-1.4629258517034032,5.126810707000328,1.9274343533724412,10.74378012147513
Celsio,-1.2625250501001943,5.001890357596932,1.8776182657280187,10.522343063019916
Celsio,-1.0621242484969855,4.879818414762356,1.8295270254392386,10.276199812718247
Celsio,-0.8617234468937909,4.760539319139474,1.7827065824573858,10.031319265235522
Celsio,-0.661322645290582,4.643998149166768,1.7370610050169295,9.81000807923484
Celsio,-0.4609218436873732,4.530140636287174,1.6925619937398568,9.592779012163149
Celsio,-0.2605210420841644,4.418913178729697,1.6495015252138245,9.37980234340865
Celsio,-0.060120240480955545,4.3102628539202055,1.6069022764026002,9.17095804499012
Celsio,0.1402805611222533,4.204137429576122,1.565785306059204,8.954932035998347
Celsio,0.3406813627254479,4.100485373539451,1.5266374992119018,8.738387709275791
Celsio,0.5410821643286567,3.999255862401642,1.4867812158491338,8.540605465258238
Celsio,0.7414829659318656,3.900398788972862,1.4467259027203283,8.345201949695447
Celsio,0.9418837675350744,3.803864768647196,1.405719318528278,8.148212418176223
Celsio,1.1422845691382832,3.7096051447140197,1.3665379409266267,7.955267943701319
Celsio,1.342685370741492,3.6175719926656034,1.3297200855889157,7.748010715515816
Celsio,1.5430861723446867,3.527718123548349,1.2932315900382914,7.560898587897937
Celsio,1.7434869739478955,3.439997086405359,1.2570133542702344,7.396796617449593
Celsio,1.9438877755511044,3.35436316985602,1.2248233127627308,7.224702522886083
Celsio,2.144288577154313,3.2707714028570742,1.1922639414028877,7.052204801119082
Celsio,2.344689378757522,3.18917755468888,1.1608626733168395,6.886283952100099
Celsio,2.5450901803607167,3.1095381342086243,1.1309649979596343,6.726303492356659
Celsio,2.7454909819639255,3.031810388411572,1.0997833906565873,6.569736839631955
Celsio,2.9458917835671343,2.9559523003399675,1.0687800947001225,6.407708115814099
Celsio,3.146292585170343,2.881922586377615,1.0398924825418268,6.244163276891516
Celsio,3.346693386773552,2.8096806929673486,1.011048497795456,6.091642289470334
Celsio,3.547094188376761,2.739186792787173,0.9816896942962374,5.941754811729984
Celsio,3.7474949899799554,2.6704017804193536,0.9531978262159523,5.79373658488243
Celsio,3.9478957915831643,2.6032872675459546,0.9278454356823983,5.65620914264423
Celsio,4.148296593186373,2.537805577702504,0.9034083015190353,5.521785816428445
Celsio,4.348697394789582,2.4739197406209206,0.8799576211742323,5.390412565763823
Celsio,4.549098196392791,2.4115934861909265,0.8572579995015188,5.256968368195226
Celsio,4.749498997996,2.3507912380686267,0.8338124811571123,5.125446951344183
Celsio,4.949899799599194,2.29147810695931,0.8118207019502385,4.999688715711148
Celsio,5.150300601202403,2.2336198836006282,0.7900291458760947,4.880313845769844
Celsio,5.350701402805612,2.1771830314711234,0.7682798016408029,4.758037688671014
Celsio,5.551102204408821,2.1221346792480484,0.7471186510015073,4.6396144163335045
Celsio,5.75150300601203,2.068442613037187,0.726535629296858,4.5235029985132815
Celsio,5.951903807615238,2.0160752683965995,0.706515199378591,4.413526818076208
Celsio,6.152304609218433,1.9650017221750171,0.6870422276307961,4.30442660465443
Celsio,6.352705410821642,1.915191684184682,0.6681383064759746,4.200906453918301
Celsio,6.553106212424851,1.8666154887274888,0.6497911759105025,4.1045115950428634
Celsio,6.7535070140280595,1.8192440859923988,0.6321994078553587,4.006940490620988
Celsio,6.953907815631268,1.7730490333410007,0.6145377851934632,3.9100521984988807
Celsio,7.154308617234477,1.728002486497614,0.5974681873318536,3.815860289905012
Celsio,7.354709418837672,1.6840771906590395,0.5804144758771447,3.723587998880303
Celsio,7.555110220440881,1.6412464715384942,0.563829243831008,3.6274637434637937
Celsio,7.7555110220440895,1.5994842263575613,0.5477150404627931,3.532219223142597
Celsio,7.955911823647298,1.5587649147990077,0.5320586522328988,3.45206127045438
Celsio,8.156312625250507,1.51906354993267,0.516900077375587,3.368738337974829
Celsio,8.356713426853716,1.480355689126001,0.5021734387002029,3.2807220448135017
Celsio,8.55711422845691,1.4426174249501107,0.48891644558993225,3.2005298847568553
Celsio,8.75751503006012,1.4058253760914416,0.4753272888124686,3.1185697994808748
Celsio,8.957915831663328,1.369956678278689,0.46240510323483985,3.0426556248240364
Celsio,9.158316633266537,1.334988975233932,0.44985315216736116,2.9722139113122483
Celsio,9.358717434869746,1.3009004096562633,0.4378752919717304,2.9012791485757106
Celsio,9.559118236472955,1.26766961424592,0.4262924671604422,2.8307435561821306
Celsio,9.75951903807615,1.2352757027761005,0.4153335067300491,2.761868461246112
Celsio,9.959919839679358,1.2036982612192353,0.4038733693878835,2.6945795281189024
Celsio,10.160320641282567,1.172917338934152,0.39311838332686844,2.62869083714351
Celsio,10.360721442885776,1.1429134399198693,0.3826485893050639,2.5627784228215997
Celsio,10.561122244488985,1.1136675141414625,0.37189687334340993,2.495107207338203
Celsio,10.761523046092194,1.0851609489330183,0.3610313379472113,2.4347805334652937
Celsio,10.961923847695388,1.0573755604822086,0.3510193906522155,2.375872223010742
Celsio,11.162324649298597,1.0302935854007054,0.34129903811229145,2.318350852741568
Celsio,11.362725450901806,1.0038976723842987,0.3318613926610828,2.2621053079223787
Celsio,11.563126252505015,0.9781708739661684,0.32268377960033806,2.205953513203113
Celsio,11.763527054108224,0.9530966383664722,0.31375908558105986,2.1537952466073955
Celsio,11.963927855711432,0.928658801441162,0.30508038904749585,2.101333634593516
Celsio,12.164328657314627,0.9048415787324435,0.29664095521889794,2.046192088869735
Celsio,12.364729458917836,0.8816295576233207,0.28845345138674516,1.9944901787987528
Celsio,12.565130260521045,0.8590076895981336,0.2804968067939178,1.9430546384369836
Celsio,12.765531062124253,0.8369612826107604,0.2722678131849871,1.8908981818211164
Celsio,12.965931863727462,0.8154759935622446,0.2643496017778957,1.8461803470812912
Celsio,13.166332665330657,0.7945378208888553,0.25659891960599795,1.7989107047350432
Celsio,13.366733466933866,0.7741330972618707,0.24907566707292011,1.7539771341860273
Celsio,13.567134268537075,0.7542484823998762,0.2418018152343317,1.7160060178564007
Celsio,13.767535070140283,0.7348709559942416,0.234719309017163,1.667289181248648
Celsio,13.967935871743492,0.7159878107483791,0.22783512324438812,1.6236159241364156
Celsio,14.168336673346701,0.697586645531074,0.22116705936838585,1.5868733699988062
Celsio,14.368737474949896,0.6796553586440758,0.2154046286510873,1.5457997405363946
Celsio,14.569138276553105,0.66218214120405,0.20983528495579706,1.5053831906046933
Celsio,14.769539078156313,0.6451554706387682,0.20441072852843803,1.469139594417113
Celsio,14.969939879759522,0.6285641042972935,0.19912608808932444,1.4370131477797867
Celsio,15.170340681362731,0.6123970731739337,0.19397777103064942,1.4019963692117563
Celsio,15.37074148296594,0.5966436757453643,0.18858472732018267,1.3690137071117938
Celsio,15.571142284569135,0.5812934719205527,0.18326016452198227,1.3350374583136224
Celsio,15.771543086172343,0.5663362771026793,0.17805978641172512,1.3034279490642808
Celsio,15.971943887775552,0.5517621563624381,0.17299362964090806,1.272556135596236
Celsio,16.17234468937876,0.537561418721873,0.16810475849342252,1.242384284785359
Celsio,16.37274549098197,0.5237246115478355,0.1633279829366712,1.2129163771974552
Celsio,16.57314629258518,0.5102425150541526,0.15868673170694886,1.1832513340048092
Celsio,16.773547094188373,0.49710613691147865,0.1541955603760708,1.1538179621553792
Celsio,16.973947895791582,0.4843067069637213,0.14983225737707748,1.1251450676636041
Celsio,17.17434869739479,0.47183567204997684,0.14559224223947004,1.0969947828147981
Celsio,17.374749498998,0.4596846909307111,0.1415268837497551,1.069566925748584
Celsio,17.57515030060121,0.4478456293170801,0.13782103354843375,1.0427795910571835
Celsio,17.775551102204417,0.436310555002029,0.1342120906920346,1.0166710608877054
Celsio,17.975951903807612,0.42507173309191,0.13069752816887753,0.9912088585636362
Celsio,18.17635270541082,0.41412162133736563,0.12727488448455185,0.9663773483284317
Celsio,18.37675350701403,0.4034528655619989,0.12377349028243018,0.9421612546375329
Celsio,18.57715430861724,0.3930582951875632,0.12021513365132606,0.919313754729925
Celsio,18.777555110220447,0.3829309188542338,0.11675894266291742,0.8971950536162585
Celsio,18.977955911823656,0.3730639201345579,0.11340199156228091,0.8749214377802608
Celsio,19.17835671342685,0.36345065333963544,0.11002326447622879,0.8531127595472849
Celsio,19.37875751503006,0.35408463941614826,0.10671106453830588,0.8298016818659486
Celsio,19.57915831663327,0.3449595619327249,0.10350041123219651,0.8096716734457243
Celsio,19.779559118236477,0.33606926315424207,0.10046910890156231,0.7900875629054849
Celsio,19.979959919839686,0.3274077402025645,0.09773831180746648,0.7709730067475794
Celsio,20.180360721442895,0.31896914130229276,0.09508601685021191,0.7520311095987989
Celsio,20.38076152304609,0.31074776211004546,0.09244587326412486,0.733493559185208
Celsio,20.5811623246493,0.30273804212580635,0.08975206578396913,0.7158503821187533
Celsio,20.781563126252507,0.29493456118490646,0.0871003748776327,0.697183566221765
Celsio,20.981963927855716,0.2873320360291656,0.08458923050226348,0.6797928077006605
Celsio,21.182364729458925,0.27992531695575124,0.08227358232644338,0.6628326238581898
Celsio,21.382765531062134,0.2727093845423373,0.08001800169719224,0.6469104389927738
Celsio,21.58316633266533,0.26567934644708996,0.07782367019108184,0.6312205502766156
Celsio,21.783567134268537,0.2588304342821141,0.07568946582184839,0.6162401224472888
Celsio,21.983967935871746,0.25215800055890414,0.0736137437280754,0.6006311527995499
Celsio,22.184368737474955,0.24565751570443436,0.07159762113537997,0.58544225593217
Celsio,22.384769539078164,0.23932456514647582,0.06963900949007444,0.570643442521101
Celsio,22.58517034068136,0.23315484646679727,0.06755878469591095,0.5572600314672199
Celsio,22.785571142284567,0.22714416662087072,0.06549665713823258,0.5432523461143528
Celsio,22.985971943887776,0.22128843922274558,0.06370611807549466,0.5292112035286134
Celsio,23.186372745490985,0.21558368189377924,0.06202113310535609,0.5156035940154089
Celsio,23.386773547094194,0.21002601367387122,0.06038114959841089,0.5035971010202765
Celsio,23.587174348697403,0.20461165249397087,0.05866266329611394,0.49119604235228065
Celsio,23.787575150300597,0.1993369127085117,0.056986106363264434,0.4791327346802495
Celsio,23.987975951903806,0.19419820268657592,0.05533055247577813,0.4673813948960342
Celsio,24.188376753507015,0.18919202246048633,0.0537700955430808,0.45590923935433497
Celsio,24.388777555110224,0.18431496143065806,0.052183537770424705,0.4447147611388589
Celsio,24.589178356713433,0.17956369612545295,0.05072031570317271,0.43374439320408087
Celsio,24.78957915831664,0.1749349880148895,0.04928631850754054,0.42221509462090673
Celsio,24.989979959919836,0.17042568137701208,0.04791722908678051,0.4124641352840127
Celsio,25.190380761523045,0.16603270121577682,0.04652247874183603,0.40221417385769237
Celsio,25.390781563126254,0.16175305122933162,0.04517376808226465,0.3922136592621023
Celsio,25.591182364729463,0.1575838118275529,0.04387990133290492,0.38245701476328386
Celsio,25.79158316633267,0.15352213819777388,0.04262307610260673,0.3729329425484142
Celsio,25.99198396793588,0.14956525841760626,0.04140285695346808,0.3633616042355056
Celsio,26.192384769539075,0.1457104716138087,0.040257163267497294,0.35395838251929074
Celsio,26.392785571142284,0.14195514616616495,0.03918356020851734,0.3447975822883399
Celsio,26.593186372745492,0.1382967179553406,0.038139157530442426,0.3361230077889331
Celsio,26.7935871743487,0.1347326886537414,0.037197771577469514,0.32811244816862106
Celsio,26.99398797595191,0.13126062405836084,0.036140335281827474,0.3202921195750127
Celsio,27.19438877755512,0.12787815246468473,0.035163781514016446,0.3126193136941446
Celsio,27.394789579158314,0.1245829630806798,0.03416741931824388,0.30484495465755007
Celsio,27.595190380761522,0.1213728044799623,0.03318947508871904,0.2972543711228313
Celsio,27.79559118236473,0.11824548309322094,0.03224301157846188,0.28984971901703155
Celsio,27.99599198396794,0.11519886173701516,0.03132352964792966,0.28262894066462957
Celsio,28.19639278557115,0.11223085817906822,0.0304311549090026,0.2755527654823967
Celsio,28.396793587174358,0.109339443739206,0.029565695957997153,0.2685777738667368
Celsio,28.597194388777552,0.10652264192509328,0.028767621810118278,0.2615632574050564
Celsio,28.79759519038076,0.10377852710196059,0.028006076736616682,0.25514440894767115
Celsio,28.99799599198397,0.10110522319550404,0.027264688431119823,0.24868947308492392
Celsio,29.19839679358718,0.09850090242718137,0.026457140987573544,0.2427638382975103
Celsio,29.398797595190388,0.09596378408112294,0.02565529969690001,0.23668756868919077
Celsio,29.599198396793597,0.09349213330191707,0.024877703034764474,0.23068786240493105
Celsio,29.79959919839679,0.09108425992251638,0.024149322138336857,0.22487265304755472
Celsio,30.0,0.08873851732155032,0.023428515907417614,0.21963512531132767
IceSphere,-70.0,94.69314042905957,92.7311956812917,96.40977852551516
IceSphere,-69.79959919839679,94.68600012332087,92.72657572294337,96.40068140435618
IceSphere,-69.59919839679358,94.67873375178732,92.72204968200607,96.389997504016
IceSphere,-69.39879759519039,94.67133909867748,92.7174343165852,96.38326654016483
IceSphere,-69.19839679358718,94.66381390981805,92.7110570788195,96.3762104460789
IceSphere,-68.99799599198397,94.6561558920035,92.70787266786688,96.36645389203186
IceSphere,-68.79759519038076,94.64836271233989,92.70387083738804,96.35635151465416
IceSphere,-68.59719438877755,94.64043199758892,92.70164674659465,96.34450346761872
IceSphere,-68.39679358717434,94.63236133349125,92.69835652313643,96.33584384135175
IceSphere,-68.19639278557115,94.62414826408646,92.6950104449852,96.32527324889435
IceSphere,-67.99599198396794,94.61579029102197,92.69122284972043,96.31480918416051
IceSphere,-67.79559118236473,94.60728487284705,92.6808764749392,96.3067598834441
IceSphere,-67.59519038076152,94.59862942430387,92.67719265128389,96.29429354240168
IceSphere,-67.39478957915831,94.58982131559888,92.66748410343985,96.28262565221368
IceSphere,-67.1943887775551,94.58085787167356,92.66355007628201,96.27332178435496
IceSphere,-66.99398797595191,94.57173637145284,92.65956836851304,96.25901513127263
IceSphere,-66.7935871743487,94.56245404709303,92.65542029727503,96.24870526971668
IceSphere,-66.59318637274549,94.55300808321415,92.64177000165527,96.238118490405
IceSphere,-66.39278557114228,94.54339561611866,92.63262725514087,96.22636039084217
IceSphere,-66.19238476953907,94.53361373300216,92.62495285856106,96.2174487952193
IceSphere,-65.99198396793587,94.52365947115294,92.61904898570556,96.20719278293235
IceSphere,-65.79158316633267,94.51352981713798,92.60976736762461,96.19555950934479
IceSphere,-65.59118236472946,94.50322170597786,92.60005861828502,96.18413579510056
IceSphere,-65.39078156312625,94.49273202031145,92.58810204419586,96.17035212266751
IceSphere,-65.19038076152304,94.48205758954691,92.58043291840694,96.15462837058134
IceSphere,-64.98997995991984,94.47119518899974,92.56961757841654,96.13876812691764
IceSphere,-64.78957915831663,94.46014153902459,92.55928776752786,96.12571730807801
IceSphere,-64.58917835671343,94.448893304126,92.5503625195802,96.11301965659739
IceSphere,-64.38877755511022,94.43744709206439,92.5388099539879,96.10019252208458
IceSphere,-64.18837675350701,94.42579945294547,92.52704259924799,96.08552247011139
IceSphere,-63.987975951903806,94.4139468783013,92.51505297118128,96.07305110586533
IceSphere,-63.7875751503006,94.4018858001524,92.5033252354114,96.05918703986477
IceSphere,-63.587174348697395,94.38961259006491,92.49326464442805,96.04343336107598
IceSphere,-63.38677354709419,94.3771235581875,92.4851434323272,96.02810867301783
IceSphere,-63.186372745490985,94.36441495228122,92.47557601759137,96.01318009310341
IceSphere,-62.985971943887776,94.35148295673643,92.46633120623459,96.00087188240563
IceSphere,-62.78557114228457,94.33832369157007,92.4574453555019,95.9886580618784
IceSphere,-62.585170340681366,94.32493321141911,92.44651645540452,95.97760989992845
IceSphere,-62.38476953907816,94.31130750451553,92.43214177885359,95.96635071126126
IceSphere,-62.18436873747495,94.2974424916467,92.41836138573954,95.95288413984169
IceSphere,-61.983967935871746,94.28333402510893,92.39924255941095,95.94295479584461
IceSphere,-61.78356713426854,94.26897788764269,92.38226404032669,95.93112910981596
IceSphere,-61.58316633266533,94.25436979135452,92.36376513850338,95.91529226228506
IceSphere,-61.38276553106212,94.23950537662957,92.35134855378642,95.89466722432311
IceSphere,-61.18236472945892,94.22438021102568,92.339040090641,95.87706170190127
IceSphere,-60.98196392785571,94.20898978816072,92.32797494703847,95.86302158534626
IceSphere,-60.78156312625251,94.1933295265791,92.31691833064774,95.84578691880428
IceSphere,-60.5811623246493,94.17739476860865,92.30244027351932,95.82908964995875
IceSphere,-60.38076152304609,94.16118077920677,92.29092758649188,95.81097178324627
IceSphere,-60.18036072144289,94.1446827447889,92.27795643824652,95.79169303417913
IceSphere,-59.97995991983968,94.12789577204329,92.26175875128934,95.77098853007719
IceSphere,-59.77955911823647,94.11081488673813,92.2470722371913,95.75411163509287
IceSphere,-59.57915831663327,94.09343503250787,92.22607365630004,95.73857611410038
IceSphere,-59.37875751503006,94.07575106963267,92.20790876017823,95.72325214206498
IceSphere,-59.17835671342685,94.05775777380047,92.19356347315468,95.70484137318982
IceSphere,-58.97795591182365,94.03944983485785,92.17722569800667,95.68528997038273
IceSphere,-58.77755511022044,94.02082185554646,92.16232323684643,95.66896765865877
IceSphere,-58.57715430861723,94.00186835022897,92.14576131349082,95.63991699955157
IceSphere,-58.37675350701403,93.98258374359922,92.12633576620225,95.62266633224203
IceSphere,-58.17635270541082,93.96296236938015,92.1064680689834,95.60564421694372
IceSphere,-57.97595190380761,93.94299846901026,92.08106721569646,95.58231860047795
IceSphere,-57.77555110220441,93.92268619031783,92.06111211974589,95.55851854406929
IceSphere,-57.5751503006012,93.90201958617915,92.03970151865592,95.54026234467142
IceSphere,-57.374749498998,93.8809926131705,92.00997390245126,95.52225383182675
IceSphere,-57.17434869739479,93.85959913019916,91.99131492209891,95.50078997339547
IceSphere,-56.97394789579158,93.8378328971337,91.96878889981802,95.47890953492993
IceSphere,-56.77354709418837,93.81568757341259,91.95017867027238,95.4532711219993
IceSphere,-56.57314629258517,93.79315671664742,91.93043935915637,95.4332000721387
IceSphere,-56.37274549098196,93.77023378121024,91.90229180778117,95.41158067237023
IceSphere,-56.17234468937876,93.74691211681512,91.87940361336062,95.38552870218408
IceSphere,-55.97194388777555,93.72318496708458,91.85634633942692,95.3639443761261
IceSphere,-55.77154308617234,93.6990454681063,91.82286058611132,95.34582759054724
IceSphere,-55.571142284569135,93.6744866469828,91.78822689236706,95.32149075427705
IceSphere,-55.37074148296593,93.64950142036695,91.7514070133704,95.30045984613926
IceSphere,-55.170340681362724,93.62408259298924,91.73276001383744,95.27594232483345
IceSphere,-54.96993987975952,93.59822285617807,91.70463767581074,95.25066663114261
IceSphere,-54.76953907815631,93.57191478637121,91.66660482505546,95.22357000312624
IceSphere,-54.569138276553105,93.54515084361235,91.63702184705066,95.19986192592401
IceSphere,-54.368737474949896,93.51792337004976,91.61368216185775,95.16849528294517
IceSphere,-54.168336673346694,93.49022458842049,91.5806237340256,95.13678163791582
IceSphere,-53.967935871743485,93.46204660053075,91.55656137028637,95.11631638626884
IceSphere,-53.76753507014028,93.43338138572624,91.52625288343559,95.08914849442935
IceSphere,-53.567134268537075,93.40422079936229,91.48915381017774,95.06596167023599
IceSphere,-53.366733466933866,93.37455657126543,91.45865123574926,95.04191040848954
IceSphere,-53.16633266533066,93.34438030418809,91.4220998676039,95.01142013578763
IceSphere,-52.965931863727455,93.31368347226228,91.39250438648155,94.98863998009952
IceSphere,-52.765531062124246,93.28245741945057,91.36495736987835,94.96455386354897
IceSphere,-52.565130260521045,93.25069335799276,91.32805224827085,94.93492082111871
IceSphere,-52.364729458917836,93.2183823668486,91.29822450757806,94.90493676241412
IceSphere,-52.16432865731463,93.18551539014408,91.2600653538647,94.87646831583
IceSphere,-51.96392785571142,93.15208323561194,91.22560450984454,94.84543942564716
IceSphere,-51.763527054108216,93.1180765730378,91.18702924095983,94.82134347248754
IceSphere,-51.563126252505015,93.08348593270358,91.1354105165071,94.79544722620183
IceSphere,-51.362725450901806,93.04830170383535,91.0947103216701,94.76935100950668
IceSphere,-51.1623246492986,93.01251413305364,91.04222912305758,94.74944122452702
IceSphere,-50.96192384769539,92.97611332282607,90.98469350447067,94.71560502920256
IceSphere,-50.76152304609218,92.93908922993013,90.94389813513938,94.6830526730055
IceSphere,-50.56112224448898,92.90143166391638,90.88024885192877,94.64870811412281
IceSphere,-50.360721442885776,92.86313028558305,90.83627905315294,94.61117140498416
IceSphere,-50.16032064128257,92.82417460545771,90.7975110560932,94.57239752994428
IceSphere,-49.95991983967936,92.78455398228934,90.77095982400215,94.53555735650151
IceSphere,-49.75951903807615,92.74425762154847,90.7212099373454,94.50953711042413
IceSphere,-49.55911823647294,92.70327457394681,90.67129655541409,94.47543712227079
IceSphere,-49.35871743486974,92.66159373396175,90.62923042862536,94.43393878314622
IceSphere,-49.15831663326654,92.61920383838259,90.55595766207077,94.39331628598472
IceSphere,-48.95791583166333,92.57609346487114,90.50151609976746,94.35481296296388
IceSphere,-48.75751503006012,92.53225103053828,90.43551717896933,94.31557470927008
IceSphere,-48.55711422845691,92.48766479054541,90.37891240252743,94.28345407167481
IceSphere,-48.3567134268537,92.44232283672174,90.33467690899334,94.25102322535321
IceSphere,-48.1563126252505,92.39621309620902,90.27462907406682,94.2181665640579
IceSphere,-47.9559118236473,92.34932333012716,90.2112632127546,94.18104491318023
IceSphere,-47.75551102204409,92.30164113227146,90.14214163671238,94.1415497903838
IceSphere,-47.55511022044088,92.25315392783148,90.07425521461306,94.10670762499718
IceSphere,-47.35470941883767,92.2038489721481,89.9980058603318,94.06590518063892
IceSphere,-47.15430861723446,92.15371334949724,89.92897779672332,94.02811816488018
IceSphere,-46.95390781563126,92.10273397191088,89.8504344248271,93.98895927415445
IceSphere,-46.75350701402806,92.05089757803331,89.77306173328795,93.94970436019962
IceSphere,-46.55310621242485,91.99819073201867,89.71591532684069,93.91493584599083
IceSphere,-46.35270541082164,91.94459982246438,89.63717669863563,93.86791795554524
IceSphere,-46.15230460921843,91.89011106139755,89.5647978249236,93.82226405188192
IceSphere,-45.95190380761523,91.83471048329514,89.47050296436286,93.78365881478747
IceSphere,-45.75150300601202,91.7783839441641,89.38719167270499,93.73704419414997
IceSphere,-45.55110220440882,91.72111712066426,89.29959847607168,93.68860244966903
IceSphere,-45.35070140280561,91.66289550928906,89.20787428071652,93.64851679491892
IceSphere,-45.1503006012024,91.60370442560209,89.12422848310986,93.60296293380168
IceSphere,-44.949899799599194,91.54352900353088,89.03568295003521,93.55729914013402
IceSphere,-44.74949899799599,91.4823541947266,88.96585832125102,93.5117140796732
IceSphere,-44.549098196392784,91.42016476798334,88.8887466145075,93.46566283551633
IceSphere,-44.34869739478958,91.356945308731,88.78629275388771,93.42297373959815
IceSphere,-44.14829659318637,91.2926802185962,88.70253623554486,93.37016517715352
IceSphere,-43.947895791583164,91.22735371503674,88.61228957659446,93.31431582319934
IceSphere,-43.747494989979955,91.16094983105737,88.51372346115197,93.26636347475579
IceSphere,-43.547094188376754,91.09345241500354,88.40768327476736,93.22188373415788
IceSphere,-43.346693386773545,91.02484513044018,88.30289214649828,93.17128202227623
IceSphere,-43.14629258517034,90.95511145611827,88.2005243394732,93.12439246323503
IceSphere,-42.945891783567134,90.88423468603506,88.10055415585369,93.07626413995722
IceSphere,-42.745490981963925,90.81219792958663,87.99411938687611,93.02159875711448
IceSphere,-42.54509018036072,90.7389841118216,87.89481964372467,92.96674323384381
IceSphere,-42.344689378757515,90.66457597379687,87.79382588575216,92.91194087599975
IceSphere,-42.144288577154306,90.58895607304063,87.70344176458936,92.85058919392048
IceSphere,-41.943887775551104,90.51210678412532,87.59116696073414,92.79034282823694
IceSphere,-41.743486973947896,90.4340102993572,87.49266823813171,92.73158587701808
IceSphere,-41.54308617234469,90.3546486295836,87.36692742258323,92.68159407255023
IceSphere,-41.34268537074148,90.27400360512644,87.24350563776368,92.62304924932538
IceSphere,-41.142284569138276,90.19205687683774,87.10640285402656,92.56356505923608
IceSphere,-40.941883767535074,90.10878991729396,86.98306119975017,92.49765503269525
IceSphere,-40.741482965931866,90.02418402212369,86.86418494007937,92.43552180802814
IceSphere,-40.54108216432866,89.93822031147535,86.74786597339146,92.37994247813069
IceSphere,-40.34068136272545,89.85087973163564,86.61964534398773,92.3173934481736
IceSphere,-40.14028056112224,89.76214305679267,86.48237794137232,92.26087625378419
IceSphere,-39.93987975951904,89.6719908909593,86.34445984412896,92.20601213673594
IceSphere,-39.739478957915836,89.58040367005539,86.20715419180179,92.12869048089365
IceSphere,-39.53907815631263,89.48736166415318,86.07824496004703,92.0619799066905
IceSphere,-39.33867735470942,89.39284497989652,85.95049541216964,91.99903612990899
IceSphere,-39.13827655310621,89.2968335630916,85.81462388294233,91.9360311271161
IceSphere,-38.937875751503,89.19930720148224,85.6689355300561,91.871424140449
IceSphere,-38.7374749498998,89.10024552770558,85.51265179192926,91.80926325040905
IceSphere,-38.5370741482966,88.99962802244264,85.35953228030284,91.7398228725691
IceSphere,-38.33667334669339,88.8974340177633,85.21213481302343,91.65822754331288
IceSphere,-38.13627254509018,88.79364270067158,85.05371489868502,91.58696244365878
IceSphere,-37.93587174348697,88.68823311685811,84.90798241734815,91.5080595487821
IceSphere,-37.73547094188377,88.58118417466368,84.75989169942848,91.43478314645178
IceSphere,-37.53507014028056,88.47247464926237,84.60708907209288,91.36254263274938
IceSphere,-37.33466933867735,88.36208318706075,84.4266168049732,91.28715250060202
IceSphere,-37.13426853707415,88.2499883103339,84.24992334616609,91.21689223054105
IceSphere,-36.93386773547094,88.13616842208444,84.08064857506866,91.15091327580367
IceSphere,-36.73346693386773,88.02060181114896,83.91462383388469,91.07612012692321
IceSphere,-36.53306613226453,87.90326665754242,83.7374701308729,90.99335871344502
IceSphere,-36.33266533066132,87.7841410380513,83.56690804932792,90.91373912337724
IceSphere,-36.13226452905811,87.66320293208567,83.39465307350208,90.8271487329756
IceSphere,-35.93186372745491,87.54043022778636,83.21860428459586,90.74336641060454
IceSphere,-35.7314629258517,87.41580072839685,83.04330860564016,90.66217525132994
IceSphere,-35.53106212424849,87.28929215890759,82.86210886390457,90.57443415676896
IceSphere,-35.33066132264529,87.1608821729715,82.67450584554575,90.48525624795101
IceSphere,-35.13026052104208,87.03054836010209,82.50357371238415,90.39042416559622
IceSphere,-34.92985971943887,86.89826825315303,82.3202323503871,90.30534891398803
IceSphere,-34.72945891783567,86.7640193360902,82.12472960022922,90.21712508625903
IceSphere,-34.52905811623246,86.6277790520526,81.9418160582141,90.11797676932342
IceSphere,-34.328657314629254,86.48952481171723,81.75533427553988,90.02743206702172
IceSphere,-34.12825651302605,86.34923400195984,81.56302663471376,89.9297055407432
IceSphere,-33.92785571142284,86.2068839948288,81.36863685341652,89.83000699912168
IceSphere,-33.72745490981964,86.0624521568243,81.14132535392001,89.73002731347164
IceSphere,-33.52705410821643,85.91591585849584,80.92306074272165,89.62113656919334
IceSphere,-33.326653306613224,85.7672524843529,80.72960577426599,89.51542078711822
IceSphere,-33.12625250501002,85.61643944310117,80.51213044281344,89.41202991661385
IceSphere,-32.92585170340681,85.4634541782018,80.30282251200018,89.30427505126279
IceSphere,-32.725450901803605,85.30827417875588,80.10636596483243,89.19314143878132
IceSphere,-32.5250501002004,85.15087699072117,79.9195591925238,89.08655918804712
IceSphere,-32.324649298597194,84.9912402284585,79.67448130464567,88.9712151416762
IceSphere,-32.124248496993985,84.82934158661476,79.45835769573202,88.84547121429387
IceSphere,-31.923847695390783,84.66515885233822,79.25515472416211,88.73292519674763
IceSphere,-31.723446893787575,84.49866991783449,79.02398937676416,88.61354358116442
IceSphere,-31.523046092184366,84.3298527932555,78.76963534767269,88.50297762683289
IceSphere,-31.322645290581164,84.1586856199323,78.56267979552828,88.38554634504335
IceSphere,-31.122244488977955,83.98514668394175,78.31712531377907,88.26626607570422
IceSphere,-30.921843687374746,83.80921443001293,78.09246838590074,88.14506982734834
IceSphere,-30.721442885771545,83.63086747577177,77.86183199274794,88.01894977734915
IceSphere,-30.521042084168336,83.45008462632076,77.60444230991023,87.89463120826362
IceSphere,-30.320641282565127,83.2668448891544,77.34586708578108,87.75032308735669
IceSphere,-30.120240480961925,83.0811274894051,77.09933757565781,87.6284254768458
IceSphere,-29.919839679358716,82.89291188542063,76.82911234252919,87.48019565257664
IceSphere,-29.719438877755508,82.70217778466527,76.57799998687595,87.3391975615514
IceSphere,-29.519038076152306,82.5089051599475,76.3093050872863,87.19519754568493
IceSphere,-29.318637274549097,82.31307426596273,76.0251262921309,87.04355799734364
IceSphere,-29.11823647294589,82.11466565614687,75.73463851753412,86.89022087348609
IceSphere,-28.917835671342687,81.9136601998448,75.45882592111087,86.73563337111213
IceSphere,-28.717434869739478,81.71003909977037,75.20284326166092,86.59025668436588
IceSphere,-28.51703406813627,81.50378390976744,74.90225788129985,86.45540024569358
IceSphere,-28.316633266533067,81.29487655285571,74.59371622452738,86.3173989499708
IceSphere,-28.11623246492986,81.08329933955117,74.3010352181883,86.15677088991013
IceSphere,-27.91583166332665,80.86903498645947,74.03160599225534,85.98891662852816
IceSphere,-27.715430861723448,80.65206663512616,73.72727436030968,85.8329516445433
IceSphere,-27.51503006012024,80.43237787113695,73.41386769934513,85.66549474952627
IceSphere,-27.31462925851703,80.20995274345238,73.1444207631841,85.49496124366391
IceSphere,-27.11422845691383,79.98477578396958,72.85571802941782,85.3244733269494
IceSphere,-26.91382765531062,79.7568320272963,72.55365576814293,85.15559893069288
IceSphere,-26.71342685370741,79.52610703071963,72.24391572340038,84.98210670299882
IceSphere,-26.51302605210421,79.29258689436305,71.94668723167136,84.7923642882403
IceSphere,-26.312625250501,79.05625828150917,71.62951719786908,84.62012347450913
IceSphere,-26.11222444889779,78.81710843907221,71.32746322884448,84.42727727382245
IceSphere,-25.91182364729459,78.57512521821046,71.01745728811113,84.24592659752602
IceSphere,-25.71142284569138,78.33029709504888,70.71849192227911,84.06314673559056
IceSphere,-25.511022044088172,78.08261319150701,70.40191766834471,83.88059396583981
IceSphere,-25.31062124248497,77.83206329619934,70.05510452564324,83.69995655417358
IceSphere,-25.11022044088176,77.57863788539511,69.74005675533695,83.51630085206534
IceSphere,-24.909819639278552,77.32232814401623,69.42363070158058,83.33003336440747
IceSphere,-24.70941883767535,77.06312598664621,69.08977260537786,83.13071326084741
IceSphere,-24.509018036072142,76.8010240785334,68.75536142628118,82.92281160940331
IceSphere,-24.308617234468933,76.53601585655807,68.4325242333752,82.71552559492969
IceSphere,-24.10821643286573,76.2680955501434,68.10813978747652,82.50343670556853
IceSphere,-23.907815631262523,75.99725820208565,67.78148449714797,82.29273545159035
IceSphere,-23.70741482965932,75.72349968926876,67.45251848706474,82.07961617210489
IceSphere,-23.507014028056112,75.44681674324876,67.08344140791839,81.86405461561476
IceSphere,-23.306613226452903,75.16720697066762,66.71124003416143,81.64489059338746
IceSphere,-23.1062124248497,74.88466887348083,66.36083603444052,81.42947307436123
IceSphere,-22.905811623246493,74.59920186895599,66.00661456513126,81.20548068544471
IceSphere,-22.705410821643284,74.31080630942213,65.6274320988165,80.97223812932161
IceSphere,-22.505010020040082,74.01948350173657,65.29101469028231,80.74264708531922
IceSphere,-22.304609218436873,73.7252357264359,64.9330812133864,80.50954161084569
IceSphere,-22.104208416833664,73.42806625654343,64.6061294732699,80.2871860626088
IceSphere,-21.903807615230463,73.12797937599447,64.23614877006705,80.03976984018888
IceSphere,-21.703406813627254,72.82498039765554,63.85298177701289,79.79482691194882
IceSphere,-21.503006012024045,72.51907568089706,63.47113728208088,79.54925722960928
IceSphere,-21.302605210420843,72.21027264868849,63.10348184821288,79.30958708352739
IceSphere,-21.102204408817634,71.89857980418269,62.71110153564406,79.05569003560653
IceSphere,-20.901803607214426,71.58400674675579,62.32158891761565,78.80316306491669
IceSphere,-20.701402805611224,71.26656418746578,61.94691475999917,78.54359735750643
IceSphere,-20.501002004008015,70.9462639638997,61.57013600723492,78.28373904705256
IceSphere,-20.300601202404806,70.6231190543704,61.19198929533905,78.02526414140607
IceSphere,-20.100200400801604,70.29714359143136,60.79616351931991,77.77053128799966
IceSphere,-19.899799599198396,69.96835287467464,60.422131549101685,77.51228420753051
IceSphere,-19.699398797595187,69.63676338278046,60.02792129766525,77.24832685035642
IceSphere,-19.498997995991985,69.30239278477465,59.653748482867336,76.98617275694771
IceSphere,-19.298597194388776,68.96525995047759,59.23428587883468,76.72111325718726
IceSphere,-19.098196392785567,68.62538496009138,58.79302698922445,76.44734731161347
IceSphere,-18.897795591182366,68.28278911291204,58.351277688008615,76.176675260591
IceSphere,-18.697394789579157,67.93749493511848,57.95155126677554,75.89589192237973
IceSphere,-18.496993987975948,67.58952618661701,57.5553014534473,75.61548019460766
IceSphere,-18.296593186372746,67.23890786690595,57.136350800613734,75.33143722181296
IceSphere,-18.096192384769537,66.88566621993425,56.71831524961466,75.04350573834354
IceSphere,-17.89579158316633,66.52982873791979,56.31761226253056,74.75745016914036
IceSphere,-17.695390781563127,66.17142416410546,55.89833878363191,74.47296613841215
IceSphere,-17.494989979959918,65.81048249442264,55.49326994678427,74.177800387937
IceSphere,-17.29458917835671,65.44703497803617,55.08763061201725,73.8719257104783
IceSphere,-17.094188376753507,65.08111411674967,54.6809993621858,73.56118526833652
IceSphere,-16.8937875751503,64.71275366324565,54.26169346455866,73.25763238982293
IceSphere,-16.69338677354709,64.34198861814053,53.864988191876165,72.92553981130943
IceSphere,-16.492985971943888,63.96885522583195,53.45210142159572,72.59005353096416
IceSphere,-16.29258517034068,63.59339096912647,53.04484063155558,72.26076332518254
IceSphere,-16.09218436873747,63.21563456262171,52.630372314800766,71.92913451107452
IceSphere,-15.891783567134269,62.83562594484065,52.202165452591146,71.61841197865553
IceSphere,-15.69138276553106,62.45340626909057,51.78623361579098,71.31012111886595
IceSphere,-15.490981963927851,62.069017893051324,51.35241528157874,70.96545441633191
IceSphere,-15.29058116232465,61.68250436706982,50.93872554549964,70.63716439948402
IceSphere,-15.09018036072144,61.29391042116706,50.50925438012463,70.2880488025709
IceSphere,-14.889779559118232,60.90328195074261,50.09515000665471,69.93529731189639
IceSphere,-14.68937875751503,60.510666000980855,49.662674361355464,69.57682795699543
IceSphere,-14.488977955911821,60.11611074995818,49.231779362050986,69.2246705178748
IceSphere,-14.288577154308612,59.71966549044803,48.79483881910019,68.85418773031766
IceSphere,-14.08817635270541,59.321380610438105,48.34627864777638,68.48667715714804
IceSphere,-13.887775551102202,58.92130757235826,47.887587870629766,68.11379202032813
IceSphere,-13.687374749498993,58.51949889103272,47.46326670946816,67.74037755724609
IceSphere,-13.486973947895791,58.11600811036902,47.04370979891278,67.37953661639476
IceSphere,-13.286573146292582,57.710889778795284,46.609029248610945,67.01592337671833
IceSphere,-13.08617234468938,57.304199423467054,46.17427909376048,66.6495680605577
IceSphere,-12.885771543086172,56.89599352325835,45.74392636397823,66.28050228371798
IceSphere,-12.685370741482963,56.48632948056259,45.346089747984216,65.9162334902798
IceSphere,-12.484969939879761,56.075265591928535,44.914079631410914,65.577857745915
IceSphere,-12.284569138276552,55.66286101755064,44.50753627917253,65.17348135553874
IceSphere,-12.084168336673343,55.24917574965695,44.07181322733036,64.77781568016404
IceSphere,-11.883767535070142,54.834270579809605,43.668478815922974,64.39572060896424
IceSphere,-11.683366733466933,54.4182070651668,43.25335787655516,64.01113400091756
IceSphere,-11.482965931863724,54.0010474937336,42.80818910013775,63.62409718027429
IceSphere,-11.282565130260522,53.582854848643166,42.359205393987246,63.234271800100196
IceSphere,-11.082164328657313,53.16369277150974,41.911732740056046,62.82993942638189
IceSphere,-10.881763527054105,52.74362552489428,41.475697856741895,62.43006064499685
IceSphere,-10.681362725450903,52.32271795393107,41.050058427489276,62.03389830761153
IceSphere,-10.480961923847694,51.901035447156445,40.632126936097116,61.606741146606076
IceSphere,-10.280561122244485,51.47864389659701,40.232382945013086,61.155900393445464
IceSphere,-10.080160320641284,51.055609657160105,39.8270720448031,60.7764184782816
IceSphere,-9.879759519038075,50.63199950537886,39.396680043313616,60.38331000981082
IceSphere,-9.679358717434866,50.20788059757484,38.98904975891649,59.999503885258285
IceSphere,-9.478957915831664,49.78332042748017,38.589204381763636,59.61833134556671
IceSphere,-9.278557114228455,49.35838678338485,38.20603898929538,59.22590148165449
IceSphere,-9.078156312625246,48.933147704864375,37.77441318340889,58.83470998133356
IceSphere,-8.877755511022045,48.50767143914531,37.34336783374075,58.41310887203224
IceSphere,-8.677354709418836,48.082026397167304,36.91558637145991,58.01142136722484
IceSphere,-8.476953907815627,47.656281109406024,36.48963330005033,57.57728732570331
IceSphere,-8.276553106212425,47.230504181513886,36.06557206227599,57.16459530819042
IceSphere,-8.076152304609217,46.80476424983974,35.650807960333424,56.750273891550485
IceSphere,-7.875751503006008,46.37912993689326,35.28516540385818,56.32792799498818
IceSphere,-7.675350701402806,45.95366980681221,34.8749566452059,55.921946585644754
IceSphere,-7.474949899799597,45.52845232089411,34.53000132418918,55.48221574511485
IceSphere,-7.274549098196388,45.10354579325776,34.127104118128564,55.01199307032017
IceSphere,-7.074148296593187,44.67901834669225,33.717210592463275,54.58393757701662
IceSphere,-6.873747494989978,44.25493786875603,33.27442991420031,54.17803110509588
IceSphere,-6.673346693386769,43.83137196818875,32.90417296913223,53.7402554166405
IceSphere,-6.472945891783567,43.408387931689404,32.501607741294954,53.29381181083385
IceSphere,-6.272545090180358,42.9860526811283,32.11792416077618,52.86189903752552
IceSphere,-6.0721442885771495,42.56443273124293,31.754310774866173,52.42826789094805
IceSphere,-5.871743486973941,42.14359414788063,31.392715775243584,51.99346486384728
IceSphere,-5.671342685370746,41.723602506839065,31.033953778179992,51.54295634701001
IceSphere,-5.470941883767537,41.304522853360524,30.632892563619066,51.12264524686406
IceSphere,-5.270541082164328,40.88641966233645,30.24308955996439,50.68679957143904
IceSphere,-5.0701402805611195,40.469356799264126,29.834491661966652,50.25909363215899
IceSphere,-4.869739478957911,40.05339748201575,29.438393436645057,49.83748303654415
IceSphere,-4.669338677354702,39.63860424345808,29.097139107418574,49.43318411129019
IceSphere,-4.468937875751507,39.225038894975526,28.771893403627857,48.99497587335303
IceSphere,-4.268537074148298,38.812762490934524,28.448700598532593,48.55434449037429
IceSphere,-4.06813627254509,38.401835294135736,28.065599375912825,48.11644567200675
IceSphere,-3.8677354709418807,37.992316742287365,27.716266976017625,47.69226008773411
IceSphere,-3.667334669338672,37.58426541554373,27.36424887032305,47.23517389279641
IceSphere,-3.466933867735463,37.177739005136594,27.009398449171332,46.83957203068482
IceSphere,-3.2665330661322685,36.77279428313771,26.660339942397666,46.39439435568808
IceSphere,-3.0661322645290596,36.36948707337815,26.298155318459298,45.96784742002625
IceSphere,-2.865731462925851,35.96787222355322,25.93906004627819,45.55379454394987
IceSphere,-2.665330661322642,35.56800357853969,25.60378544655063,45.13137853614428
IceSphere,-2.464929859719433,35.169933954943886,25.292459692585215,44.69959210722301
IceSphere,-2.2645290581162243,34.77371511690399,24.964819567852572,44.27283895961651
IceSphere,-2.0641282565130297,34.37939775316266,24.626721550257592,43.880419887051005
IceSphere,-1.8637274549098208,33.987031455424045,24.29331955332474,43.44555960859947
IceSphere,-1.663326653306612,33.59666469800774,23.95922384229167,43.00815714075022
IceSphere,-1.4629258517034032,33.2083448188105,23.630021463331595,42.57757031723452
IceSphere,-1.2625250501001943,32.82211800158172,23.313252474877896,42.16969441978983
IceSphere,-1.0621242484969855,32.438029259516995,22.992658326686726,41.76197527968398
IceSphere,-0.8617234468937909,32.05612242017422,22.675032334981072,41.37559853584501
IceSphere,-0.661322645290582,31.676440111708935,22.345690282603396,40.95324846385549
IceSphere,-0.4609218436873732,31.299023750429402,22.04852653359663,40.54852674043095
IceSphere,-0.2605210420841644,30.92391352966606,21.739935809927495,40.14637879367118
IceSphere,-0.060120240480955545,30.551148409945416,21.42949921784445,39.77030689645014
IceSphere,0.1402805611222533,30.18076611046368,21.12346890442321,39.394006559507396
IceSphere,0.3406813627254479,29.81280310184608,20.829187444475743,38.97923250259624
IceSphere,0.5410821643286567,29.447294600178804,20.536129305556113,38.563707075115396
IceSphere,0.7414829659318656,29.08427456229906,20.234150320711354,38.18664898104174
IceSphere,0.9418837675350744,28.72377568232529,19.952398683386107,37.794610143593545
IceSphere,1.1422845691382832,28.36582938940989,19.665192349974355,37.414245529065376
IceSphere,1.342685370741492,28.01046584669145,19.381048634174434,37.010298083727285
IceSphere,1.5430861723446867,27.6577139514277,19.10010372138005,36.62493483899654
IceSphere,1.7434869739478955,27.307601336280403,18.798099255966704,36.2419825327974
IceSphere,1.9438877755511044,26.96015437173345,18.535325185877458,35.84395826125206
IceSphere,2.144288577154313,26.61539816961128,18.260781600129793,35.44509263065211
IceSphere,2.344689378757522,26.273356587673405,17.970433582855566,35.02600784775278
IceSphere,2.5450901803607167,25.93405223525545,17.71340591194667,34.64288870798317
IceSphere,2.7454909819639255,25.597506479926246,17.455535765108635,34.26158326500817
IceSphere,2.9458917835671343,25.26373945512976,17.17521967675546,33.86992338106404
IceSphere,3.146292585170343,24.932770068780922,16.92087233980032,33.47983802566772
IceSphere,3.346693386773552,24.604616012781328,16.66953274291069,33.096209416769895
IceSphere,3.547094188376761,24.279293773423085,16.41060318511871,32.71511334484719
IceSphere,3.7474949899799554,23.956818642646365,16.15280979659005,32.32289180183345
IceSphere,3.9478957915831643,23.63720473011424,15.88197946048432,31.941944983190233
IceSphere,4.148296593186373,23.320464976073698,15.616868793956497,31.574558056192654
IceSphere,4.348697394789582,23.00661116496526,15.374178224337816,31.24756317943453
IceSphere,4.549098196392791,22.695653939745046,15.134556167422128,30.87397006010547
IceSphere,4.749498997996,22.38760281688705,14.898896916736723,30.51810914111973
IceSphere,4.949899799599194,22.082466202026453,14.666543485426677,30.152515334776343
IceSphere,5.150300601202403,21.78025140621062,14.462513696619537,29.770838783874193
IceSphere,5.350701402805612,21.480964662721682,14.24518342223381,29.435074314723757
IceSphere,5.551102204408821,21.184611144434868,14.00544985499262,29.100117515762413
IceSphere,5.75150300601203,20.891194981678005,13.76906627365532,28.706759023735614
IceSphere,5.951903807615238,20.600719280557435,13.543037367397364,28.353197575245957
IceSphere,6.152304609218433,20.313186141714514,13.305020586769569,27.988553056986973
IceSphere,6.352705410821642,20.02859667948142,13.074166684176092,27.602406976019697
IceSphere,6.553106212424851,19.746951041398752,12.84758416609965,27.25306207637148
IceSphere,6.7535070140280595,19.468248428064914,12.613574079207844,26.934952828812158
IceSphere,6.953907815631268,19.192487113283818,12.394680619097874,26.619107189820017
IceSphere,7.154308617234477,18.91966446447738,12.19252370864483,26.275899728328916
IceSphere,7.354709418837672,18.649776963334322,11.99259588258289,25.97759698978322
IceSphere,7.555110220440881,18.38282022666152,11.78514795494676,25.682847942797398
IceSphere,7.7555110220440895,18.118789027411186,11.580667075377349,25.380399994602517
IceSphere,7.955911823647298,17.857677315850353,11.383670255936272,25.044759268812978
IceSphere,8.156312625250507,17.599478240850015,11.189629351775869,24.708743164376482
IceSphere,8.356713426853716,17.344184171260387,11.02443053106319,24.408827100790933
IceSphere,8.55711422845691,17.091786717349883,10.841868128712552,24.097528451979542
IceSphere,8.75751503006012,16.842276752279172,10.643006762823202,23.807348305792107
IceSphere,8.957915831663328,16.595644433587264,10.46796907002156,23.491966028721492
IceSphere,9.158316633266537,16.351879224663474,10.295455551236866,23.17321713152929
IceSphere,9.358717434869746,16.110969916183038,10.117350470821375,22.869319601172226
IceSphere,9.559118236472955,15.872904647484162,9.934276889989071,22.599798535296966
IceSphere,9.75951903807615,15.637670927864573,9.756723394037552,22.31221972697375
IceSphere,9.959919839679358,15.405255657776124,9.597159706312748,22.001185098355965
IceSphere,10.160320641282567,15.175645149899443,9.441192367827707,21.6974003317143
IceSphere,10.360721442885776,14.948825150078573,9.273969533736777,21.41115105594917
IceSphere,10.561122244488985,14.724780858097947,9.099603002801425,21.145355481793118
IceSphere,10.761523046092194,14.503496948284662,8.938758673007055,20.870770199565893
IceSphere,10.961923847695388,14.284957589920428,8.774869366230657,20.57887077529592
IceSphere,11.162324649298597,14.069146467446817,8.615927636959178,20.2977975798783
IceSphere,11.362725450901806,13.85604680045093,8.45837277929812,20.027106620488194
IceSphere,11.563126252505015,13.645641363416335,8.30348680143148,19.771720736253336
IceSphere,11.763527054108224,13.437912505228157,8.16570943979693,19.51537793297904
IceSphere,11.963927855711432,13.23284216841922,8.014848925788494,19.253035240738065
IceSphere,12.164328657314627,13.030411908146787,7.869406162273492,18.99080008701893
IceSphere,12.364729458917836,12.830602910890143,7.734740023465365,18.728181875070018
IceSphere,12.565130260521045,12.63339601285802,7.601425730486471,18.473683430961962
IceSphere,12.765531062124253,12.438771718099531,7.459227869504994,18.219731530304827
IceSphere,12.965931863727462,12.246710216308283,7.323686880204162,17.976558094277507
IceSphere,13.166332665330657,12.057191400313844,7.190537900115977,17.736739332400656
IceSphere,13.366733466933866,11.870194883254317,7.064209202964029,17.482052624172393
IceSphere,13.567134268537075,11.685700015422904,6.944090949640814,17.227566565917407
IceSphere,13.767535070140283,11.503685900784452,6.821064377797201,16.980995095070494
IceSphere,13.967935871743492,11.324131413157335,6.699155920231785,16.749482542759434
IceSphere,14.168336673346701,11.147015212055827,6.5734879919962035,16.533093336459462
IceSphere,14.368737474949896,10.972315758191284,6.454120214758214,16.318366646026693
IceSphere,14.569138276553105,10.800011328627761,6.332096915683596,16.105903859985613
IceSphere,14.769539078156313,10.63008003159129,6.221497414706787,15.891341622608639
IceSphere,14.969939879759522,10.46249982093023,6.1063510474408655,15.655915096217687
IceSphere,15.170340681362731,10.297248510226165,5.996225603871546,15.423061167189756
IceSphere,15.37074148296594,10.13430378655441,5.8869336333785665,15.201212588272924
IceSphere,15.571142284569135,9.973643223894094,5.781701585662372,14.993582559993582
IceSphere,15.771543086172343,9.815244296188132,5.674261943213134,14.765448618154526
IceSphere,15.971943887775552,9.659084390053641,5.574343629087074,14.560892260570519
IceSphere,16.17234468937876,9.505140817144385,5.475685906200737,14.353471176035796
IceSphere,16.37274549098197,9.353390826165647,5.380697030338474,14.133904879035493
IceSphere,16.57314629258518,9.203811614545176,5.2873076616432195,13.928583716727484
IceSphere,16.773547094188373,9.056380339760459,5.1954637433623185,13.725234644907609
IceSphere,16.973947895791582,8.911074130326291,5.10395208739036,13.51843378066184
IceSphere,17.17434869739479,8.767870096444542,5.004568111922466,13.326220238393041
IceSphere,17.374749498998,8.62674534032015,4.91325707838534,13.142053236777086
IceSphere,17.57515030060121,8.487676966145564,4.829723054146216,12.952359212190542
IceSphere,17.775551102204417,8.350642089758242,4.751575371760946,12.781104148873121
IceSphere,17.975951903807612,8.215617847974597,4.67462756646474,12.589119282432797
IceSphere,18.17635270541082,8.082581407604577,4.593479757273277,12.395475547574835
IceSphere,18.37675350701403,7.9515099741508735,4.513077773899503,12.213210413908751
IceSphere,18.57715430861724,7.8223808001978785,4.43401363349961,12.036953681289754
IceSphere,18.777555110220447,7.695171193493931,4.348260359667006,11.863438884798024
IceSphere,18.977955911823656,7.569858524732682,4.262516149962149,11.682909073919799
IceSphere,19.17835671342685,7.446420235037829,4.180731981095468,11.518231035229444
IceSphere,19.37875751503006,7.32483384315632,4.105944910633122,11.343849013213182
IceSphere,19.57915831663327,7.205076952365446,4.0370967001959555,11.160867715100528
IceSphere,19.779559118236477,7.087127257098554,3.9725679311406434,11.001671067837808
IceSphere,19.979959919839686,6.970962549295153,3.898203185214776,10.834830751493154
IceSphere,20.180360721442895,6.85656072448032,3.8215480962985584,10.675081241398855
IceSphere,20.38076152304609,6.7438997875796485,3.7489326452077685,10.517245410134045
IceSphere,20.5811623246493,6.632957858473881,3.6721316664395407,10.361592264421137
IceSphere,20.781563126252507,6.523713177300333,3.6014716592401745,10.20003767053802
IceSphere,20.981963927855716,6.416144109505305,3.537285206709824,10.04356455980648
IceSphere,21.182364729458925,6.310229150653869,3.468136003475516,9.904098355173707
IceSphere,21.382765531062134,6.205946931002571,3.4002884772190627,9.75887085664689
IceSphere,21.58316633266533,6.103276219840022,3.3337200683637733,9.61523604370632
IceSphere,21.783567134268537,6.002195929601856,3.268490866859401,9.473759519746086
IceSphere,21.983967935871746,5.902685119764817,3.204584648633911,9.329385454192835
IceSphere,22.184368737474955,5.80472300052622,3.144298401355841,9.187350516011294
IceSphere,22.384769539078164,5.708288936273834,3.0878089644515465,9.049378672962742
IceSphere,22.58517034068136,5.613362448851858,3.0326344935240175,8.912955673474745
IceSphere,22.785571142284567,5.519923220628682,2.9754652454238886,8.770631927377758
IceSphere,22.985971943887776,5.427951097371444,2.9157265517403,8.638127950615615
IceSphere,23.186372745490985,5.337426090933068,2.867704729388934,8.514897488103294
IceSphere,23.386773547094194,5.248328381757281,2.8094975243271034,8.393011160485687
IceSphere,23.587174348697403,5.160638321206086,2.755057075968266,8.27366637152825
IceSphere,23.787575150300597,5.074336433716071,2.6993946691030395,8.151824530058896
IceSphere,23.987975951903806,4.98940341878773,2.6488291633711176,8.037016097914744
IceSphere,24.188376753507015,4.905820152813491,2.599779697627949,7.9231740735141445
IceSphere,24.388777555110224,4.823567690749025,2.5493314257002795,7.808786756624286
IceSphere,24.589178356713433,4.742627267633254,2.501545521647567,7.689099263101832
IceSphere,24.78957915831664,4.662980299961423,2.452818766679648,7.573923926277552
IceSphere,24.989979959919836,4.58460838691658,2.4054840741215306,7.451423502981142
IceSphere,25.190380761523045,4.507493311463629,2.3623292533223315,7.3265167266316
IceSphere,25.390781563126254,4.43161704131098,2.3192090086336057,7.21615489353455
IceSphere,25.591182364729463,4.356961729744282,2.275675816353425,7.106624306133896
IceSphere,25.79158316633267,4.283509716336397,2.2340836379260494,7.005572032294847
IceSphere,25.99198396793588,4.211243527538763,2.190975174205118,6.90559665153697
IceSphere,26.192384769539075,4.140145877157249,2.1497593506118213,6.806921652455992
IceSphere,26.392785571142284,4.070199666717967,2.1093808237413456,6.7007655959273675
IceSphere,26.593186372745492,4.001387985726364,2.0697439864585507,6.595599178307237
IceSphere,26.7935871743487,3.9336941118238675,2.0307273009164897,6.495294272822704
IceSphere,26.99398797595191,3.867101510846027,1.9924558611328531,6.402245084256771
IceSphere,27.19438877755512,3.8015938367861,1.9532194600123185,6.304416690833308
IceSphere,27.394789579158314,3.7371549316676944,1.9176545814586001,6.209143381203824
IceSphere,27.595190380761522,3.673768825330166,1.8780324684121716,6.113383780945229
IceSphere,27.79559118236473,3.6114197351305974,1.841730182088854,6.018608083477309
IceSphere,27.99599198396794,3.550092065565619,1.8056615165445105,5.927297539312177
IceSphere,28.19639278557115,3.489770407816416,1.7697093080883903,5.836981115343149
IceSphere,28.396793587174358,3.4304395392206772,1.737345486732074,5.746605062076988
IceSphere,28.597194388777552,3.3720844226743174,1.7077416607034643,5.658577423596116
IceSphere,28.79759519038076,3.314690205966234,1.675357892666291,5.575126472773122
IceSphere,28.99799599198397,3.2582422210493296,1.6408525137101713,5.496568142564935
IceSphere,29.19839679358718,3.2027259832507746,1.609430508620141,5.419183366341919
IceSphere,29.398797595190388,3.148127190424045,1.5791238776905696,5.339419073885618
IceSphere,29.599198396793597,3.09443172204625,1.5499824631036194,5.260796821877394
IceSphere,29.79959919839679,3.0416256382627336,1.5197530282565093,5.181274867386716
IceSphere,30.0,2.989695178882413,1.4884759233857605,5.100765130136579
