series,min_temperature_C,death_percent,sem_percent
A549,-82.0,87.1859921955848,7.073826535533027
A549,-78.0,88.55102201219384,3.6379330750597747
A549,-72.0,95.02801120448179,1.4005602240896364
A549,-70.0,82.61308276618644,7.98747075664372
A549,-68.0,86.96888591502174,0.786216125794581
A549,-64.0,89.91627348939623,6.672539658502511
A549,-62.0,82.89583232241496,6.686524831613936
A549,-60.0,86.84386199142718,4.133581617595389
A549,-56.0,84.48261175815355,8.321621046079247
A549,-54.0,80.48389075316771,10.622421608408779
A549,-50.0,80.62468765617193,12.708645677161416
A549,-48.0,92.30254075979542,4.882889703780735
A549,-46.0,86.20948262427926,7.087618824996106
A549,-42.0,72.29247967094308,9.059102878244255
A549,-40.0,81.85287587182943,9.551288570242122
A549,-36.0,70.6493943573517,12.04133574929309
A549,-34.0,78.17042066564275,12.315016227561141
A549,-30.0,62.12375982730778,6.264829224349882
A549,-28.0,73.97464381221117,13.175862562523024
A549,-24.0,68.35107823878839,9.032113498006435
A549,-22.0,33.9439952044146,27.107378750185163
A549,-20.0,27.59972421944253,20.2324436127253
A549,-18.0,40.091054908315,21.975519294181524
A549,-16.0,17.823835310297405,4.847644834106927
A549,-14.0,24.392029541785476,9.991893116737845
A549,-10.0,5.899251699423759,2.0510281510196955
A549,-8.0,0.9713371514613749,0.04907101180393102
A549,-6.0,2.1782061575387686,1.0300770282133158
A549,-4.0,3.8812583930853988,1.3113369082654365
A549,-2.0,3.271867200130077,2.1261673071872123
A549,-0.0,1.820526924242348,0.8944053165850934
A549,2.0,1.2611865775455078,0.3329939541005444
A549,4.0,2.3995658682674335,0.6563619007961459
A549,6.0,1.9461036102685254,0.37297587525882564
A549,8.0,2.1008597644562736,0.31513045336454437
A549,10.0,1.8437377284985605,0.47991051784786637
A549,12.0,1.5705480404770786,0.2650264519392987
A549,14.0,1.809774123450573,
A549,16.0,2.1740774750587257,
CALU1,-80.0,99.4083373076002,0.37252463542389863
CALU1,-76.0,97.92802116211905,1.1261490872360558
CALU1,-70.0,97.4423551756885,0.08850902184235342
CALU1,-68.0,97.1918720016075,0.8150604074046164
CALU1,-66.0,96.40113407719042,2.89464057069691
CALU1,-62.0,96.9883363181338,0.24564725412807267
CALU1,-60.0,96.523033126294,0.5603002070393381
CALU1,-58.0,94.80376396526236,3.074354307173424
CALU1,-54.0,95.84009188090822,1.4454303210832484
CALU1,-52.0,94.43319838056681,2.3279352226720675
CALU1,-50.0,91.81921805539724,5.600136783312436
CALU1,-46.0,93.88671151386806,2.107377274832799
CALU1,-44.0,94.04751907550303,2.3776124419641516
CALU1,-40.0,90.83963139833081,1.3281894075237584
CALU1,-36.0,85.92117758784426,7.526115859449188
CALU1,-34.0,83.61723480588462,0.9871630022879666
CALU1,-32.0,97.04849363139331,1.079848614595996
CALU1,-30.0,77.75614359801352,11.330150818230129
CALU1,-28.0,82.6832496757057,3.548954357185965
CALU1,-26.0,68.46822255584368,26.311359810745643
CALU1,-24.0,69.27206289322385,14.360224102291848
CALU1,-22.0,79.56234137573851,7.634923114933079
CALU1,-20.0,66.54001941060196,17.583082012520677
CALU1,-18.0,56.35586391400344,2.4798949217553874
CALU1,-16.0,67.02255809623419,28.37936486440624
CALU1,-14.0,50.79112243814379,10.836784538600401
CALU1,-12.0,70.83365873028458,23.572649544501832
CALU1,-10.0,53.3225229995367,15.391488516778079
CALU1,-8.0,60.2715570397035,21.76896000041403
CALU1,-6.0,60.89438190883991,16.07454225258172
CALU1,-4.0,44.35396664889748,22.362532990516463
CALU1,-2.0,85.69096701649175,9.613380809595201
CALU1,-0.0,45.06430925498652,19.532387623644944
CALU1,2.0,36.598727318856675,19.02894167716509
CALU1,4.0,31.77989142023038,15.958721687668941
CALU1,6.0,24.992781551226038,11.472392762953383
CALU1,8.0,13.479246352570359,6.030530209661337
CALU1,10.0,7.434453888257589,3.1842930638194717
CALU1,12.0,4.547361359322394,0.8781460438081714
CALU1,14.0,4.876976198073256,0.9938995273840364
CALU1,16.0,5.2141642179957035,1.2233653698805098
CALU1,18.0,1.819105629828673,
CALU6,-92.0,99.44642765161389,0.23811493513690163
CALU6,-82.0,98.41328045099654,1.1047918381600905
CALU6,-80.0,98.00267848896279,1.706382192666483
CALU6,-78.0,99.39706639217705,0.39706639217704776
CALU6,-74.0,97.31149366650114,2.1814069420181434
CALU6,-72.0,98.27808389619624,0.4332563099893382
CALU6,-70.0,96.92497966928705,1.2893060449986447
CALU6,-68.0,98.73830213903744,0.15875668449197855
CALU6,-66.0,96.7781950921486,1.4581790193166095
CALU6,-62.0,97.33924611973393,0.388026607538805
CALU6,-60.0,97.32245121068539,0.9028057824502351
CALU6,-58.0,94.98272118056366,3.6898451911177514
CALU6,-54.0,97.66372155287819,0.8637215528781828
CALU6,-52.0,98.35211792044477,0.6315181415791175
CALU6,-46.0,96.15786976122172,0.9463773430253841
CALU6,-44.0,91.55816005232656,0.7297576854626507
CALU6,-42.0,94.5296416270697,2.273004458928096
CALU6,-38.0,90.64563547502459,4.013163375621973
CALU6,-36.0,94.34868936533941,2.8635408504879223
CALU6,-34.0,88.89090987830757,6.768004850374604
CALU6,-32.0,84.03260931048135,4.220402737711409
CALU6,-30.0,90.73565688435399,2.6832837255978568
CALU6,-28.0,88.1170426624972,5.684610230064773
CALU6,-26.0,82.6155525667661,6.979880078429615
CALU6,-24.0,84.43791960481546,5.348303673094272
CALU6,-22.0,84.11370951883718,2.069985623165462
CALU6,-20.0,65.78667994685259,6.291554720220377
CALU6,-18.0,79.67495683594097,3.453458464605469
CALU6,-16.0,69.8237772684976,0.32241699881758545
CALU6,-14.0,51.75906879078581,13.661489175136213
CALU6,-12.0,62.48982103192924,11.708039930637597
CALU6,-10.0,38.220817891381195,12.611651649257588
CALU6,-8.0,38.78486269584847,18.42845419687656
CALU6,-6.0,22.54818073362522,13.565913422016127
CALU6,-4.0,23.658672771434155,17.877941874424188
CALU6,-2.0,14.662537539089579,9.641016735646248
CALU6,-0.0,5.272541727648776,2.5406486165626885
CALU6,2.0,7.439035711680103,5.037498032001276
CALU6,4.0,2.1086145041927304,0.692215904139252
CALU6,6.0,5.957040452567258,3.9750567150338147
CALU6,8.0,5.513011249287405,3.3687398048571744
CALU6,10.0,4.4716682593688795,2.5132345178594044
CALU6,12.0,3.314854274030236,0.97654738717903
CALU6,14.0,3.976532788533147,1.8943611013018815
CALU6,16.0,4.769590715846122,2.5117191407026476
