replicate,dist_from_surface_mm,n_live_1,n_expected_1,n_live_2,n_expected_2,S1,S2
N1,0.1,19,522,3,522,0.03639846743295019,0.005747126436781609
N1,0.3,8,240,2,240,0.03333333333333333,0.008333333333333333
N1,0.5,13,296,0,296,0.04391891891891892,0.0
N1,0.7,6,334,4,334,0.017964071856287425,0.011976047904191617
N1,0.9,15,363,2,363,0.04132231404958678,0.005509641873278237
N1,1.1,24,449,1,449,0.053452115812917596,0.0022271714922048997
N1,1.3,18,475,3,475,0.037894736842105266,0.00631578947368421
N1,1.5,34,517,8,517,0.06576402321083172,0.015473887814313346
N1,1.7,40,660,5,660,0.06060606060606061,0.007575757575757576
N1,1.9,37,681,7,681,0.05433186490455213,0.010279001468428781
N1,2.1,48,698,12,698,0.06876790830945559,0.017191977077363897
N1,2.3,76,768,11,768,0.09895833333333333,0.014322916666666666
N1,2.5,75,855,11,855,0.08771929824561403,0.012865497076023392
N1,2.7,78,906,6,906,0.08609271523178808,0.006622516556291391
N1,2.9,79,902,18,902,0.08758314855875832,0.019955654101995565
N1,3.1,94,997,18,997,0.09428284854563691,0.01805416248746239
N1,3.3,87,1034,22,1034,0.08413926499032882,0.02127659574468085
N1,3.5,103,1060,25,1060,0.09716981132075472,0.02358490566037736
N1,3.7,176,1087,41,1087,0.16191352345906163,0.03771849126034959
N1,3.9,200,1138,47,1138,0.1757469244288225,0.04130052724077329
N1,4.1,177,1203,42,1203,0.14713216957605985,0.034912718204488775
N1,4.3,203,1265,65,1265,0.16047430830039525,0.05138339920948617
N1,4.5,316,1308,50,1308,0.2415902140672783,0.0382262996941896
N1,4.7,401,1336,82,1336,0.3001497005988024,0.061377245508982034
N1,4.9,562,1437,94,1437,0.39109255393180237,0.06541405706332637
N1,5.1,655,1485,139,1485,0.44107744107744107,0.0936026936026936
N1,5.3,872,1521,234,1521,0.5733070348454964,0.15384615384615385
N1,5.5,1030,1552,282,1552,0.663659793814433,0.18170103092783504
N1,5.7,1148,1637,405,1637,0.7012828344532682,0.24740378741600488
N1,5.9,1227,1763,521,1763,0.6959727736812252,0.2955190017016449
N1,6.1,1487,1849,678,1849,0.8042184964845862,0.3666846944294213
N1,6.3,1561,1901,768,1901,0.8211467648605997,0.40399789584429247
N1,6.5,1844,2053,920,1882,0.8981977593765221,0.48884165781083955
N1,6.7,1913,2074,1174,1992,0.9223722275795564,0.5893574297188755
N1,6.9,1855,2133,1423,2133,0.8696671354899203,0.6671354899203
N1,7.1,1996,2151,1573,2087,0.9279404927940493,0.753713464302827
N1,7.3,2204,2383,1699,2159,0.9248845992446496,0.7869383974062065
N1,7.5,2297,2473,1830,2206,0.9288313788920339,0.8295557570262919
N1,7.7,2349,2549,1934,2293,0.921537857983523,0.8434365460095944
N1,7.9,2233,2407,1962,2251,0.927710843373494,0.8716126166148378
N2,0.1,9,934,28,934,0.009635974304068522,0.029978586723768737
N2,0.3,6,488,16,488,0.012295081967213115,0.03278688524590164
N2,0.5,4,526,28,526,0.0076045627376425855,0.053231939163498096
N2,0.7,11,711,20,711,0.015471167369901548,0.02812939521800281
N2,0.9,17,727,20,727,0.023383768913342505,0.027510316368638238
N2,1.1,33,972,33,972,0.033950617283950615,0.033950617283950615
N2,1.3,50,1160,28,1160,0.04310344827586207,0.02413793103448276
N2,1.5,73,1035,28,1035,0.07053140096618357,0.02705314009661836
N2,1.7,145,1277,44,1277,0.11354737666405638,0.03445575567736883
N2,1.9,128,1332,63,1332,0.0960960960960961,0.0472972972972973
N2,2.1,215,1309,74,1309,0.16424751718869365,0.05653170359052712
N2,2.3,298,1402,111,1402,0.21255349500713266,0.07917261055634807
N2,2.5,386,1548,154,1548,0.24935400516795866,0.09948320413436693
N2,2.7,499,1683,216,1683,0.2964943553178847,0.12834224598930483
N2,2.9,573,1701,237,1701,0.3368606701940035,0.13932980599647266
N2,3.1,820,1713,244,1713,0.47869235259778165,0.14244016345592528
N2,3.3,811,1880,252,1880,0.43138297872340425,0.13404255319148936
N2,3.5,934,1995,302,1995,0.4681704260651629,0.15137844611528822
N2,3.7,1086,2040,348,2040,0.5323529411764706,0.17058823529411765
N2,3.9,1195,2174,425,2174,0.5496780128794848,0.19549218031278748
N2,4.1,1440,2241,485,2241,0.642570281124498,0.21642124051762607
N2,4.3,1408,2290,404,2290,0.6148471615720524,0.17641921397379912
N2,4.5,1588,2484,375,2484,0.6392914653784219,0.15096618357487923
N2,4.7,1640,2658,501,2658,0.617005267118134,0.18848758465011287
N2,4.9,1784,2680,680,2680,0.6656716417910448,0.2537313432835821
N2,5.1,1839,2673,896,2673,0.6879910213243546,0.3352038907594463
N2,5.3,1945,2787,1218,2787,0.6978830283458917,0.4370290635091496
N2,5.5,2272,2883,1273,2883,0.78806798473812,0.4415539368713146
N2,5.7,2402,2934,1563,2934,0.8186775732788003,0.532719836400818
N2,5.9,2556,2957,1619,2957,0.8643895840378762,0.5475143726750085
N2,6.1,2738,3001,1746,3001,0.9123625458180606,0.5818060646451183
N2,6.3,2640,3348,2089,3348,0.7885304659498208,0.6239545997610514
N2,6.5,3027,3360,2366,3360,0.9008928571428572,0.7041666666666667
N2,6.7,3013,3534,2358,3534,0.8525749858517261,0.66723259762309
N2,6.9,3008,3749,2455,3749,0.8023472926113631,0.6548412910109362
N2,7.1,3201,3582,2773,3582,0.8936348408710217,0.7741485203796762
N2,7.3,3391,3525,3120,3525,0.9619858156028369,0.8851063829787233
N2,7.5,3340,3778,3151,3778,0.884065643197459,0.8340391741662255
N2,7.7,3430,3924,3130,3924,0.8741080530071356,0.7976554536187563
N2,7.9,3392,3937,3234,3937,0.8615697231394462,0.8214376428752858
N3,0.1,30,1000,68,1000,0.03,0.068
N3,0.3,13,398,21,398,0.032663316582914576,0.052763819095477386
N3,0.5,10,449,9,449,0.022271714922048998,0.0200445434298441
N3,0.7,26,509,9,509,0.05108055009823183,0.01768172888015717
N3,0.9,67,662,11,662,0.10120845921450151,0.01661631419939577
N3,1.1,107,718,6,718,0.149025069637883,0.008356545961002786
N3,1.3,130,851,16,851,0.15276145710928318,0.01880141010575793
N3,1.5,194,882,21,882,0.2199546485260771,0.023809523809523808
N3,1.7,244,1040,35,1040,0.23461538461538461,0.03365384615384615
N3,1.9,331,994,39,994,0.3329979879275654,0.039235412474849095
N3,2.1,444,1101,66,1101,0.4032697547683924,0.05994550408719346
N3,2.3,487,1140,76,1140,0.42719298245614035,0.06666666666666667
N3,2.5,536,1270,120,1270,0.4220472440944882,0.09448818897637795
N3,2.7,635,1438,159,1438,0.4415855354659249,0.1105702364394993
N3,2.9,627,1295,173,1295,0.48416988416988416,0.1335907335907336
N3,3.1,699,1344,192,1344,0.5200892857142857,0.14285714285714285
N3,3.3,722,1468,246,1468,0.49182561307901906,0.167574931880109
N3,3.5,768,1476,319,1476,0.5203252032520326,0.21612466124661248
N3,3.7,785,1649,345,1649,0.47604608853850816,0.20921770770163736
N3,3.9,804,1652,369,1652,0.48668280871670705,0.22336561743341404
N3,4.1,739,1668,379,1668,0.4430455635491607,0.22721822541966427
N3,4.3,752,1870,426,1870,0.4021390374331551,0.22780748663101605
N3,4.5,970,2069,417,2069,0.4688255195746738,0.2015466408893185
N3,4.7,1017,2025,445,2025,0.5022222222222222,0.21975308641975308
N3,4.9,988,1969,510,1969,0.5017775520568817,0.25901472828847133
N3,5.1,1069,2050,570,2050,0.5214634146341464,0.2780487804878049
N3,5.3,1264,2344,701,2344,0.5392491467576792,0.29906143344709896
N3,5.5,1402,2334,884,2334,0.6006855184233076,0.3787489288774636
N3,5.7,1652,2441,1066,2441,0.6767718148299877,0.4367062679229824
N3,5.9,1729,2417,1180,2417,0.7153496069507654,0.48820852296235
N3,6.1,2000,2553,1346,2553,0.7833920877399139,0.527222875048962
N3,6.3,2072,2567,1584,2567,0.8071679002726918,0.6170627191273861
N3,6.5,2267,2761,1869,2761,0.8210793190872873,0.6769286490402028
N3,6.7,2251,2829,2057,2829,0.7956875220926122,0.7271120537292329
N3,6.9,2449,2867,2229,2867,0.8542029996512034,0.7774677363097314
N3,7.1,2655,2818,2303,2818,0.9421575585521647,0.8172462739531583
N3,7.3,2884,2979,2484,2967,0.9681101040617657,0.8372093023255814
N3,7.5,2869,3152,2713,3152,0.9102157360406091,0.8607233502538071
N3,7.7,2941,3143,2828,3143,0.9357301940820871,0.8997772828507795
N3,7.9,2820,3250,2844,3250,0.8676923076923077,0.8750769230769231
