series,distance_from_surface_mm,death_percent,sem_percent
2x6 F1,0.0,97.46551860876605,0.8068680762706698
2x6 F1,0.5,97.35519703275206,0.7287395309360744
2x6 F1,1.0,93.2151470300333,2.9610134750431834
2x6 F1,1.5,88.74295585642328,4.6546535269402876
2x6 F1,2.0,81.28525609897738,9.34892222914346
2x6 F1,2.5,74.10783612753774,9.825924985165802
2x6 F1,3.0,66.6136863448329,12.440504315553573
2x6 F1,3.5,63.700306151645314,12.406315022213466
2x6 F1,4.0,59.24565607210403,12.901257161243041
2x6 F1,4.5,56.05337119277812,11.256715274036809
2x6 F1,5.0,46.49562834389632,7.604017708796322
2x6 F1,5.5,32.553413282524794,4.8869539470103245
2x6 F1,6.0,20.32535695736569,4.590445124285466
2x6 F1,6.5,15.41326307506084,2.1470049260858057
2x6 F1,7.0,11.877374294692798,1.7140554076295498
2x6 F1,7.5,7.747982301963222,0.9440906299725453
2x6 F1,8.0,11.434237526491735,2.11007615090803
2x6 F2,0.0,96.54247622798165,1.8117229065235492
2x6 F2,0.5,97.57469790178656,0.9006031016768943
2x6 F2,1.0,98.4263919218955,0.8120425624824911
2x6 F2,1.5,97.85160891479889,0.5955922972620351
2x6 F2,2.0,96.1409426047863,1.2416576483050181
2x6 F2,2.5,93.09507647395635,2.9180432085509254
2x6 F2,3.0,90.06140790161635,4.02211863111529
2x6 F2,3.5,87.3904832611599,5.094800272244701
2x6 F2,4.0,84.35217796137005,5.9488517115679915
2x6 F2,4.5,85.38042784893287,4.953546221166755
2x6 F2,5.0,78.57073952180997,6.768388785695699
2x6 F2,5.5,65.36328799480674,8.06252326186748
2x6 F2,6.0,53.167153436765915,7.011567775522253
2x6 F2,6.5,38.7906678078786,5.8330157499453845
2x6 F2,7.0,25.990860649001494,2.8561878773029896
2x6 F2,7.5,15.8561140861068,1.3414161185100324
2x6 F2,8.0,14.395760581098443,1.7331252743042214
Clinical,0.0,98.11326302277945,1.160207386519263
Clinical,0.5,96.53318999641193,2.727977408014946
Clinical,1.0,96.89520775052809,1.8293172358260548
Clinical,1.5,97.79158865245233,1.4214639806654195
Clinical,2.0,97.79988077831281,1.1585070047724455
Clinical,2.5,97.81419543596303,1.1283740376992215
Clinical,3.0,97.763749905555,0.7480335527633991
Clinical,3.5,97.49997940269695,0.35423241357692237
Clinical,4.0,93.9896270117925,0.2105496554477878
Clinical,4.5,89.05274706483367,2.666344570194869
Clinical,5.0,81.44762329330443,5.846349243984717
Clinical,5.5,71.01310086236877,8.373423021752211
Clinical,6.0,55.233589488934655,13.142009037832409
Clinical,6.5,45.94290601610728,13.969060161883894
Clinical,7.0,28.805578060345184,14.594993506356525
Clinical,7.5,20.37912598878191,7.791960631598063
Clinical,8.0,18.031014575588802,5.545803326657407
