min_temperature_C,delta_CC3_mean,delta_CC3_sem,delta_CC3_smoothed,delta_CC3_smoothed_sem
-20.0,-0.6204274505631144,2.6794460886740996,-0.5143448751749815,2.8339716083944286
-18.0,0.15566523634617724,3.253712788237403,-0.8811461674424691,2.8115737270644354
-16.0,-2.6017330694492404,2.4909430203186154,-1.6569682688071248,2.48192678944386
-14.0,-2.328526441374097,1.7263490117605582,-1.8063233523983413,2.130089535529292
-12.0,-1.0639911134072588,2.1454152111578266,-1.1225939971524812,2.0851048778474506
-10.0,0.10575881762654138,2.274026949668382,-0.44887246055989893,2.0900905404491468
-8.0,-0.37151472834003,1.945227857354034,-0.24901468114930317,1.8970425774306883
-6.0,-0.05792567056209282,1.5255115069834921,-0.3525358252597742,1.6181731335217169
-4.0,-0.7212927719451206,1.3107310438941062,-0.6258350862431483,1.4526318536666687
-2.0,-1.1897757423524942,1.5539595150285894,-0.7131415830447225,1.395808806316094
0.0,-0.338132922694193,1.1532740219662312,-0.3513766336843543,1.361935986099588
2.0,0.40646262286753293,1.5207318559840688,0.12371366621147731,1.3875897710492557
4.0,0.11242607501330441,1.3721121304132182,0.6024030033597505,1.438103222244644
6.0,1.3347808152387195,1.2814591342403996,1.5520449810384636,1.7410200351251226
8.0,2.413271832633751,2.2951882712845344,3.387519091206057,2.680915321601153
10.0,6.37236292051752,4.1832366276368065,5.867959062924003,4.0144857551224895
12.0,9.781733781772237,6.497774765846317,7.078140720951675,4.456063506323761
14.0,5.276672113513203,2.452774671203756,5.933607721875376,3.4372148543929057
16.0,3.8323249645810233,2.213062932514547,4.296581211197426,2.457041699284966
18.0,3.037927362945507,1.9190718986345106,3.5162443043440152,2.267204450978659
20.0,3.3397882368161174,2.3906658795521576,3.5143873551055123,2.7180460608981836
22.0,4.130472516465255,3.835847858619289,3.761869809272931,3.4564247541897073
24.0,3.651544958329398,4.102870279051635,3.895973470783897,3.903696580672403
26.0,4.085975044248358,4.199908109759403,4.06845850236574,3.8376475191923802
28.0,4.385695586707551,3.149817092580964,4.252793005214832,3.5193155555259468
