cell_line,bio_replicate,tech_replicate,dist_from_surface_mm,n_live,n_expected,T_min
A549,N1,n1,0.05,103,1441,-86.59568291459817
A549,N1,n1,0.15,19,385,-77.62698684826424
A549,N1,n1,0.25,22,415,-69.5185112733966
A549,N1,n1,0.35,34,416,-62.122349607487635
A549,N1,n1,0.45,32,480,-55.32642469240603
A549,N1,n1,0.55,30,450,-49.043883252349495
A549,N1,n1,0.65,22,450,-43.2061677808072
A549,N1,n1,0.75,45,502,-37.758341051377236
A549,N1,n1,0.85,48,548,-32.65584495711546
A549,N1,n1,0.95,55,534,-27.86220403562769
A549,N1,n1,1.05,89,573,-23.3473703687004
A549,N1,n1,1.15,201,682,-19.08651641704497
A549,N1,n1,1.25,393,685,-15.059149431857046
A549,N1,n1,1.35,592,654,-11.24846336178808
A549,N1,n1,1.45,752,759,-7.640871634993009
A549,N1,n1,1.55,806,830,-4.2256825846107215
A549,N1,n1,1.65,697,703,-0.9948920128184773
A549,N1,n1,1.75,472,482,1.7181867712147334
A549,N1,n1,1.85,354,357,3.7976730881770875
A549,N1,n1,1.95,287,289,5.71753541777532
A549,N1,n1,2.05,240,242,7.403243667392342
A549,N1,n1,2.15,200,203,8.869053058928499
A549,N1,n1,2.25,178,179,10.131887174901246
A549,N1,n1,2.35,141,141,11.218864127316614
A549,N1,n1,2.45,79,81,12.15440919324355
A549,N1,n1,2.55,30,30,12.976549317940973
A549,N1,n1,2.65,4,4,13.758406469858404
A549,N1,n1,2.75,0,0,14.515724776978166
A549,N1,n1,2.85,0,0,15.248148491790975
A549,N1,n1,2.95,0,0,15.955373404715147
A549,N1,n3,0.05,102,1607,-80.16557945486309
A549,N1,n3,0.15,38,349,-70.81338177429086
A549,N1,n3,0.25,63,431,-62.366578782433514
A549,N1,n3,0.35,50,497,-54.671321066782774
A549,N1,n3,0.45,74,532,-47.61113692663736
A549,N1,n3,0.55,67,550,-41.095834805183266
A549,N1,n3,0.65,62,552,-35.05424015880816
A549,N1,n3,0.75,96,606,-29.42927456707976
A549,N1,n3,0.85,159,618,-24.174518015329852
A549,N1,n3,0.95,250,715,-19.25173782591272
A549,N1,n3,1.05,535,762,-14.629061256212802
A549,N1,n3,1.15,750,783,-10.279582077719557
A549,N1,n3,1.25,856,861,-6.1802596002127235
A549,N1,n3,1.35,939,975,-2.311010299925895
A549,N1,n3,1.45,977,981,1.280100643684808
A549,N1,n3,1.55,856,902,3.821853654914869
A549,N1,n3,1.65,675,687,6.195731517393147
A549,N1,n3,1.75,447,460,8.345658501740424
A549,N1,n3,1.85,414,423,10.11322499834733
A549,N1,n3,1.95,391,400,11.60551919023438
A549,N1,n3,2.05,347,351,12.850582935281828
A549,N1,n3,2.15,291,294,13.912062188300306
A549,N1,n3,2.25,205,208,14.834277880683608
A549,N1,n3,2.35,154,155,15.6504200400638
A549,N1,n3,2.45,77,80,16.382771914770988
A549,N1,n3,2.55,40,40,17.085408657056572
A549,N1,n3,2.65,2,2,17.765474008789738
A549,N1,n3,2.75,0,0,18.422858619615617
A549,N1,n3,2.85,0,0,19.057482389341125
A549,N1,n3,2.95,0,0,19.669300707416998
A549,N1,n4,0.05,131,1511,-99.80576620507068
A549,N1,n4,0.15,39,368,-89.30802556514153
A549,N1,n4,0.25,34,373,-79.81658200955516
A549,N1,n4,0.35,26,408,-71.15761377050708
A549,N1,n4,0.45,21,438,-63.199183104930285
A549,N1,n4,0.55,36,465,-55.83876180044277
A549,N1,n4,0.65,63,557,-48.99506187983051
A549,N1,n4,0.75,151,619,-42.60250149839553
A549,N1,n4,0.85,149,667,-36.60734654859168
A549,N1,n4,0.95,314,691,-30.964953537542307
A549,N1,n4,1.05,532,695,-25.637757667796556
A549,N1,n4,1.15,668,748,-20.593778888643268
A549,N1,n4,1.25,678,700,-15.805497440413344
A549,N1,n4,1.35,701,724,-11.249000160429574
A549,N1,n4,1.45,795,815,-6.903331257820387
A549,N1,n4,1.55,880,885,-2.750003119515127
A549,N1,n4,1.65,749,758,0.8358694453328825
A549,N1,n4,1.75,462,469,3.536088340175967
A549,N1,n4,1.85,402,417,5.928818107941989
A549,N1,n4,1.95,312,317,8.043347740501545
A549,N1,n4,2.05,281,286,9.931537147562786
A549,N1,n4,2.15,197,197,11.555097237629903
A549,N1,n4,2.25,179,180,12.941656251034367
A549,N1,n4,2.35,146,147,14.123480570448477
A549,N1,n4,2.45,73,78,15.14838835324011
A549,N1,n4,2.55,37,37,16.050159876629575
A549,N1,n4,2.65,5,5,16.88752464896018
A549,N1,n4,2.75,0,0,17.699312387136366
A549,N1,n4,2.85,0,0,18.485124110563184
A549,N1,n4,2.95,0,0,19.244614806560183
A549,N2,n1,0.05,193,1948,-76.16570089721287
A549,N2,n1,0.15,59,427,-67.43694195841161
A549,N2,n1,0.25,74,428,-59.54433912268463
A549,N2,n1,0.35,72,504,-52.344162437577914
A549,N2,n1,0.45,58,508,-45.72739911850312
A549,N2,n1,0.55,64,581,-39.60939418566888
A549,N2,n1,0.65,99,664,-33.9230599554067
A549,N2,n1,0.75,179,714,-28.61426642339284
A549,N2,n1,0.85,263,774,-23.63861368499256
A549,N2,n1,0.95,551,829,-18.959106310898235
A549,N2,n1,1.05,785,880,-14.544429750136937
A549,N2,n1,1.15,885,939,-10.367634320429886
A549,N2,n1,1.25,977,1031,-6.405095795987643
A549,N2,n1,1.35,1018,1099,-2.635660361924769
A549,N2,n1,1.45,1112,1176,0.6996955684179373
A549,N2,n1,1.55,1209,1264,3.3384842036467526
A549,N2,n1,1.65,1056,1104,5.562592375851417
A549,N2,n1,1.75,750,798,7.586427460752829
A549,N2,n1,1.85,644,655,9.280288941133245
A549,N2,n1,1.95,494,505,10.756015947706187
A549,N2,n1,2.05,410,432,11.993767328762148
A549,N2,n1,2.15,329,334,13.05617394650398
A549,N2,n1,2.25,262,269,13.987154685676126
A549,N2,n1,2.35,220,222,14.808604042073366
A549,N2,n1,2.45,116,120,15.55361043865866
A549,N2,n1,2.55,55,58,16.27173376117349
A549,N2,n1,2.65,1,2,16.96644041526485
A549,N2,n1,2.75,0,0,17.637584875625535
A549,N2,n1,2.85,0,0,18.285058456480037
A549,N2,n1,2.95,0,0,18.90879573797586
A549,N2,n2,0.05,300,1713,-78.92385916876466
A549,N2,n2,0.15,141,424,-69.57662246391756
A549,N2,n2,0.25,157,516,-61.14236161544872
A549,N2,n2,0.35,215,528,-53.463454368088094
A549,N2,n2,0.45,175,608,-46.41996186643121
A549,N2,n2,0.55,285,679,-39.918405503860974
A549,N2,n2,0.65,378,733,-33.8844170507918
A549,N2,n2,0.75,592,763,-28.257760883125282
A549,N2,n2,0.85,804,863,-22.988866218035486
A549,N2,n2,0.95,909,954,-18.036353706212687
A549,N2,n2,1.05,968,1010,-13.36523732727917
A549,N2,n2,1.15,1067,1078,-8.945598681717598
A549,N2,n2,1.25,1075,1100,-4.751601946320056
A549,N2,n2,1.35,1160,1187,-0.7607629154714595
A549,N2,n2,1.45,1191,1224,2.2482016056958996
A549,N2,n2,1.55,1273,1314,4.647557199348949
A549,N2,n2,1.65,1116,1124,6.8909997245074965
A549,N2,n2,1.75,876,891,8.829802974511965
A549,N2,n2,1.85,670,699,10.560473683449192
A549,N2,n2,1.95,573,579,12.043920418043834
A549,N2,n2,2.05,453,469,13.28950579573083
A549,N2,n2,2.15,365,388,14.346899280695235
A549,N2,n2,2.25,282,292,15.276601617054874
A549,N2,n2,2.35,207,212,16.105831796064706
A549,N2,n2,2.45,153,154,16.861461969382116
A549,N2,n2,2.55,72,72,17.591769663075205
A549,N2,n2,2.65,4,7,18.298146476829984
A549,N2,n2,2.75,0,0,18.98046018243754
A549,N2,n2,2.85,0,0,19.638615784693943
A549,N2,n2,2.95,0,0,20.272561918263317
A549,N2,n3,0.05,461,2318,-82.92154302366087
A549,N2,n3,0.15,126,563,-73.19832603654208
A549,N2,n3,0.25,137,587,-64.40725548067113
A549,N2,n3,0.35,154,646,-56.38688061709787
A549,N2,n3,0.45,214,667,-49.01459829486368
A549,N2,n3,0.55,282,767,-42.1951009996237
A549,N2,n3,0.65,339,819,-35.85281646747892
A549,N2,n3,0.75,388,879,-29.92679142231456
A549,N2,n3,0.85,574,914,-24.367130345540456
A549,N2,n3,0.95,855,923,-19.132456810574542
A549,N2,n3,1.05,947,953,-14.188066933679426
A549,N2,n3,1.15,1016,1031,-9.504563375120409
A549,N2,n3,1.25,1074,1110,-5.056830574923871
A549,N2,n3,1.35,1043,1076,-0.8232569891121191
A549,N2,n3,1.45,1100,1112,2.2924436426589145
A549,N2,n3,1.55,1129,1139,4.792486469419042
A549,N2,n3,1.65,947,956,7.11507817697963
A549,N2,n3,1.75,760,787,9.099858747462555
A549,N2,n3,1.85,625,637,10.853796002262154
A549,N2,n3,1.95,534,538,12.338198697058
A549,N2,n3,2.05,379,396,13.577691187798072
A549,N2,n3,2.15,314,318,14.631878245051375
A549,N2,n3,2.25,233,235,15.551319285774216
A549,N2,n3,2.35,195,198,16.36537297153111
A549,N2,n3,2.45,121,121,17.103196924609676
A549,N2,n3,2.55,57,57,17.812917765452564
A549,N2,n3,2.65,5,5,18.49969407279539
A549,N2,n3,2.75,0,0,19.163415841093503
A549,N2,n3,2.85,0,0,19.804004029722567
A549,N2,n3,2.95,0,0,20.421416755390915
A549,N4,n1,0.05,42,1817,-93.09886738906386
A549,N4,n1,0.15,19,331,-82.12122897259326
A549,N4,n1,0.25,13,364,-72.20447209154737
A549,N4,n1,0.35,9,425,-63.166551078046496
A549,N4,n1,0.45,10,519,-54.86929005418788
A549,N4,n1,0.55,17,604,-47.20528932869965
A549,N4,n1,0.65,23,698,-40.08933837134721
A549,N4,n1,0.75,47,766,-33.45258129009324
A549,N4,n1,0.85,115,795,-27.238424736354055
A549,N4,n1,0.95,326,837,-21.399580587430325
A549,N4,n1,1.05,731,840,-15.895862970744199
A549,N4,n1,1.15,870,880,-10.692491956838268
A549,N4,n1,1.25,859,869,-5.758735729165764
A549,N4,n1,1.35,828,830,-1.0667710921457565
A549,N4,n1,1.45,843,849,2.6405687662586823
A549,N4,n1,1.55,930,946,5.437629610822144
A549,N4,n1,1.65,858,885,8.00216911289891
A549,N4,n1,1.75,674,677,10.201031232418421
A549,N4,n1,1.85,528,531,11.984051945971444
A549,N4,n1,1.95,484,484,13.457270977866305
A549,N4,n1,2.05,376,379,14.69877984775545
A549,N4,n1,2.15,278,284,15.749765731486377
A549,N4,n1,2.25,222,225,16.664534517123577
A549,N4,n1,2.35,162,162,17.47453386097009
A549,N4,n1,2.45,103,103,18.211289854538013
A549,N4,n1,2.55,49,54,18.91914502448287
A549,N4,n1,2.65,3,3,19.604218696201897
A549,N4,n1,2.75,0,0,20.266404771577562
A549,N4,n1,2.85,0,0,20.905630235419586
A549,N4,n1,2.95,0,0,21.521860182121554
A549,N4,n2,0.05,62,1293,-88.11806510577355
A549,N4,n2,0.15,26,317,-78.26222988219277
A549,N4,n2,0.25,42,380,-69.35258544976669
A549,N4,n2,0.35,40,424,-61.22580710482319
A549,N4,n2,0.45,54,481,-53.75790074807415
A549,N4,n2,0.55,29,519,-46.85248206234158
A549,N4,n2,0.65,65,611,-40.43310055809812
A549,N4,n2,0.75,75,670,-34.438040109933226
A549,N4,n2,0.85,111,714,-28.816695141735977
A549,N4,n2,0.95,187,728,-23.526983451234848
A549,N4,n2,1.05,304,696,-18.53346195179456
A549,N4,n2,1.15,568,763,-13.805932832895387
A549,N4,n2,1.25,784,835,-9.31840185608617
A549,N4,n2,1.35,795,799,-5.048297505991841
A549,N4,n2,1.45,867,870,-0.975890496220329
A549,N4,n2,1.55,1008,1016,2.1430168164302836
A549,N4,n2,1.65,925,941,4.621462486909671
A549,N4,n2,1.75,659,663,6.915259166757266
A549,N4,n2,1.85,521,526,8.83756237095328
A549,N4,n2,1.95,426,428,10.560376438497153
A549,N4,n2,2.05,344,351,12.055501446627375
A549,N4,n2,2.15,266,269,13.291075276833812
A549,N4,n2,2.25,222,225,14.348090578365468
A549,N4,n2,2.35,156,157,15.275418149363944
A549,N4,n2,2.45,113,116,16.095781901842926
A549,N4,n2,2.55,45,45,16.86447184903104
A549,N4,n2,2.65,6,6,17.609005596296864
A549,N4,n2,2.75,0,0,18.3291637423176
A549,N4,n2,2.85,0,0,19.02476651278486
A549,N4,n2,2.95,0,0,19.695680092345004
A549,N4,n3,0.05,220,1931,-87.33456366653878
A549,N4,n3,0.15,68,473,-77.52310290399511
A549,N4,n3,0.25,66,539,-68.65413183993586
A549,N4,n3,0.35,48,532,-60.565627726743024
A549,N4,n3,0.45,54,519,-53.13468153999499
A549,N4,n3,0.55,45,585,-46.26583477127859
A549,N4,n3,0.65,73,564,-39.88343519839531
A549,N4,n3,0.75,74,624,-33.92644882151873
A549,N4,n3,0.85,112,661,-28.34482857394595
A549,N4,n3,0.95,172,735,-23.096899440054063
A549,N4,n3,1.05,243,746,-18.147422563487407
A549,N4,n3,1.15,422,843,-13.466119824623197
A549,N4,n3,1.25,673,870,-9.026511955321793
A549,N4,n3,1.35,866,926,-4.804967082530656
A549,N4,n3,1.45,927,939,-0.7798833887427927
A549,N4,n3,1.55,901,912,2.438891399277629
A549,N4,n3,1.65,863,867,4.87521724196566
A549,N4,n3,1.75,589,591,7.214573241938692
A549,N4,n3,1.85,411,420,9.175516038330194
A549,N4,n3,1.95,376,383,10.906983199601573
A549,N4,n3,2.05,321,329,12.368782941182511
A549,N4,n3,2.15,300,301,13.58013802505686
A549,N4,n3,2.25,225,225,14.61934197669871
A549,N4,n3,2.35,169,174,15.535438257071837
A549,N4,n3,2.45,107,112,16.352930072831896
A549,N4,n3,2.55,49,49,17.123480831378604
A549,N4,n3,2.65,3,3,17.8696308748918
A549,N4,n3,2.75,0,0,18.591163821711394
A549,N4,n3,2.85,0,0,19.287902482346663
A549,N4,n3,2.95,0,0,19.95971624581179
Calu-1,N1,n1,0.05,30,1363,-68.96745558129098
Calu-1,N1,n1,0.15,7,240,-60.10041755031838
Calu-1,N1,n1,0.25,18,281,-52.09005663664349
Calu-1,N1,n1,0.35,13,299,-44.790741961063986
Calu-1,N1,n1,0.45,24,327,-38.09234125417876
Calu-1,N1,n1,0.55,25,327,-31.909761681732327
Calu-1,N1,n1,0.65,32,353,-26.17613434935849
Calu-1,N1,n1,0.75,42,359,-20.83823450021526
Calu-1,N1,n1,0.85,25,407,-15.853329844170494
Calu-1,N1,n1,0.95,26,423,-11.186974911466455
Calu-1,N1,n1,1.05,44,466,-6.811453912238414
Calu-1,N1,n1,1.15,111,464,-2.704683439078237
Calu-1,N1,n1,1.25,167,522,1.0784839815977145
Calu-1,N1,n1,1.35,292,574,4.002400236004327
Calu-1,N1,n1,1.45,463,614,6.467482641860171
Calu-1,N1,n1,1.55,541,605,8.773384289648147
Calu-1,N1,n1,1.65,465,494,10.645458356953673
Calu-1,N1,n1,1.75,358,377,12.22149798636926
Calu-1,N1,n1,1.85,290,310,13.582991542472795
Calu-1,N1,n1,1.95,232,242,14.736574303087126
Calu-1,N1,n1,2.05,170,179,15.728765184432042
Calu-1,N1,n1,2.15,158,177,16.598313150218775
Calu-1,N1,n1,2.25,146,148,17.373763357173633
Calu-1,N1,n1,2.35,98,99,18.08494894304109
Calu-1,N1,n1,2.45,65,66,18.77300928023296
Calu-1,N1,n1,2.55,34,35,19.437879177369627
Calu-1,N1,n1,2.65,3,3,20.0795180062694
Calu-1,N1,n1,2.75,0,0,20.697916427719466
Calu-1,N1,n1,2.85,0,0,21.29310172274665
Calu-1,N1,n1,2.95,0,0,21.865141875918574
Calu-1,N1,n2,0.05,39,2099,-67.42645009092391
Calu-1,N1,n2,0.15,14,417,-58.992503460100295
Calu-1,N1,n2,0.25,6,460,-51.373043614904056
Calu-1,N1,n2,0.35,11,499,-44.42935839169424
Calu-1,N1,n2,0.45,11,508,-38.05649700595025
Calu-1,N1,n2,0.55,11,566,-32.17331405765182
Calu-1,N1,n2,0.65,13,509,-26.715978911677258
Calu-1,N1,n2,0.75,14,549,-21.633610864482215
Calu-1,N1,n2,0.85,22,594,-16.88527160564471
Calu-1,N1,n2,0.95,13,711,-12.437856024078261
Calu-1,N1,n2,1.05,27,706,-8.264597968327958
Calu-1,N1,n2,1.15,75,723,-4.344011118877885
Calu-1,N1,n2,1.25,116,705,-0.6591483156833482
Calu-1,N1,n2,1.35,174,687,2.510261215488655
Calu-1,N1,n2,1.45,237,663,4.8662422255998
Calu-1,N1,n2,1.55,471,646,7.111016672170299
Calu-1,N1,n2,1.65,440,511,9.04438974318523
Calu-1,N1,n2,1.75,329,378,10.679194818642657
Calu-1,N1,n2,1.85,269,296,12.052820977979481
Calu-1,N1,n2,1.95,238,256,13.2204339773753
Calu-1,N1,n2,2.05,177,185,14.218910770037327
Calu-1,N1,n2,2.15,165,183,15.094082005597436
Calu-1,N1,n2,2.25,131,140,15.869651493516246
Calu-1,N1,n2,2.35,97,106,16.586738821950707
Calu-1,N1,n2,2.45,58,59,17.28023700517336
Calu-1,N1,n2,2.55,22,22,17.95007381990002
Calu-1,N1,n2,2.65,1,1,18.596200973005026
Calu-1,N1,n2,2.75,0,0,19.218601755195824
Calu-1,N1,n2,2.85,0,0,19.817297268890684
Calu-1,N1,n2,2.95,0,0,20.392351299975104
Calu-1,N1,n3,0.05,45,2778,-71.59525596598942
Calu-1,N1,n3,0.15,15,595,-62.453942491748755
Calu-1,N1,n3,0.25,42,600,-54.19830096054062
Calu-1,N1,n3,0.35,53,710,-46.67631064929353
Calu-1,N1,n3,0.45,81,771,-39.77251373137968
Calu-1,N1,n3,0.55,136,771,-33.39708395545907
Calu-1,N1,n3,0.65,117,842,-27.478648591014085
Calu-1,N1,n3,0.75,75,903,-21.959398741739765
Calu-1,N1,n3,0.85,95,857,-16.79164318355721
Calu-1,N1,n3,0.95,110,924,-11.935295985266864
Calu-1,N1,n3,1.05,89,931,-7.355977061411426
Calu-1,N1,n3,1.15,156,985,-3.0235148516775125
Calu-1,N1,n3,1.25,327,1052,0.7648022733939253
Calu-1,N1,n3,1.35,394,1076,3.8078171889892807
Calu-1,N1,n3,1.45,518,1142,6.226917384954555
Calu-1,N1,n3,1.55,810,1162,8.5282985898738
Calu-1,N1,n3,1.65,830,995,10.403998534546211
Calu-1,N1,n3,1.75,680,721,11.976795884792155
Calu-1,N1,n3,1.85,605,644,13.310761619233041
Calu-1,N1,n3,1.95,457,492,14.438074825898028
Calu-1,N1,n3,2.05,328,352,15.406168746542
Calu-1,N1,n3,2.15,259,279,16.25760664866992
Calu-1,N1,n3,2.25,236,242,17.01654984300692
Calu-1,N1,n3,2.35,144,150,17.718973626862976
Calu-1,N1,n3,2.45,78,82,18.398429105648507
Calu-1,N1,n3,2.55,33,37,19.054855650096062
Calu-1,N1,n3,2.65,2,3,19.688217941004233
Calu-1,N1,n3,2.75,0,0,20.298512464346295
Calu-1,N1,n3,2.85,0,0,20.885772627468384
Calu-1,N1,n3,2.95,0,0,21.450072647800937
Calu-1,N2,n1,0.05,11,1163,-76.39572063959884
Calu-1,N2,n1,0.15,2,284,-66.93431513134962
Calu-1,N2,n1,0.25,3,290,-58.382750523151074
Calu-1,N2,n1,0.35,8,310,-50.58499434279523
Calu-1,N2,n1,0.45,14,334,-43.422669959978975
Calu-1,N2,n1,0.55,23,351,-36.803792466431304
Calu-1,N2,n1,0.65,43,394,-30.655375817294555
Calu-1,N2,n1,0.75,73,446,-24.918402860156334
Calu-1,N2,n1,0.85,98,480,-19.544289084577187
Calu-1,N2,n1,0.95,116,493,-14.49231647793227
Calu-1,N2,n1,1.05,163,521,-9.727708724728114
Calu-1,N2,n1,1.15,232,537,-5.220132500490616
Calu-1,N2,n1,1.25,324,588,-0.9424771206408313
Calu-1,N2,n1,1.35,371,652,2.4505514480740462
Calu-1,N2,n1,1.45,493,722,5.00589276587534
Calu-1,N2,n1,1.55,546,660,7.364534228388786
Calu-1,N2,n1,1.65,469,529,9.286775224804716
Calu-1,N2,n1,1.75,383,415,10.962738082964611
Calu-1,N2,n1,1.85,351,366,12.34902501004699
Calu-1,N2,n1,1.95,278,287,13.496642472297935
Calu-1,N2,n1,2.05,234,263,14.47440532272393
Calu-1,N2,n1,2.15,201,217,15.334314453688553
Calu-1,N2,n1,2.25,149,161,16.100784778818458
Calu-1,N2,n1,2.35,119,124,16.79275483202799
Calu-1,N2,n1,2.45,81,85,17.45533644042697
Calu-1,N2,n1,2.55,32,32,18.096137192903125
Calu-1,N2,n1,2.65,5,5,18.715127603180612
Calu-1,N2,n1,2.75,0,0,19.312300012566922
Calu-1,N2,n1,2.85,0,0,19.88767479989197
Calu-1,N2,n1,2.95,0,0,20.44130528191293
Calu-1,N2,n2,0.05,41,1352,-70.09321010976149
Calu-1,N2,n2,0.15,18,301,-61.40977450527653
Calu-1,N2,n2,0.25,19,344,-53.56240419240649
Calu-1,N2,n2,0.35,13,347,-46.407444508371924
Calu-1,N2,n2,0.45,44,370,-39.83586613117874
Calu-1,N2,n2,0.55,55,381,-33.76292300319396
Calu-1,N2,n2,0.65,114,444,-28.12136616723939
Calu-1,N2,n2,0.75,194,477,-22.856827371858387
Calu-1,N2,n2,0.85,238,516,-17.92457359320888
Calu-1,N2,n2,0.95,280,539,-13.287151163901177
Calu-1,N2,n2,1.05,328,568,-8.912617376548802
Calu-1,N2,n2,1.15,363,570,-4.77316203883558
Calu-1,N2,n2,1.25,423,611,-0.8439840613004337
Calu-1,N2,n2,1.35,545,686,2.328383719542697
Calu-1,N2,n2,1.45,546,673,4.866291140976662
Calu-1,N2,n2,1.55,633,717,7.16130145173114
Calu-1,N2,n2,1.65,609,656,9.240934356060432
Calu-1,N2,n2,1.75,461,470,10.982312771165164
Calu-1,N2,n2,1.85,334,339,12.46622828669475
Calu-1,N2,n2,1.95,317,337,13.711193185968597
Calu-1,N2,n2,2.05,269,281,14.781495278910887
Calu-1,N2,n2,2.15,219,223,15.711476508209705
Calu-1,N2,n2,2.25,156,161,16.538910187041793
Calu-1,N2,n2,2.35,126,127,17.29164955666189
Calu-1,N2,n2,2.45,80,80,18.01559114054699
Calu-1,N2,n2,2.55,42,42,18.715353756026985
Calu-1,N2,n2,2.65,2,2,19.39083767770719
Calu-1,N2,n2,2.75,0,0,20.041981461714755
Calu-1,N2,n2,2.85,0,0,20.668767500547816
Calu-1,N2,n2,2.95,0,0,21.27122624445336
Calu-1,N2,n3,0.05,3,1369,-79.49344906637528
Calu-1,N2,n3,0.15,2,273,-69.84114864215356
Calu-1,N2,n3,0.25,2,309,-61.11771653862466
Calu-1,N2,n3,0.35,3,342,-53.16482162548711
Calu-1,N2,n3,0.45,1,360,-45.8626994100397
Calu-1,N2,n3,0.55,4,368,-39.11876464565263
Calu-1,N2,n3,0.65,7,374,-32.86018484287405
Calu-1,N2,n3,0.75,4,421,-27.02888306116236
Calu-1,N2,n3,0.85,10,411,-21.57809123475986
Calu-1,N2,n3,0.95,7,422,-16.469929175576013
Calu-1,N2,n3,1.05,21,527,-11.673685129363168
Calu-1,N2,n3,1.15,20,551,-7.16459217894041
Calu-1,N2,n3,1.25,27,575,-2.92296706774134
Calu-1,N2,n3,1.35,129,632,0.9887997346231902
Calu-1,N2,n3,1.45,373,647,3.9722114012794756
Calu-1,N2,n3,1.55,495,620,6.493653374659006
Calu-1,N2,n3,1.65,536,577,8.872118653385241
Calu-1,N2,n3,1.75,391,414,10.773825513481492
Calu-1,N2,n3,1.85,320,343,12.364563305022608
Calu-1,N2,n3,1.95,277,289,13.727942961931422
Calu-1,N2,n3,2.05,205,217,14.867335211819542
Calu-1,N2,n3,2.15,166,170,15.842629952194505
Calu-1,N2,n3,2.25,153,160,16.705234584614463
Calu-1,N2,n3,2.35,100,101,17.479312824574325
Calu-1,N2,n3,2.45,69,69,18.209225427274127
Calu-1,N2,n3,2.55,31,32,18.915513509482956
Calu-1,N2,n3,2.65,2,2,19.598065478037416
Calu-1,N2,n3,2.75,0,0,20.256802803867096
Calu-1,N2,n3,2.85,0,0,20.89168591862534
Calu-1,N2,n3,2.95,0,0,21.502718800271268
Calu-1,N3,n1,0.05,32,1033,-76.32130243031973
Calu-1,N3,n1,0.15,15,231,-66.85670787177459
Calu-1,N3,n1,0.25,29,259,-58.306205145663114
Calu-1,N3,n1,0.35,39,283,-50.51279881274552
Calu-1,N3,n1,0.45,34,319,-43.35730473244713
Calu-1,N3,n1,0.55,66,345,-36.74705809481954
Calu-1,N3,n1,0.65,100,361,-30.60850317985794
Calu-1,N3,n1,0.75,179,397,-24.882151313531548
Calu-1,N3,n1,0.85,187,390,-19.519034631460464
Calu-1,N3,n1,0.95,263,438,-14.478129888913564
Calu-1,N3,n1,1.05,288,464,-9.724422101733794
Calu-1,N3,n1,1.15,335,518,-5.227391910781778
Calu-1,N3,n1,1.25,398,522,-0.959778776698502
Calu-1,N3,n1,1.35,473,545,2.4559779504241908
Calu-1,N3,n1,1.45,579,604,5.142437585828504
Calu-1,N3,n1,1.55,603,625,7.5716572430129165
Calu-1,N3,n1,1.65,521,526,9.611614569358455
Calu-1,N3,n1,1.75,352,373,11.404090413938693
Calu-1,N3,n1,1.85,308,310,12.925467192482998
Calu-1,N3,n1,1.95,263,268,14.215704908038935
Calu-1,N3,n1,2.05,210,220,15.299927958291686
Calu-1,N3,n1,2.15,166,169,16.241956357592386
Calu-1,N3,n1,2.25,121,122,17.076088602384676
Calu-1,N3,n1,2.35,99,99,17.82979621870645
Calu-1,N3,n1,2.45,65,65,18.550719556628074
Calu-1,N3,n1,2.55,33,34,19.24791373172703
Calu-1,N3,n1,2.65,1,1,19.921294230490314
Calu-1,N3,n1,2.75,0,0,20.570809645279862
Calu-1,N3,n1,2.85,0,0,21.19644731782649
Calu-1,N3,n1,2.95,0,0,21.79823771158588
Calu-1,N3,n2,0.05,14,1452,-79.40443594009784
Calu-1,N3,n2,0.15,8,324,-70.42245773416204
Calu-1,N3,n2,0.25,11,340,-62.30504625601384
Calu-1,N3,n2,0.35,8,352,-54.90414161930126
Calu-1,N3,n2,0.45,29,392,-48.10760002026221
Calu-1,N3,n2,0.55,34,421,-41.82857017536786
Calu-1,N3,n2,0.65,109,465,-35.99855742359649
Calu-1,N3,n2,0.75,179,470,-30.562748037685477
Calu-1,N3,n2,0.85,295,510,-25.476774362467996
Calu-1,N3,n2,0.95,454,549,-20.70443096784432
Calu-1,N3,n2,1.05,510,569,-16.216038919724486
Calu-1,N3,n2,1.15,552,588,-11.987265536528374
Calu-1,N3,n2,1.25,580,604,-7.998274334911879
Calu-1,N3,n2,1.35,633,654,-4.233122265225872
Calu-1,N3,n2,1.45,712,735,-0.6793487460489183
Calu-1,N3,n2,1.55,708,736,2.2894775308900557
Calu-1,N3,n2,1.65,567,596,4.586466546607757
Calu-1,N3,n2,1.75,417,448,6.738473174099543
Calu-1,N3,n2,1.85,387,407,8.51152139132453
Calu-1,N3,n2,1.95,305,311,10.047756581254228
Calu-1,N3,n2,2.05,257,268,11.345832867543377
Calu-1,N3,n2,2.15,216,224,12.448403767951632
Calu-1,N3,n2,2.25,162,164,13.409372080392268
Calu-1,N3,n2,2.35,112,123,14.250229709260518
Calu-1,N3,n2,2.45,87,90,15.004732597722219
Calu-1,N3,n2,2.55,41,41,15.729654269275482
Calu-1,N3,n2,2.65,2,3,16.431092933434662
Calu-1,N3,n2,2.75,0,0,17.108894013850726
Calu-1,N3,n2,2.85,0,0,17.76293708371085
Calu-1,N3,n2,2.95,0,0,18.3931431912259
Calu-1,N3,n3,0.05,19,1276,-86.4790305351936
Calu-1,N3,n3,0.15,9,249,-76.70248931239068
Calu-1,N3,n3,0.25,10,276,-67.86254997684162
Calu-1,N3,n3,0.35,13,322,-59.79907041935343
Calu-1,N3,n3,0.45,27,342,-52.39084564356854
Calu-1,N3,n3,0.55,33,371,-45.54406016241274
Calu-1,N3,n3,0.65,40,382,-39.18474279096426
Calu-1,N3,n3,0.75,70,410,-33.253673971577456
Calu-1,N3,n3,0.85,104,426,-27.702856218857605
Calu-1,N3,n3,0.95,153,475,-22.493016536027167
Calu-1,N3,n3,1.05,198,481,-17.591813283845713
Calu-1,N3,n3,1.15,316,550,-12.972540731115943
Calu-1,N3,n3,1.25,392,596,-8.613199129664956
Calu-1,N3,n3,1.35,494,602,-4.495846353964938
Calu-1,N3,n3,1.45,614,622,-0.6061799881000067
Calu-1,N3,n3,1.55,614,638,2.609067502128849
Calu-1,N3,n3,1.65,523,538,5.128441189948609
Calu-1,N3,n3,1.75,384,395,7.531080005684208
Calu-1,N3,n3,1.85,366,382,9.560652528232572
Calu-1,N3,n3,1.95,288,291,11.285418289154176
Calu-1,N3,n3,2.05,221,232,12.73672177945544
Calu-1,N3,n3,2.15,206,214,13.946701181627992
Calu-1,N3,n3,2.25,158,159,14.97635576388971
Calu-1,N3,n3,2.35,101,108,15.885013465505432
Calu-1,N3,n3,2.45,78,80,16.697371633008174
Calu-1,N3,n3,2.55,33,33,17.46731152770201
Calu-1,N3,n3,2.65,1,3,18.212748055451698
Calu-1,N3,n3,2.75,0,0,18.933464052176422
Calu-1,N3,n3,2.85,0,0,19.62928340579456
Calu-1,N3,n3,2.95,0,0,20.30007837151464
Calu-6,N1,n1,0.05,7,1646,-95.27992552021843
Calu-6,N1,n1,0.15,12,351,-84.9014572333763
Calu-6,N1,n1,0.25,4,462,-75.52270382272577
Calu-6,N1,n1,0.35,6,429,-66.97305855891716
Calu-6,N1,n1,0.45,10,392,-59.12334949350556
Calu-6,N1,n1,0.55,4,475,-51.87353793765247
Calu-6,N1,n1,0.65,15,518,-45.14467066161362
Calu-6,N1,n1,0.75,13,632,-38.873432927829114
Calu-6,N1,n1,0.85,28,645,-33.00835143800203
Calu-6,N1,n1,0.95,45,726,-27.50707622731126
Calu-6,N1,n1,1.05,87,779,-22.334385422437148
Calu-6,N1,n1,1.15,118,732,-17.460682826033317
Calu-6,N1,n1,1.25,193,748,-12.860834429983615
Calu-6,N1,n1,1.35,347,811,-8.513236943691375
Calu-6,N1,n1,1.45,487,833,-4.3990407189835485
Calu-6,N1,n1,1.55,733,941,-0.501467587298573
Calu-6,N1,n1,1.65,732,887,2.579824237284166
Calu-6,N1,n1,1.75,542,737,5.090963866690885
Calu-6,N1,n1,1.85,420,566,7.358370847491708
Calu-6,N1,n1,1.95,379,442,9.29831720171131
Calu-6,N1,n1,2.05,317,400,10.952133281884747
Calu-6,N1,n1,2.15,271,290,12.33171147848222
Calu-6,N1,n1,2.25,170,192,13.49746744621938
Calu-6,N1,n1,2.35,131,149,14.499791405548569
Calu-6,N1,n1,2.45,66,96,15.375559393266773
Calu-6,N1,n1,2.55,35,44,16.165324544056197
Calu-6,N1,n1,2.65,4,4,16.927219725486875
Calu-6,N1,n1,2.75,0,0,17.664856044182194
Calu-6,N1,n1,2.85,0,0,18.377989824844995
Calu-6,N1,n1,2.95,0,0,19.06642308921929
Calu-6,N1,n2,0.05,4,1943,-77.10128159548177
Calu-6,N1,n2,0.15,3,272,-68.59401719742937
Calu-6,N1,n2,0.25,4,276,-60.90465308532216
Calu-6,N1,n2,0.35,3,253,-53.89268535019613
Calu-6,N1,n2,0.45,2,313,-47.45164511630757
Calu-6,N1,n2,0.55,5,418,-41.49903507059968
Calu-6,N1,n2,0.65,8,462,-35.969757599313354
Calu-6,N1,n2,0.75,21,546,-30.81168195144277
Calu-6,N1,n2,0.85,36,572,-25.982573709925987
Calu-6,N1,n2,0.95,84,654,-21.447921915601412
Calu-6,N1,n2,1.05,129,732,-17.179376140439174
Calu-6,N1,n2,1.15,160,696,-13.15361017767323
Calu-6,N1,n2,1.25,269,744,-9.351492775836403
Calu-6,N1,n2,1.35,433,796,-5.7574860709951405
Calu-6,N1,n2,1.45,529,828,-2.3592185536355066
Calu-6,N1,n2,1.55,811,884,0.7954079761157372
Calu-6,N1,n2,1.65,714,742,3.294956537534727
Calu-6,N1,n2,1.75,485,537,5.490881503111936
Calu-6,N1,n2,1.85,432,450,7.477323825817249
Calu-6,N1,n2,1.95,405,421,9.262648147149827
Calu-6,N1,n2,2.05,366,371,10.855356412595546
Calu-6,N1,n2,2.15,256,259,12.237781230201007
Calu-6,N1,n2,2.25,144,158,13.453345758966174
Calu-6,N1,n2,2.35,113,113,14.513610128067457
Calu-6,N1,n2,2.45,63,68,15.460494756865984
Calu-6,N1,n2,2.55,38,39,16.365028615401492
Calu-6,N1,n2,2.65,4,4,17.239926492676695
Calu-6,N1,n2,2.75,0,0,18.084631069153108
Calu-6,N1,n2,2.85,0,0,18.898685277267923
Calu-6,N1,n2,2.95,0,0,19.68173910201253
Calu-6,N1,n3,0.05,7,2406,-79.52697427577716
Calu-6,N1,n3,0.15,8,448,-70.41346324954227
Calu-6,N1,n3,0.25,11,484,-62.1771098044736
Calu-6,N1,n3,0.35,8,494,-54.666248060425694
Calu-6,N1,n3,0.45,10,506,-47.76567208489411
Calu-6,N1,n3,0.55,24,489,-41.38578318475933
Calu-6,N1,n3,0.65,23,650,-35.45548342053865
Calu-6,N1,n3,0.75,61,700,-29.917362205789143
Calu-6,N1,n3,0.85,86,842,-24.724341244876477
Calu-6,N1,n3,0.95,203,932,-19.83727830925865
Calu-6,N1,n3,1.05,306,1013,-15.223220649078632
Calu-6,N1,n3,1.15,442,1048,-10.854111364176951
Calu-6,N1,n3,1.25,579,1160,-6.705821199543883
Calu-6,N1,n3,1.35,1047,1254,-2.7574224041706468
Calu-6,N1,n3,1.45,1270,1314,0.6753284247599067
Calu-6,N1,n3,1.55,1359,1405,3.4922199132926477
Calu-6,N1,n3,1.65,1105,1202,5.792259625813199
Calu-6,N1,n3,1.75,833,903,7.989821213751684
Calu-6,N1,n3,1.85,715,777,9.830999001858881
Calu-6,N1,n3,1.95,534,546,11.476260311369353
Calu-6,N1,n3,2.05,432,449,12.856384944264835
Calu-6,N1,n3,2.15,286,303,14.045201733342962
Calu-6,N1,n3,2.25,166,173,15.0686743558388
Calu-6,N1,n3,2.35,97,103,15.97186899042432
Calu-6,N1,n3,2.45,86,88,16.788941801985402
Calu-6,N1,n3,2.55,41,44,17.573772626463644
Calu-6,N1,n3,2.65,3,3,18.33305350835475
Calu-6,N1,n3,2.75,0,0,19.066542059283282
Calu-6,N1,n3,2.85,0,0,19.774047361704326
Calu-6,N1,n3,2.95,0,0,20.45543682128608
Calu-6,N2,n1,0.05,6,1217,-103.20068538719707
Calu-6,N2,n1,0.15,1,317,-92.12029835466687
Calu-6,N2,n1,0.25,2,415,-82.10194627817285
Calu-6,N2,n1,0.35,5,388,-72.96225328545408
Calu-6,N2,n1,0.45,7,392,-64.56204073060437
Calu-6,N2,n1,0.55,15,359,-56.79315824075527
Calu-6,N2,n1,0.65,13,410,-49.56985872783925
Calu-6,N2,n1,0.75,35,452,-42.82295499577687
Calu-6,N2,n1,0.85,43,505,-36.49574550729911
Calu-6,N2,n1,0.95,73,611,-30.541103317714036
Calu-6,N2,n1,1.05,147,703,-24.91935272174683
Calu-6,N2,n1,1.15,303,782,-19.596694233056365
Calu-6,N2,n1,1.25,504,721,-14.544021760258117
Calu-6,N2,n1,1.35,646,775,-9.736028502865324
Calu-6,N2,n1,1.45,847,866,-5.150532518405962
Calu-6,N2,n1,1.55,911,931,-0.7679762071561638
Calu-6,N2,n1,1.65,805,824,2.470492062956499
Calu-6,N2,n1,1.75,561,576,5.0239740837371105
Calu-6,N2,n1,1.85,409,416,7.478733539264034
Calu-6,N2,n1,1.95,343,356,9.548372351327112
Calu-6,N2,n1,2.05,306,310,11.370158700907139
Calu-6,N2,n1,2.15,294,303,12.910950870393734
Calu-6,N2,n1,2.25,226,227,14.189235630643696
Calu-6,N2,n1,2.35,148,152,15.269395014149016
Calu-6,N2,n1,2.45,101,104,16.21713209563408
Calu-6,N2,n1,2.55,43,43,17.063641156365378
Calu-6,N2,n1,2.65,1,1,17.86715646328244
Calu-6,N2,n1,2.75,0,0,18.64572698424957
Calu-6,N2,n1,2.85,0,0,19.39904583092727
Calu-6,N2,n1,2.95,0,0,20.126855534701836
Calu-6,N2,n2,0.05,16,1600,-77.18361924387605
Calu-6,N2,n2,0.15,5,352,-67.91576464059474
Calu-6,N2,n2,0.25,5,336,-59.53676741485735
Calu-6,N2,n2,0.35,4,331,-51.89417269562027
Calu-6,N2,n2,0.45,16,376,-44.872387603509075
Calu-6,N2,n2,0.55,19,456,-38.38167439308634
Calu-6,N2,n2,0.65,37,504,-32.35092854353044
Calu-6,N2,n2,0.75,38,494,-26.72276575148428
Calu-6,N2,n2,0.85,89,629,-21.450067047466316
Calu-6,N2,n2,0.95,150,701,-16.493469344869833
Calu-6,N2,n2,1.05,278,772,-11.819479513067293
Calu-6,N2,n2,1.15,459,733,-7.399001460926412
Calu-6,N2,n2,1.25,693,763,-3.2061323846113408
Calu-6,N2,n2,1.35,745,787,0.4774793880335788
Calu-6,N2,n2,1.45,859,871,3.6202279158078667
Calu-6,N2,n2,1.55,918,927,6.016677213274118
Calu-6,N2,n2,1.65,833,842,8.266425778659567
Calu-6,N2,n2,1.75,583,593,10.157373389115582
Calu-6,N2,n2,1.85,557,566,11.836774428535307
Calu-6,N2,n2,1.95,523,541,13.26863822267997
Calu-6,N2,n2,2.05,384,396,14.478866926475812
Calu-6,N2,n2,2.15,299,299,15.510998549527745
Calu-6,N2,n2,2.25,190,198,16.41852284248604
Calu-6,N2,n2,2.35,120,124,17.23081675607305
Calu-6,N2,n2,2.45,77,79,17.992948818157902
Calu-6,N2,n2,2.55,37,39,18.730471419996743
Calu-6,N2,n2,2.65,5,5,19.443224861593592
Calu-6,N2,n2,2.75,0,0,20.13108844090785
Calu-6,N2,n2,2.85,0,0,20.793986627401374
Calu-6,N2,n2,2.95,0,0,21.431893863678624
Calu-6,N2,n3,0.05,73,1499,-74.69421775593804
Calu-6,N2,n3,0.15,21,344,-65.86346795174424
Calu-6,N2,n3,0.25,33,379,-57.879896973065705
Calu-6,N2,n3,0.35,37,406,-50.59884749212182
Calu-6,N2,n3,0.45,44,402,-43.91091624500463
Calu-6,N2,n3,0.55,74,464,-37.731558975543024
Calu-6,N2,n3,0.65,80,492,-31.99431142248685
Calu-6,N2,n3,0.75,133,603,-26.646226797434252
Calu-6,N2,n3,0.85,151,639,-21.644726495547093
Calu-6,N2,n3,0.95,269,663,-16.955384009182076
Calu-6,N2,n3,1.05,446,699,-12.550345404236321
Calu-6,N2,n3,1.15,703,726,-8.407198016144285
Calu-6,N2,n3,1.25,725,742,-4.5081653334621254
Calu-6,N2,n3,1.35,767,772,-0.8395480562540563
Calu-6,N2,n3,1.45,804,812,2.366647223426458
Calu-6,N2,n3,1.55,888,896,4.727771887764359
Calu-6,N2,n3,1.65,696,707,6.989784733717766
Calu-6,N2,n3,1.75,427,435,8.937131373057031
Calu-6,N2,n3,1.85,372,375,10.68390161421798
Calu-6,N2,n3,1.95,292,294,12.185721931112262
Calu-6,N2,n3,2.05,289,290,13.463899983520097
Calu-6,N2,n3,2.15,261,268,14.56611521235833
Calu-6,N2,n3,2.25,221,222,15.524527249389086
Calu-6,N2,n3,2.35,164,168,16.37232181408961
Calu-6,N2,n3,2.45,107,108,17.15764589697339
Calu-6,N2,n3,2.55,37,39,17.91782752513614
Calu-6,N2,n3,2.65,1,2,18.65262526138759
Calu-6,N2,n3,2.75,0,0,19.361844269947273
Calu-6,N2,n3,2.85,0,0,20.0453429602184
Calu-6,N2,n3,2.95,0,0,20.70303815773247
Calu-6,N3,n1,0.05,5,986,-74.75907281547215
Calu-6,N3,n1,0.15,4,185,-66.09421851778741
Calu-6,N3,n1,0.25,3,226,-58.279378700963434
Calu-6,N3,n1,0.35,10,255,-51.167817159744764
Calu-6,N3,n1,0.45,31,338,-44.6478387540157
Calu-6,N3,n1,0.55,35,344,-38.632356766529
Calu-6,N3,n1,0.65,64,358,-33.05206070939391
Calu-6,N3,n1,0.75,78,444,-27.85078889802517
Calu-6,N3,n1,0.85,85,506,-22.98230414967501
Calu-6,N3,n1,0.95,146,614,-18.40799295084375
Calu-6,N3,n1,1.05,171,621,-14.09519111429148
Calu-6,N3,n1,1.15,284,616,-10.015946815786968
Calu-6,N3,n1,1.25,433,660,-6.146097939758051
Calu-6,N3,n1,1.35,662,697,-2.4645824885205645
Calu-6,N3,n1,1.45,703,714,0.6935689849554351
Calu-6,N3,n1,1.55,731,744,3.169239203735758
Calu-6,N3,n1,1.65,675,693,5.289703687235885
Calu-6,N3,n1,1.75,556,568,7.236660835231836
Calu-6,N3,n1,1.85,400,407,8.960821811521297
Calu-6,N3,n1,1.95,317,323,10.512534084630671
Calu-6,N3,n1,2.05,251,266,11.849553367809655
Calu-6,N3,n1,2.15,207,217,13.022224543446338
Calu-6,N3,n1,2.25,128,131,14.056692789030606
Calu-6,N3,n1,2.35,81,85,14.978361690045054
Calu-6,N3,n1,2.45,42,42,15.82582566472225
Calu-6,N3,n1,2.55,31,31,16.646205600583414
Calu-6,N3,n1,2.65,1,2,17.439101499232386
Calu-6,N3,n1,2.75,0,0,18.204184966405663
Calu-6,N3,n1,2.85,0,0,18.941205655013913
Calu-6,N3,n1,2.95,0,0,19.649996024517318
Calu-6,N3,n2,0.05,11,2287,-90.03076766053599
Calu-6,N3,n2,0.15,18,486,-79.32897492989687
Calu-6,N3,n2,0.25,23,527,-69.6564888609466
Calu-6,N3,n2,0.35,23,517,-60.83803808148702
Calu-6,N3,n2,0.45,13,540,-52.74104651612806
Calu-6,N3,n2,0.55,39,558,-45.262984606109505
Calu-6,N3,n2,0.65,120,631,-38.323111674170946
Calu-6,N3,n2,0.75,222,762,-31.856911449281945
Calu-6,N3,n2,0.85,321,802,-25.81224710718363
Calu-6,N3,n2,0.95,449,780,-20.146655284796253
Calu-6,N3,n2,1.05,579,826,-14.825422191575736
Calu-6,N3,n2,1.15,789,902,-9.820217878118555
Calu-6,N3,n2,1.25,894,958,-5.108147280693839
Calu-6,N3,n2,1.35,862,903,-0.6711305437321822
Calu-6,N3,n2,1.45,874,890,2.8892749088035248
Calu-6,N3,n2,1.55,912,927,5.606311406621149
Calu-6,N3,n2,1.65,754,801,8.185128904302827
Calu-6,N3,n2,1.75,592,609,10.197220862692046
Calu-6,N3,n2,1.85,450,486,11.85018536269688
Calu-6,N3,n2,1.95,454,459,13.253501737873647
Calu-6,N3,n2,2.05,376,383,14.427395836643464
Calu-6,N3,n2,2.15,278,296,15.432105436287843
Calu-6,N3,n2,2.25,236,238,16.30688964966845
Calu-6,N3,n2,2.35,172,176,17.08826446358583
Calu-6,N3,n2,2.45,109,114,17.823130523893276
Calu-6,N3,n2,2.55,48,50,18.53420082859006
Calu-6,N3,n2,2.65,5,5,19.221331046513978
Calu-6,N3,n2,2.75,0,0,19.8844124474358
Calu-6,N3,n2,2.85,0,0,20.523378123385996
Calu-6,N3,n2,2.95,0,0,21.138207847279777
Calu-6,N3,n3,0.05,16,2021,-92.54637791207418
Calu-6,N3,n3,0.15,13,483,-81.5539673533828
Calu-6,N3,n3,0.25,10,464,-71.62411844818627
Calu-6,N3,n3,0.35,15,492,-62.57567075954564
Calu-6,N3,n3,0.45,20,625,-54.27151317036701
Calu-6,N3,n3,0.55,21,695,-46.6055786956921
Calu-6,N3,n3,0.65,53,775,-39.4943628225542
Calu-6,N3,n3,0.75,79,729,-32.87121604183905
Calu-6,N3,n3,0.85,147,744,-26.682406919649644
Calu-6,N3,n3,0.95,205,773,-20.884356292184236
Calu-6,N3,n3,1.05,246,831,-15.44167251004235
Calu-6,N3,n3,1.15,375,806,-10.3257530213733
Calu-6,N3,n3,1.25,682,808,-5.513800305697657
Calu-6,N3,n3,1.35,819,835,-0.9881522897026347
Calu-6,N3,n3,1.45,794,833,2.7926467582116397
Calu-6,N3,n3,1.55,900,928,5.531348223822389
Calu-6,N3,n3,1.65,810,820,8.031937760587557
Calu-6,N3,n3,1.75,597,604,10.13077332642749
Calu-6,N3,n3,1.85,474,485,11.866563563591928
Calu-6,N3,n3,1.95,419,427,13.335394545466155
Calu-6,N3,n3,2.05,343,345,14.56096940055303
Calu-6,N3,n3,2.15,289,296,15.605740320947344
Calu-6,N3,n3,2.25,199,203,16.512065508078322
Calu-6,N3,n3,2.35,122,124,17.31690988362107
Calu-6,N3,n3,2.45,63,65,18.05076948734167
Calu-6,N3,n3,2.55,31,32,18.757742165867874
Calu-6,N3,n3,2.65,1,2,19.441801770119618
Calu-6,N3,n3,2.75,0,0,20.102838953061617
Calu-6,N3,n3,2.85,0,0,20.74077895161772
Calu-6,N3,n3,2.95,0,0,21.35558657945269
