label,replicate,dist_from_surface_mm,n_live,n_expected,T_min
2x6 F1,N1,0.1,19,522,-109.57896829528252
2x6 F1,N1,0.3,8,240,-97.86827781167267
2x6 F1,N1,0.5,13,296,-88.22446538263347
2x6 F1,N1,0.7,6,334,-80.03516357119778
2x6 F1,N1,0.9,15,363,-72.92658305501807
2x6 F1,N1,1.1,24,449,-66.65362262232507
2x6 F1,N1,1.3,18,475,-61.046731560343495
2x6 F1,N1,1.5,34,517,-55.983629779196924
2x6 F1,N1,1.7,40,660,-51.37312372621158
2x6 F1,N1,1.9,37,681,-47.1453011524539
2x6 F1,N1,2.1,48,698,-43.24531086872948
2x6 F1,N1,2.3,76,768,-39.62926402533946
2x6 F1,N1,2.5,75,855,-36.26144559645924
2x6 F1,N1,2.7,78,906,-33.11236454286749
2x6 F1,N1,2.9,79,902,-30.15735746776225
2x6 F1,N1,3.1,94,997,-27.37556731602127
2x6 F1,N1,3.3,87,1034,-24.749182136763306
2x6 F1,N1,3.5,103,1060,-22.26285791457582
2x6 F1,N1,3.7,176,1087,-19.903274107512
2x6 F1,N1,3.9,200,1138,-17.658786483942542
2x6 F1,N1,4.1,177,1203,-15.51915241093244
2x6 F1,N1,4.3,203,1265,-13.47531087360925
2x6 F1,N1,4.5,316,1308,-11.542751217296285
2x6 F1,N1,4.7,401,1336,-9.693219689355834
2x6 F1,N1,4.9,562,1437,-7.906211824245177
2x6 F1,N1,5.1,655,1485,-6.179203837035984
2x6 F1,N1,5.3,872,1521,-4.509545425032565
2x6 F1,N1,5.5,1030,1552,-2.8945661155759215
2x6 F1,N1,5.7,1148,1637,-1.3563603710102061
2x6 F1,N1,5.9,1227,1763,-0.10549175881152884
2x6 F1,N1,6.1,1487,1849,0.8954718021956402
2x6 F1,N1,6.3,1561,1901,1.85339647601401
2x6 F1,N1,6.5,1844,2053,2.77025256331092
2x6 F1,N1,6.7,1913,2074,3.6513055329824105
2x6 F1,N1,6.9,1855,2133,4.501527366962588
2x6 F1,N1,7.1,1996,2151,5.3148069549185974
2x6 F1,N1,7.3,2204,2383,6.093004883620007
2x6 F1,N1,7.5,2297,2473,6.84200981696469
2x6 F1,N1,7.7,2349,2549,7.560687482009985
2x6 F1,N1,7.9,2233,2407,8.25132823585708
2x6 F1,N2,0.1,9,934,-84.93431404064516
2x6 F1,N2,0.3,6,488,-75.26882669333143
2x6 F1,N2,0.5,4,526,-67.29773564368371
2x6 F1,N2,0.7,11,711,-60.518956213612014
2x6 F1,N2,0.9,17,727,-54.62630351333446
2x6 F1,N2,1.1,33,972,-49.41917229679482
2x6 F1,N2,1.3,50,1160,-44.758870994115455
2x6 F1,N2,1.5,73,1035,-40.54539289853453
2x6 F1,N2,1.7,145,1277,-36.70413321130098
2x6 F1,N2,1.9,128,1332,-33.1778511685672
2x6 F1,N2,2.1,215,1309,-29.92157924585928
2x6 F1,N2,2.3,298,1402,-26.899275266760384
2x6 F1,N2,2.5,386,1548,-24.081549643758397
2x6 F1,N2,2.7,499,1683,-21.444079628463246
2x6 F1,N2,2.9,573,1701,-18.966475915153122
2x6 F1,N2,3.1,820,1713,-16.63145490794958
2x6 F1,N2,3.3,811,1880,-14.424222296476962
2x6 F1,N2,3.5,934,1995,-12.332005733934697
2x6 F1,N2,3.7,1086,2040,-10.343694714661154
2x6 F1,N2,3.9,1195,2174,-8.449558882178225
2x6 F1,N2,4.1,1440,2241,-6.6410246756271025
2x6 F1,N2,4.3,1408,2290,-4.910496063072034
2x6 F1,N2,4.5,1588,2484,-3.2575529391579714
2x6 F1,N2,4.7,1640,2658,-1.6943825759805484
2x6 F1,N2,4.9,1784,2680,-0.3183856417298386
2x6 F1,N2,5.1,1839,2673,0.7532500634862509
2x6 F1,N2,5.3,1945,2787,1.7673875334546278
2x6 F1,N2,5.5,2272,2883,2.738125301933005
2x6 F1,N2,5.7,2402,2934,3.671302558370146
2x6 F1,N2,5.9,2556,2957,4.561368567095781
2x6 F1,N2,6.1,2738,3001,5.4090314331249205
2x6 F1,N2,6.3,2640,3348,6.222499858584584
2x6 F1,N2,6.5,3027,3360,7.001891888918236
2x6 F1,N2,6.7,3013,3534,7.748126972915195
2x6 F1,N2,6.9,3008,3749,8.463372185118216
2x6 F1,N2,7.1,3201,3582,9.149200840525506
2x6 F1,N2,7.3,3391,3525,9.80686930848805
2x6 F1,N2,7.5,3340,3778,10.438192153258942
2x6 F1,N2,7.7,3430,3924,11.044374059713311
2x6 F1,N2,7.9,3392,3937,11.626928913775314
2x6 F1,N3,0.1,30,1000,-78.52230403643642
2x6 F1,N3,0.3,13,398,-69.66307936855952
2x6 F1,N3,0.5,10,449,-62.365459389910214
2x6 F1,N3,0.7,26,509,-56.16523914105863
2x6 F1,N3,0.9,67,662,-50.778934672188754
2x6 F1,N3,1.1,107,718,-46.02060140936578
2x6 F1,N3,1.3,130,851,-41.76160813983986
2x6 F1,N3,1.5,194,882,-37.909223934182016
2x6 F1,N3,1.7,244,1040,-34.3943580951173
2x6 F1,N3,1.9,331,994,-31.16412630600488
2x6 F1,N3,2.1,444,1101,-28.177128974097805
2x6 F1,N3,2.3,487,1140,-25.400334838532288
2x6 F1,N3,2.5,536,1270,-22.806956467722785
2x6 F1,N3,2.7,635,1438,-20.374961325089327
2x6 F1,N3,2.9,627,1295,-18.086002959113056
2x6 F1,N3,3.1,699,1344,-15.92463750032287
2x6 F1,N3,3.3,722,1468,-13.877738547427489
2x6 F1,N3,3.5,768,1476,-11.934052921774898
2x6 F1,N3,3.7,785,1649,-10.083858333425955
2x6 F1,N3,3.9,804,1652,-8.318696025495552
2x6 F1,N3,4.1,739,1668,-6.631159428179751
2x6 F1,N3,4.3,752,1870,-5.0147252380614
2x6 F1,N3,4.5,970,2069,-3.46361704531145
2x6 F1,N3,4.7,1017,2025,-1.9922623723017276
2x6 F1,N3,4.9,988,1969,-0.6278451269301832
2x6 F1,N3,5.1,1069,2050,0.43279741534420757
2x6 F1,N3,5.3,1264,2344,1.4035092556367728
2x6 F1,N3,5.5,1402,2334,2.329416905693583
2x6 F1,N3,5.7,1652,2441,3.219179577139879
2x6 F1,N3,5.9,1729,2417,4.072207340076263
2x6 F1,N3,6.1,2000,2553,4.887078174018798
2x6 F1,N3,6.3,2072,2567,5.663141527887704
2x6 F1,N3,6.5,2267,2761,6.408624760481866
2x6 F1,N3,6.7,2251,2829,7.121235653505383
2x6 F1,N3,6.9,2449,2867,7.804221367820384
2x6 F1,N3,7.1,2655,2818,8.45843874247825
2x6 F1,N3,7.3,2884,2979,9.085532427997782
2x6 F1,N3,7.5,2869,3152,9.686956039705333
2x6 F1,N3,7.7,2941,3143,10.264079916914529
2x6 F1,N3,7.9,2820,3250,10.8182330789421
2x6 F2,N1,0.1,3,522,-101.98807919441205
2x6 F2,N1,0.3,2,240,-90.88892044224454
2x6 F2,N1,0.5,0,296,-81.75955956755662
2x6 F2,N1,0.7,4,334,-74.01637973880939
2x6 F2,N1,0.9,2,363,-67.30279497645213
2x6 F2,N1,1.1,1,449,-61.38474425056325
2x6 F2,N1,1.3,3,475,-56.10015434871969
2x6 F2,N1,1.5,8,517,-51.332040047351306
2x6 F2,N1,1.7,5,660,-46.99310520632763
2x6 F2,N1,1.9,7,681,-43.016408363969155
2x6 F2,N1,2.1,12,698,-39.349436381362835
2x6 F2,N1,2.3,11,768,-35.950194933910566
2x6 F2,N1,2.5,11,855,-32.78454480710049
2x6 F2,N1,2.7,6,906,-29.824336017414282
2x6 F2,N1,2.9,18,902,-27.046068889017565
2x6 F2,N1,3.1,18,997,-24.42991261915231
2x6 F2,N1,3.3,22,1034,-21.958972130438795
2x6 F2,N1,3.5,25,1060,-19.61873100454253
2x6 F2,N1,3.7,41,1087,-17.39662165569615
2x6 F2,N1,3.9,47,1138,-15.281689029796544
2x6 F2,N1,4.1,42,1203,-13.264324127561732
2x6 F2,N1,4.3,65,1265,-11.336050409471522
2x6 F2,N1,4.5,50,1308,-9.496434485270628
2x6 F2,N1,4.7,82,1336,-7.748547991777229
2x6 F2,N1,4.9,94,1437,-6.059810137372815
2x6 F2,N1,5.1,139,1485,-4.427847984906435
2x6 F2,N1,5.3,234,1521,-2.8502256983220096
2x6 F2,N1,5.5,282,1552,-1.3365484100521399
2x6 F2,N1,5.7,405,1637,-0.09415396874219772
2x6 F2,N1,5.9,521,1763,0.9086658621523246
2x6 F2,N1,6.1,678,1849,1.8696234438556973
2x6 F2,N1,6.3,768,1901,2.7889243767769507
2x6 F2,N1,6.5,920,1882,3.672398730409224
2x6 F2,N1,6.7,1174,1992,4.524750338006781
2x6 F2,N1,6.9,1423,2133,5.339769604944261
2x6 F2,N1,7.1,1573,2087,6.119996516119502
2x6 F2,N1,7.3,1699,2159,6.870729340062249
2x6 F2,N1,7.5,1830,2206,7.59076098225013
2x6 F2,N1,7.7,1934,2293,8.282377370064594
2x6 F2,N1,7.9,1962,2251,8.947183170376865
2x6 F2,N2,0.1,28,934,-86.24032754708135
2x6 F2,N2,0.3,16,488,-76.70797628646399
2x6 F2,N2,0.5,28,526,-68.85785213373669
2x6 F2,N2,0.7,20,711,-62.189883024612755
2x6 F2,N2,0.9,20,727,-56.39862177783725
2x6 F2,N2,1.1,33,972,-51.283681757591424
2x6 F2,N2,1.3,28,1160,-46.7064229549665
2x6 F2,N2,1.5,28,1035,-42.566893464176815
2x6 F2,N2,1.7,44,1277,-38.79062548540657
2x6 F2,N2,1.9,63,1332,-35.32062732428915
2x6 F2,N2,2.1,74,1309,-32.11229546279973
2x6 F2,N2,2.3,111,1402,-29.130055083450817
2x6 F2,N2,2.5,154,1548,-26.345068797979003
2x6 F2,N2,2.7,216,1683,-23.733630051213854
2x6 F2,N2,2.9,237,1701,-21.276009303923225
2x6 F2,N2,3.1,244,1713,-18.955607866917934
2x6 F2,N2,3.3,252,1880,-16.758325799029222
2x6 F2,N2,3.5,302,1995,-14.672081908989995
2x6 F2,N2,3.7,348,2040,-12.686443872592479
2x6 F2,N2,3.9,425,2174,-10.792339411400773
2x6 F2,N2,4.1,485,2241,-8.981828048461644
2x6 F2,N2,4.3,404,2290,-7.247918749479426
2x6 F2,N2,4.5,375,2484,-5.584422745853748
2x6 F2,N2,4.7,501,2658,-3.985833625968268
2x6 F2,N2,4.9,680,2680,-2.4684859276264683
2x6 F2,N2,5.1,896,2673,-1.0158078968689057
2x6 F2,N2,5.3,1218,2787,0.14731513369194518
2x6 F2,N2,5.5,1273,2883,1.1568876489322168
2x6 F2,N2,5.7,1563,2934,2.1226811808686956
2x6 F2,N2,5.9,1619,2957,3.0448405349067142
2x6 F2,N2,6.1,1746,3001,3.929745263418115
2x6 F2,N2,6.3,2089,3348,4.780571464791489
2x6 F2,N2,6.5,2366,3360,5.594420145744762
2x6 F2,N2,6.7,2358,3534,6.372112708241849
2x6 F2,N2,6.9,2455,3749,7.118893579692557
2x6 F2,N2,7.1,2773,3582,7.834357951640281
2x6 F2,N2,7.3,3120,3525,8.520436535138854
2x6 F2,N2,7.5,3151,3778,9.178830195613942
2x6 F2,N2,7.7,3130,3924,9.8108404229151
2x6 F2,N2,7.9,3234,3937,10.417702655848872
2x6 F2,N3,0.1,68,1000,-103.49551262399504
2x6 F2,N3,0.3,21,398,-92.21601363472548
2x6 F2,N3,0.5,9,449,-82.93630369335412
2x6 F2,N3,0.7,9,509,-75.06408099873855
2x6 F2,N3,0.9,11,662,-68.23754197988711
2x6 F2,N3,1.1,6,718,-62.219256972734726
2x6 F2,N3,1.3,16,851,-56.844851624427136
2x6 F2,N3,1.5,21,882,-51.995692701209904
2x6 F2,N3,1.7,35,1040,-47.58325382834668
2x6 F2,N3,1.9,39,994,-43.53964033664259
2x6 F2,N3,2.1,66,1101,-39.81157537463277
2x6 F2,N3,2.3,76,1140,-36.35643428891598
2x6 F2,N3,2.5,120,1270,-33.13954406687631
2x6 F2,N3,2.7,159,1438,-30.132292747153826
2x6 F2,N3,2.9,173,1295,-27.310773604818007
2x6 F2,N3,3.1,192,1344,-24.65479193788481
2x6 F2,N3,3.3,246,1468,-22.14712352155021
2x6 F2,N3,3.5,319,1476,-19.772951399309495
2x6 F2,N3,3.7,345,1649,-17.519431431902504
2x6 F2,N3,3.9,369,1652,-15.375352405388503
2x6 F2,N3,4.1,379,1668,-13.33086668030336
2x6 F2,N3,4.3,426,1870,-11.377274235584384
2x6 F2,N3,4.5,417,2069,-9.521401886987475
2x6 F2,N3,4.7,445,2025,-7.749580723883086
2x6 F2,N3,4.9,510,1969,-6.037792739262429
2x6 F2,N3,5.1,570,2050,-4.383584299389393
2x6 F2,N3,5.3,701,2344,-2.784433742875177
2x6 F2,N3,5.5,884,2334,-1.2497537554272091
2x6 F2,N3,5.7,1066,2441,-0.03329191882783994
2x6 F2,N3,5.9,1180,2417,0.9820809567641857
2x6 F2,N3,6.1,1346,2553,1.9567181151389217
2x6 F2,N3,6.3,1584,2567,2.895593448041935
2x6 F2,N3,6.5,1869,2761,3.79390109251241
2x6 F2,N3,6.7,2057,2829,4.6516762428130285
2x6 F2,N3,6.9,2229,2867,5.472455329869609
2x6 F2,N3,7.1,2303,2818,6.263070983513126
2x6 F2,N3,7.3,2484,2967,7.0207889425426515
2x6 F2,N3,7.5,2713,3152,7.749047344881857
2x6 F2,N3,7.7,2828,3143,8.448035155080177
2x6 F2,N3,7.9,2844,3250,9.119803204992872
Clinical,N1,0.1,6,838,-121.60287817758669
Clinical,N1,0.3,7,365,-110.30961702500527
Clinical,N1,0.5,4,455,-101.00558928343553
Clinical,N1,0.7,3,518,-93.0998510995623
Clinical,N1,0.9,9,644,-86.23158085532468
Clinical,N1,1.1,16,746,-80.16414793054246
Clinical,N1,1.3,11,835,-74.7338866308604
Clinical,N1,1.5,14,795,-69.82282835350216
Clinical,N1,1.7,7,768,-65.343089969307
Clinical,N1,1.9,13,952,-61.22740831558414
Clinical,N1,2.1,16,1039,-57.423128727736255
Clinical,N1,2.3,11,1096,-53.88823799787766
Clinical,N1,2.5,16,1244,-50.58866064031483
Clinical,N1,2.7,15,1313,-47.496364665866174
Clinical,N1,2.9,12,1352,-44.58800245290536
Clinical,N1,3.1,28,1422,-41.84391497267899
Clinical,N1,3.3,19,1468,-39.24738862727161
Clinical,N1,3.5,34,1553,-36.78409140178329
Clinical,N1,3.7,40,1596,-34.441638682506294
Clinical,N1,3.9,76,2057,-32.20925441412827
Clinical,N1,4.1,150,1922,-30.077503420910567
Clinical,N1,4.3,186,1899,-28.038077580853365
Clinical,N1,4.5,292,1963,-26.08362326821443
Clinical,N1,4.7,411,2085,-24.207600788351904
Clinical,N1,4.9,511,1895,-22.419676693746734
Clinical,N1,5.1,639,2139,-20.706289950935112
Clinical,N1,5.3,747,2125,-19.047720361293294
Clinical,N1,5.5,959,2362,-17.441692606089408
Clinical,N1,5.7,1249,2558,-15.885865963535059
Clinical,N1,5.9,1620,2529,-14.37788817142064
Clinical,N1,6.1,1687,2563,-12.915435374167567
Clinical,N1,6.3,1982,2829,-11.496240861950092
Clinical,N1,6.5,2046,2693,-10.118114930932567
Clinical,N1,6.7,2486,2966,-8.778957829400966
Clinical,N1,6.9,2686,2803,-7.476767420465041
Clinical,N1,7.1,2829,2948,-6.210291920248413
Clinical,N1,7.3,2825,2973,-4.984333728797703
Clinical,N1,7.5,2844,2976,-3.7878869956217707
Clinical,N1,7.7,2662,3032,-2.6199817437136645
Clinical,N1,7.9,2697,3034,-1.4868214091073257
Clinical,N2,0.1,39,927,-79.00937182384169
Clinical,N2,0.3,42,403,-71.44648859255018
Clinical,N2,0.5,39,426,-65.20909639016328
Clinical,N2,0.7,41,540,-59.90376739774128
Clinical,N2,0.9,46,621,-55.290508536644886
Clinical,N2,1.1,42,689,-51.21206632051772
Clinical,N2,1.3,43,800,-47.55974640497742
Clinical,N2,1.5,42,835,-44.255226286749
Clinical,N2,1.7,42,911,-41.24014972438712
Clinical,N2,1.9,45,977,-38.46982436416402
Clinical,N2,2.1,44,1013,-35.90922490994226
Clinical,N2,2.3,45,1108,-33.53036027178632
Clinical,N2,2.5,58,1230,-31.310482797785152
Clinical,N2,2.7,56,1243,-29.230836356887274
Clinical,N2,2.9,57,1419,-27.275759942824447
Clinical,N2,3.1,48,1395,-25.4320321328576
Clinical,N2,3.3,40,1510,-23.68838254965358
Clinical,N2,3.5,66,1698,-22.035121531450542
Clinical,N2,3.7,50,1683,-20.46385503799544
Clinical,N2,3.9,101,1713,-18.967262061058946
Clinical,N2,4.1,112,1867,-17.53891858380142
Clinical,N2,4.3,81,1934,-16.17315670400382
Clinical,N2,4.5,152,2011,-14.873496649857188
Clinical,N2,4.7,132,2248,-13.63888862478366
Clinical,N2,4.9,186,2241,-12.446149719182374
Clinical,N2,5.1,199,2418,-11.293515536572858
Clinical,N2,5.3,256,2325,-10.179145318805782
Clinical,N2,5.5,278,2291,-9.101172890802578
Clinical,N2,5.7,416,2516,-8.057744439774421
Clinical,N2,5.9,518,2662,-7.047045774507605
Clinical,N2,6.1,542,2614,-6.067321322177011
Clinical,N2,6.3,694,2801,-5.116886755397268
Clinical,N2,6.5,779,2867,-4.194136814667614
Clinical,N2,6.7,976,2897,-3.2979042715631977
Clinical,N2,6.9,1208,2899,-2.4334920235479984
Clinical,N2,7.1,1485,3036,-1.591154956245477
Clinical,N2,7.3,1803,3226,-0.8019743057598013
Clinical,N2,7.5,2121,3082,-0.1840447816523392
Clinical,N2,7.7,2174,2960,0.32891144284412804
Clinical,N2,7.9,2025,2852,0.8240104034658271
Clinical,N3,0.1,6,814,-105.59104105184798
Clinical,N3,0.3,1,330,-95.7626863587284
Clinical,N3,0.5,1,470,-87.6622686581379
Clinical,N3,0.7,4,556,-80.77707174158152
Clinical,N3,0.9,9,594,-74.79423909617927
Clinical,N3,1.1,2,784,-69.50871571498698
Clinical,N3,1.3,4,827,-64.77873405749902
Clinical,N3,1.5,3,865,-60.502123938604555
Clinical,N3,1.7,1,952,-56.60275492707493
Clinical,N3,1.9,4,1080,-53.02232199017573
Clinical,N3,2.1,11,1154,-49.715134018811284
Clinical,N3,2.3,5,1233,-46.64467942830443
Clinical,N3,2.5,15,1220,-43.78128934340003
Clinical,N3,2.7,17,1371,-41.100503493397945
Clinical,N3,2.9,21,1448,-38.58189999950716
Clinical,N3,3.1,26,1613,-36.20823960617768
Clinical,N3,3.3,30,1460,-33.964828039947285
Clinical,N3,3.5,27,1561,-31.839032810132032
Clinical,N3,3.7,54,1813,-29.819911382898773
Clinical,N3,3.9,110,1818,-27.897921015967377
Clinical,N3,4.1,117,1728,-26.064689385768716
Clinical,N3,4.3,185,1790,-24.31283111191661
Clinical,N3,4.5,214,1970,-22.649792568427554
Clinical,N3,4.7,281,1907,-21.07411098808399
Clinical,N3,4.9,371,2150,-19.55139053425499
Clinical,N3,5.1,463,2266,-18.07966488304914
Clinical,N3,5.3,580,2288,-16.6568095443407
Clinical,N3,5.5,713,2299,-15.280616767301078
Clinical,N3,5.7,991,2619,-13.948852727827438
Clinical,N3,5.9,1155,2503,-12.659300163558218
Clinical,N3,6.1,1319,2519,-11.40978925271188
Clinical,N3,6.3,1319,2693,-10.198219146946952
Clinical,N3,6.5,1670,2868,-9.022572193995503
Clinical,N3,6.7,1830,2918,-7.883117149459371
Clinical,N3,6.9,2117,2930,-6.782193627292577
Clinical,N3,7.1,2268,3134,-5.708823781861625
Clinical,N3,7.3,2425,3139,-4.662055782783419
Clinical,N3,7.5,2679,3232,-3.640926193896607
Clinical,N3,7.7,2455,3042,-2.644478129719368
Clinical,N3,7.9,2521,2931,-1.6781416115807206
