,Channel 1 Last (C),Channel 2 Last (C),Channel 3 Last (C),Channel 4 Last (C),Channel 5 Last (C),Channel 6 Last (C),Channel 7 Last (C)
00:00:00,23.326,23.378,23.477,23.488,23.253,22.719,23.749
00:00:01,23.337,23.407,23.518,23.554,23.293,22.741,23.827
00:00:02,23.356,23.415,23.54,23.566,23.316,22.771,23.871
00:00:03,23.382,23.459,23.577,23.603,23.356,22.771,23.908
00:00:04,23.404,23.474,23.596,23.636,23.382,22.775,23.956
00:00:05,23.445,23.522,23.655,23.68,23.438,22.812,24.034
00:00:06,23.456,23.544,23.681,23.71,23.475,22.845,24.067
00:00:07,23.482,23.578,23.714,23.751,23.508,22.864,24.111
00:00:08,23.523,23.615,23.758,23.788,23.545,22.901,24.159
00:00:09,23.567,23.637,23.806,23.858,23.608,22.909,24.233
00:00:10,23.571,23.663,23.832,23.877,23.641,22.92,24.274
00:00:11,23.593,23.667,23.855,23.903,23.667,22.939,24.304
00:00:12,23.627,23.7,23.873,23.943,23.7,22.953,24.333
00:00:13,23.649,23.741,23.914,24.002,23.771,22.987,24.414
00:00:14,23.668,23.771,23.944,24.032,23.804,23.016,24.444
00:00:15,23.694,23.797,23.97,24.058,23.83,23.028,24.481
00:00:16,23.705,23.819,23.996,24.08,23.867,23.039,24.511
00:00:17,23.886,23.926,24.095,24.132,23.919,23.069,24.581
00:00:18,23.926,23.978,24.143,24.158,23.956,23.091,24.622
00:00:19,23.949,24,24.173,24.191,23.993,23.121,24.659
00:00:20,23.978,24.037,24.206,24.217,24.026,23.15,24.692
00:00:21,24.034,24.092,24.273,24.284,24.085,23.202,24.758
00:00:22,24.074,24.133,24.302,24.31,24.115,23.217,24.788
00:00:23,24.107,24.159,24.347,24.358,24.155,23.239,24.821
00:00:24,24.141,24.2,24.376,24.376,24.189,23.251,24.851
00:00:25,24.211,24.277,24.443,24.45,24.259,23.313,24.954
00:00:26,24.233,24.314,24.469,24.476,24.303,23.336,24.98
00:00:27,24.267,24.34,24.498,24.506,24.322,23.354,24.988
00:00:28,24.293,24.37,24.532,24.536,24.337,23.365,25.006
00:00:29,24.352,24.425,24.583,24.587,24.388,23.38,25.065
00:00:30,24.378,24.451,24.617,24.613,24.429,23.403,25.088
00:00:31,24.407,24.485,24.639,24.636,24.452,23.414,25.114
00:00:32,24.433,24.507,24.665,24.665,24.478,23.444,25.147
00:00:33,24.504,24.57,24.728,24.721,24.548,23.477,25.203
00:00:34,24.526,24.596,24.754,24.747,24.559,23.496,25.225
00:00:35,24.544,24.614,24.776,24.769,24.592,23.522,25.262
00:00:36,24.574,24.651,24.813,24.802,24.611,23.537,25.284
00:00:37,24.637,24.707,24.876,24.858,24.681,23.596,25.34
00:00:38,24.663,24.733,24.898,24.891,24.711,23.618,25.366
00:00:39,24.689,24.766,24.924,24.917,24.733,23.611,25.392
00:00:40,24.715,24.796,24.947,24.95,24.759,23.622,25.418
00:00:41,24.77,24.851,24.995,24.98,24.814,23.633,25.473
00:00:42,24.793,24.866,25.021,25.002,24.833,23.648,25.488
00:00:43,24.808,24.881,25.036,25.021,24.852,23.652,25.503
00:00:44,24.837,24.9,25.069,25.043,24.885,23.66,25.529
00:00:45,24.885,24.955,25.113,25.095,24.933,23.701,25.581
00:00:46,24.904,24.97,25.143,25.114,24.956,23.708,25.599
00:00:47,24.934,24.992,25.154,25.136,24.974,23.716,25.614
00:00:48,24.952,25.019,25.18,25.162,25.004,23.738,25.651
00:00:49,24.993,25.056,25.229,25.199,25.045,23.761,25.674
00:00:50,25.023,25.089,25.258,25.229,25.063,23.783,25.714
00:00:51,25.045,25.108,25.288,25.262,25.096,23.82,25.733
00:00:52,25.082,25.141,25.306,25.281,25.119,23.842,25.759
00:00:53,25.13,25.196,25.366,25.333,25.178,23.89,25.804
00:00:54,25.149,25.204,25.384,25.362,25.204,23.913,25.829
00:00:55,25.182,25.234,25.407,25.388,25.226,23.939,25.852
00:00:56,25.204,25.256,25.433,25.407,25.245,23.957,25.878
00:00:57,25.245,25.304,25.481,25.459,25.293,23.991,25.915
00:00:58,25.268,25.326,25.499,25.477,25.308,24.002,25.934
00:00:59,25.29,25.356,25.529,25.496,25.326,24.006,25.948
00:01:00,25.312,25.364,25.54,25.514,25.356,24.021,25.974
00:01:01,25.353,25.393,25.577,25.541,25.39,24.05,26.004
00:01:02,25.368,25.408,25.6,25.559,25.405,24.069,26.023
00:01:03,25.39,25.431,25.622,25.589,25.431,24.08,26.045
00:01:04,25.412,25.456,25.64,25.607,25.449,24.102,26.06
00:01:05,25.453,25.494,25.678,25.645,25.49,24.114,26.101
00:01:06,25.461,25.509,25.696,25.663,25.505,24.129,26.127
00:01:07,25.49,25.527,25.718,25.682,25.531,24.129,26.149
00:01:08,25.509,25.553,25.745,25.704,25.546,24.148,26.16
00:01:09,25.561,25.59,25.782,25.745,25.579,24.177,26.194
00:01:10,25.569,25.594,25.8,25.752,25.602,24.185,26.212
00:01:11,25.587,25.627,25.819,25.778,25.627,24.211,26.235
00:01:12,25.617,25.635,25.834,25.79,25.642,24.222,26.249
00:01:13,25.647,25.669,25.875,25.823,25.676,24.245,26.287
00:01:14,25.665,25.691,25.886,25.838,25.691,24.252,26.302
00:01:15,25.68,25.706,25.905,25.857,25.706,24.271,26.313
00:01:16,25.702,25.717,25.919,25.875,25.728,24.278,26.335
00:01:17,25.743,25.743,25.949,25.913,25.758,24.301,26.365
00:01:18,25.765,25.769,25.975,25.931,25.788,24.308,26.387
00:01:19,25.799,25.788,25.998,25.946,25.799,24.312,26.399
00:01:20,25.81,25.795,26.012,25.968,25.821,24.323,26.428
00:01:21,25.84,25.836,26.053,26.013,25.858,24.346,26.462
00:01:22,25.862,25.855,26.065,26.02,25.877,24.335,26.477
00:01:23,25.884,25.87,26.087,26.032,25.892,24.339,26.495
00:01:24,25.907,25.87,26.094,26.054,25.914,24.354,26.514
00:01:25,25.918,25.9,26.124,26.084,25.944,24.38,26.529
00:01:26,25.915,25.911,26.135,26.095,25.959,24.395,26.544
00:01:27,25.926,25.922,26.165,26.121,25.97,24.406,26.562
00:01:28,25.945,25.945,26.169,26.147,25.989,24.418,26.574
00:01:29,25.982,25.978,26.206,26.169,26.011,24.44,26.592
00:01:30,25.978,25.986,26.214,26.181,26.03,24.44,26.611
00:01:31,26.008,26.008,26.236,26.196,26.045,24.444,26.626
00:01:32,26.001,26.023,26.251,26.21,26.06,24.459,26.637
00:01:33,26.012,26.053,26.285,26.251,26.093,24.482,26.682
00:01:34,26.016,26.071,26.303,26.263,26.112,24.5,26.697
00:01:35,26.024,26.079,26.311,26.274,26.127,24.5,26.712
00:01:36,26.024,26.09,26.329,26.289,26.141,24.515,26.715
00:01:37,26.046,26.127,26.359,26.315,26.164,24.545,26.76
00:01:38,26.054,26.135,26.381,26.326,26.183,24.553,26.753
00:01:39,26.058,26.142,26.382,26.337,26.198,24.564,26.775
00:01:40,26.073,26.157,26.4,26.356,26.201,24.579,26.794
00:01:41,26.113,26.187,26.426,26.382,26.239,24.587,26.812
00:01:42,26.128,26.202,26.441,26.397,26.254,24.598,26.842
00:01:43,26.143,26.21,26.445,26.401,26.258,24.591,26.839
00:01:44,26.143,26.221,26.453,26.405,26.272,24.598,26.843
00:01:45,26.174,26.229,26.483,26.431,26.299,24.595,26.876
00:01:46,26.199,26.251,26.501,26.449,26.321,24.61,26.895
00:01:47,26.207,26.251,26.505,26.464,26.325,24.584,26.906
00:01:48,26.229,26.266,26.52,26.465,26.336,24.599,26.921
00:01:49,26.255,26.296,26.553,26.494,26.366,24.611,26.951
00:01:50,26.27,26.307,26.557,26.506,26.366,24.607,26.955
00:01:51,26.278,26.307,26.561,26.499,26.37,24.604,26.955
00:01:52,26.289,26.307,26.565,26.51,26.392,24.615,26.97
00:01:53,26.326,26.345,26.606,26.547,26.426,24.638,27
00:01:54,26.334,26.356,26.61,26.558,26.426,24.627,27.003
00:01:55,26.338,26.352,26.606,26.555,26.426,24.623,27.015
00:01:56,26.353,26.364,26.621,26.566,26.452,24.631,27.033
00:01:57,26.382,26.397,26.658,26.603,26.482,24.66,27.056
00:01:58,26.394,26.405,26.666,26.615,26.486,24.668,27.067
00:01:59,26.401,26.412,26.674,26.618,26.493,24.676,27.075
00:02:00,26.423,26.423,26.688,26.633,26.508,24.691,27.086
00:02:01,26.45,26.435,26.707,26.659,26.538,24.698,27.116
00:02:02,26.461,26.432,26.722,26.663,26.538,24.691,27.123
00:02:03,26.469,26.443,26.73,26.675,26.553,24.691,27.127
00:02:04,26.48,26.454,26.741,26.686,26.568,24.699,27.138
00:02:05,26.495,26.469,26.752,26.704,26.579,24.699,27.153
00:02:06,26.429,26.488,26.779,26.716,26.606,24.711,27.165
00:02:07,26.267,26.484,26.786,26.727,26.606,24.718,27.18
00:02:08,25.885,26.492,26.79,26.735,26.624,24.726,27.187
00:02:09,24.281,26.489,26.801,26.75,26.628,24.73,27.199
00:02:10,23.17,26.489,26.805,26.768,26.643,24.737,27.225
00:02:11,21.908,26.474,26.824,26.78,26.654,24.745,27.228
00:02:12,20.558,26.449,26.839,26.776,26.662,24.753,27.236
00:02:13,17.714,26.343,26.847,26.802,26.688,24.76,27.259
00:02:14,16.284,26.273,26.858,26.806,26.696,24.757,27.259
00:02:15,14.864,26.17,26.862,26.81,26.7,24.761,27.266
00:02:16,13.493,26.045,26.862,26.825,26.711,24.757,27.274
00:02:17,10.896,25.751,26.848,26.833,26.726,24.758,27.293
00:02:18,9.674,25.597,26.837,26.848,26.723,24.747,27.293
00:02:19,8.504,25.406,26.837,26.852,26.745,24.751,27.304
00:02:20,7.457,25.211,26.83,26.859,26.742,24.736,27.312
00:02:21,5.577,24.781,26.779,26.856,26.749,24.715,27.316
00:02:22,4.71,24.557,26.753,26.86,26.75,24.708,27.327
00:02:23,3.911,24.325,26.732,26.864,26.765,24.712,27.328
00:02:24,3.194,24.094,26.702,26.872,26.768,24.719,27.339
00:02:25,1.933,23.612,26.633,26.879,26.787,24.738,27.347
00:02:26,1.314,23.377,26.6,26.876,26.787,24.745,27.369
00:02:27,0.732,23.145,26.563,26.88,26.806,24.764,27.369
00:02:28,0.177,22.899,26.516,26.887,26.806,24.757,27.373
00:02:29,-0.816,22.41,26.42,26.877,26.814,24.75,27.384
00:02:30,-1.257,22.182,26.358,26.866,26.814,24.747,27.392
00:02:31,-1.679,21.932,26.311,26.881,26.837,24.754,27.407
00:02:32,-2.058,21.704,26.259,26.87,26.841,24.743,27.407
00:02:33,-2.807,21.215,26.138,26.852,26.841,24.755,27.422
00:02:34,-3.153,20.987,26.076,26.856,26.852,24.766,27.43
00:02:35,-3.491,20.752,26.014,26.841,26.856,24.763,27.441
00:02:36,-3.795,20.528,25.948,26.834,26.856,24.777,27.441
00:02:37,-4.391,20.08,25.812,26.816,26.864,24.8,27.449
00:02:38,-4.653,19.857,25.749,26.805,26.861,24.822,27.457
00:02:39,-4.923,19.631,25.68,26.802,26.868,24.834,27.464
00:02:40,-5.166,19.431,25.614,26.795,26.872,24.83,27.472
00:02:41,-5.652,18.985,25.463,26.758,26.873,24.816,27.483
00:02:42,-5.876,18.774,25.39,26.744,26.869,24.816,27.491
00:02:43,-6.108,18.555,25.32,26.733,26.888,24.809,27.502
00:02:44,-6.309,18.35,25.247,26.711,26.881,24.806,27.506
00:02:45,-6.726,17.916,25.089,26.679,26.888,24.802,27.525
00:02:46,-6.92,17.708,25.005,26.65,26.878,24.781,27.514
00:02:47,-7.102,17.504,24.924,26.639,26.874,24.77,27.518
00:02:48,-7.273,17.292,24.84,26.613,26.871,24.759,27.522
00:02:49,-7.634,16.884,24.671,26.573,26.86,24.741,27.53
00:02:50,-7.804,16.691,24.609,26.551,26.868,24.749,27.549
00:02:51,-7.991,16.498,24.532,26.533,26.864,24.723,27.549
00:02:52,-8.165,16.305,24.451,26.515,26.861,24.72,27.549
00:02:53,-8.518,15.901,24.271,26.449,26.839,24.705,27.549
00:02:54,-8.682,15.708,24.201,26.431,26.832,24.702,27.557
00:02:55,-8.837,15.514,24.117,26.413,26.836,24.676,27.564
00:02:56,-8.993,15.329,24.036,26.383,26.825,24.662,27.568
00:02:57,-9.277,14.939,23.856,26.325,26.796,24.647,27.569
00:02:58,-9.403,14.784,23.783,26.307,26.8,24.648,27.565
00:02:59,-9.524,14.591,23.706,26.271,26.793,24.659,27.588
00:03:00,-9.63,14.42,23.618,26.256,26.79,24.656,27.577
00:03:01,-9.858,14.082,23.453,26.198,26.764,24.645,27.592
00:03:02,-9.968,13.915,23.365,26.161,26.761,24.623,27.578
00:03:03,-10.079,13.744,23.284,26.132,26.743,24.62,27.578
00:03:04,-10.191,13.589,23.196,26.092,26.732,24.624,27.585
00:03:05,-10.376,13.269,23.02,26.037,26.706,24.617,27.578
00:03:06,-10.476,13.11,22.939,26.004,26.703,24.613,27.582
00:03:07,-10.576,12.95,22.844,25.967,26.681,24.606,27.583
00:03:08,-10.672,12.791,22.77,25.942,26.67,24.606,27.59
00:03:09,-10.853,12.498,22.613,25.88,26.656,24.599,27.587
00:03:10,-10.942,12.36,22.55,25.854,26.645,24.592,27.602
00:03:11,-11.03,12.216,22.481,25.825,26.631,24.585,27.595
00:03:12,-11.119,12.082,22.396,25.785,26.624,24.585,27.602
00:03:13,-11.269,11.8,22.257,25.734,26.595,24.601,27.61
00:03:14,-11.357,11.656,22.176,25.697,26.595,24.612,27.611
00:03:15,-11.43,11.526,22.099,25.672,26.573,24.597,27.603
00:03:16,-11.523,11.392,22.022,25.639,26.555,24.598,27.615
00:03:17,-11.669,11.144,21.883,25.581,26.541,24.602,27.611
00:03:18,-11.746,11.01,21.802,25.54,26.512,24.576,27.608
00:03:19,-11.827,10.877,21.721,25.504,26.501,24.573,27.608
00:03:20,-11.896,10.747,21.652,25.482,26.486,24.569,27.612
00:03:21,-12.03,10.51,21.501,25.409,26.465,24.563,27.616
00:03:22,-12.096,10.391,21.428,25.372,26.443,24.566,27.606
00:03:23,-12.154,10.261,21.358,25.35,26.425,24.574,27.609
00:03:24,-12.219,10.139,21.285,25.31,26.414,24.574,27.606
00:03:25,-12.338,9.904,21.142,25.244,26.37,24.582,27.595
00:03:26,-12.4,9.788,21.076,25.215,26.359,24.564,27.607
00:03:27,-12.465,9.679,20.999,25.175,26.338,24.549,27.585
00:03:28,-12.523,9.567,20.933,25.153,26.323,24.542,27.589
00:03:29,-12.634,9.342,20.794,25.08,26.287,24.546,27.586
00:03:30,-12.696,9.237,20.724,25.051,26.276,24.547,27.586
00:03:31,-12.738,9.136,20.662,25.025,26.269,24.536,27.59
00:03:32,-12.803,09.02,20.581,24.985,26.243,24.521,27.579
00:03:33,-12.915,8.803,20.453,24.923,26.211,24.511,27.576
00:03:34,-12.984,8.687,20.376,24.875,26.189,24.5,27.569
00:03:35,-13.018,8.601,20.317,24.854,26.178,24.504,27.569
00:03:36,-13.064,8.488,20.258,24.817,26.156,24.49,27.573
00:03:37,-13.16,8.298,20.115,24.755,26.116,24.494,27.559
00:03:38,-13.207,8.193,20.053,24.718,26.091,24.483,27.548
00:03:39,-13.256,8.107,19.987,24.686,26.08,24.476,27.541
00:03:40,-13.303,8.005,19.92,24.656,26.058,24.469,27.552
00:03:41,-13.406,7.815,19.798,24.587,26.033,24.454,27.538
00:03:42,-13.449,7.717,19.731,24.561,26.015,24.44,27.53
00:03:43,-13.495,7.62,19.65,24.514,25.978,24.411,27.523
00:03:44,-13.552,7.523,19.598,24.477,25.968,24.396,27.517
00:03:45,-13.641,7.335,19.457,24.411,25.924,24.334,27.517
00:03:46,-13.679,7.242,19.387,24.379,25.917,24.309,27.506
00:03:47,-13.733,7.137,19.321,24.327,25.884,24.298,27.499
00:03:48,-13.786,7.032,19.254,24.291,25.855,24.269,27.488
00:03:49,-13.875,6.856,19.128,24.229,25.833,24.243,27.489
00:03:50,-13.913,6.766,19.069,24.192,25.815,24.225,27.482
00:03:51,-13.959,6.665,18.991,24.156,25.793,24.225,27.474
00:03:52,-13.997,6.579,18.943,24.123,25.771,24.233,27.467
00:03:53,-14.066,6.403,18.836,24.064,25.731,24.204,27.453
00:03:54,-14.124,6.31,18.769,24.021,25.713,24.201,27.453
00:03:55,-14.151,6.239,18.714,23.991,25.702,24.175,27.446
00:03:56,-14.197,6.152,18.643,23.955,25.666,24.157,27.443
00:03:57,-14.285,5.992,18.525,23.893,25.633,24.117,27.429
00:03:58,-14.335,5.902,18.466,23.849,25.604,24.099,27.407
00:03:59,-14.37,5.808,18.41,23.82,25.586,24.096,27.407
00:04:00,-14.408,5.733,18.351,23.772,25.564,24.07,27.407
00:04:01,-14.477,5.569,18.236,23.721,25.524,24.063,27.389
00:04:02,-14.515,5.49,18.181,23.692,25.502,24.063,27.386
00:04:03,-14.561,5.4,18.121,23.663,25.477,24.06,27.375
00:04:04,-14.588,5.329,18.07,23.63,25.455,24.057,27.361
00:04:05,-14.649,5.195,17.962,23.579,25.415,24.013,27.346
00:04:06,-14.688,5.112,17.903,23.546,25.404,24.017,27.361
00:04:07,-14.718,5.038,17.855,23.506,25.382,23.995,27.34
00:04:08,-14.757,4.966,17.792,23.473,25.353,23.98,27.329
00:04:09,-14.822,4.817,17.681,23.411,25.317,23.963,27.322
00:04:10,-14.849,4.749,17.644,23.382,25.298,23.944,27.311
00:04:11,-14.891,4.671,17.578,23.341,25.28,23.934,27.311
00:04:12,-14.921,4.604,17.533,23.32,25.27,23.923,27.301
00:04:13,-14.986,4.461,17.422,23.243,25.215,23.853,27.279
00:04:14,-15.021,4.387,17.363,23.206,25.2,23.857,27.272
00:04:15,-15.052,4.316,17.323,23.188,25.175,23.854,27.261
00:04:16,-15.078,4.241,17.271,23.155,25.153,23.851,27.25
00:04:17,-15.128,4.129,17.178,23.097,25.109,23.8,27.232
00:04:18,-15.162,4.069,17.123,23.064,25.091,23.789,27.229
00:04:19,-15.193,3.998,17.071,23.038,25.084,23.774,27.233
00:04:20,-15.224,3.93,17.023,23.002,25.059,23.745,27.222
00:04:21,-15.289,3.803,16.93,22.943,25.015,23.69,27.2
00:04:22,-15.331,3.736,16.868,22.907,24.993,23.665,27.182
00:04:23,-15.362,3.65,16.812,22.863,24.968,23.621,27.168
00:04:24,-15.389,3.59,16.764,22.837,24.949,23.603,27.175
00:04:25,-15.438,3.463,16.657,22.772,24.906,23.519,27.15
00:04:26,-15.469,3.388,16.616,22.735,24.873,23.478,27.132
00:04:27,-15.496,3.313,16.553,22.691,24.851,23.457,27.117
00:04:28,-15.522,3.242,16.509,22.67,24.826,23.435,27.11
00:04:29,-15.572,3.138,16.417,22.626,24.786,23.432,27.085
00:04:30,-15.595,3.078,16.38,22.589,24.764,23.435,27.085
00:04:31,-15.622,3.022,16.335,22.56,24.753,23.439,27.075
00:04:32,-15.645,2.97,16.298,22.535,24.735,23.451,27.079
00:04:33,-15.687,2.85,16.202,22.476,24.684,23.444,27.042
00:04:34,-15.706,2.801,16.162,22.451,24.665,23.429,27.039
00:04:35,-15.725,2.749,16.125,22.432,24.658,23.452,27.032
00:04:36,-15.751,2.701,16.084,22.403,24.64,23.467,27.025
00:04:37,-15.789,2.603,16.007,22.352,24.6,23.463,26.999
00:04:38,-15.816,2.551,15.973,22.319,24.582,23.453,26.999
00:04:39,-15.847,2.495,15.91,22.294,24.553,23.423,26.989
00:04:40,-15.862,2.45,15.87,22.261,24.528,23.409,26.971
00:04:41,-15.916,2.342,15.785,22.206,24.491,23.391,26.956
00:04:42,-15.942,2.293,15.737,22.166,24.473,23.38,26.931
00:04:43,-15.962,2.237,15.689,22.144,24.451,23.369,26.927
00:04:44,-15.977,2.189,15.663,22.122,24.429,23.366,26.92
00:04:45,-16.011,2.103,15.582,22.075,24.397,23.374,26.895
00:04:46,-16.038,2.062,15.552,22.046,24.375,23.363,26.892
00:04:47,-16.057,2.006,15.497,22.006,24.357,23.345,26.877
00:04:48,-16.087,1.95,15.452,21.984,24.335,23.353,26.874
00:04:49,-16.118,1.864,15.378,21.929,24.295,23.298,26.845
00:04:50,-16.133,1.827,15.345,21.907,24.284,23.302,26.852
00:04:51,-16.167,1.786,15.305,21.878,24.259,23.306,26.834
00:04:52,-16.167,1.737,15.268,21.856,24.24,23.302,26.823
00:04:53,-16.201,1.659,15.186,21.794,24.197,23.255,26.802
00:04:54,-16.224,1.607,15.146,21.769,24.179,23.229,26.795
00:04:55,-16.239,1.569,15.109,21.739,24.157,23.2,26.787
00:04:56,-16.255,1.536,15.065,21.721,24.139,23.167,26.777
00:04:57,-16.289,1.431,14.98,21.652,24.08,23.087,26.755
00:04:58,-16.316,1.382,14.92,21.608,24.062,23.043,26.733
00:04:59,-16.335,1.342,14.895,21.59,24.04,22.992,26.723
00:05:00,-16.35,1.293,14.854,21.557,24.022,22.955,26.708
00:05:01,-16.388,1.207,14.769,21.499,23.986,22.9,26.69
00:05:02,-16.407,1.147,14.728,21.477,23.96,22.875,26.676
00:05:03,-16.426,1.091,14.691,21.444,23.931,22.838,26.654
00:05:04,-16.457,1.058,14.647,21.411,23.913,22.809,26.643
00:05:05,-16.495,0.968,14.573,21.36,23.877,22.754,26.621
00:05:06,-16.506,0.931,14.536,21.335,23.851,22.714,26.603
00:05:07,-16.529,0.89,14.507,21.305,23.829,22.696,26.592
00:05:08,-16.536,0.845,14.459,21.276,23.804,22.667,26.574
00:05:09,-16.567,0.763,14.396,21.225,23.764,22.623,26.56
00:05:10,-16.598,0.722,14.355,21.203,23.738,22.605,26.542
00:05:11,-16.613,0.673,14.322,21.174,23.727,22.591,26.535
00:05:12,-16.624,0.636,14.285,21.149,23.706,22.543,26.524
00:05:13,-16.65,0.569,14.204,21.09,23.655,22.499,26.499
00:05:14,-16.658,0.528,14.178,21.072,23.648,22.485,26.488
00:05:15,-16.685,0.498,14.153,21.05,23.629,22.481,26.481
00:05:16,-16.692,0.461,14.108,21.028,23.6,22.445,26.459
00:05:17,-16.738,0.379,14.031,20.963,23.568,22.401,26.434
00:05:18,-16.753,0.341,13.99,20.948,23.546,22.416,26.438
00:05:19,-16.765,0.3,13.964,20.915,23.524,22.383,26.416
00:05:20,-16.78,0.267,13.927,20.893,23.502,22.369,26.409
00:05:21,-16.818,0.185,13.861,20.842,23.466,22.384,26.391
00:05:22,-16.829,0.155,13.828,20.824,23.444,22.377,26.38
00:05:23,-16.848,0.118,13.791,20.806,23.429,22.392,26.373
00:05:24,-16.859,0.096,13.769,20.781,23.411,22.403,26.358
00:05:25,-16.882,0.04,13.728,20.741,23.382,22.422,26.344
00:05:26,-16.894,0.017,13.68,20.726,23.364,22.448,26.337
00:05:27,-16.913,-0.009,13.662,20.712,23.35,22.434,26.33
00:05:28,-16.916,-0.035,13.633,20.682,23.335,22.434,26.312
00:05:29,-16.947,-0.088,13.562,20.639,23.299,22.39,26.29
00:05:30,-16.97,-0.129,13.525,20.613,23.281,22.398,26.279
00:05:31,-16.977,-0.16,13.496,20.584,23.263,22.391,26.28
00:05:32,-16.985,-0.182,13.47,20.573,23.244,22.376,26.269
00:05:33,-17.019,-0.246,13.389,20.508,23.208,22.325,26.24
00:05:34,-17.042,-0.28,13.352,20.482,23.183,22.325,26.229
00:05:35,-17.057,-0.307,13.326,20.456,23.168,22.307,26.222
00:05:36,-17.068,-0.337,13.289,20.431,23.15,22.293,26.215
00:05:37,-17.095,-0.397,13.23,20.384,23.121,22.256,26.197
00:05:38,-17.106,-0.431,13.19,20.355,23.081,22.224,26.168
00:05:39,-17.121,-0.465,13.153,20.325,23.062,22.194,26.153
00:05:40,-17.14,-0.499,13.123,20.303,23.052,22.187,26.15
00:05:41,-17.174,-0.556,13.053,20.256,23.001,22.136,26.121
00:05:42,-17.186,-0.586,13.016,20.231,22.979,22.118,26.103
00:05:43,-17.193,-0.62,12.976,20.201,22.968,22.1,26.088
00:05:44,-17.208,-0.646,12.95,20.172,22.939,22.074,26.085
00:05:45,-17.231,-0.687,12.898,20.14,22.914,22.042,26.06
00:05:46,-17.246,-0.725,12.861,20.11,22.881,22.035,26.045
00:05:47,-17.269,-0.752,12.824,20.085,22.863,22.013,26.034
00:05:48,-17.273,-0.774,12.791,20.059,22.837,22.002,26.016
00:05:49,-17.292,-0.827,12.74,20.012,22.804,22.006,25.991
00:05:50,-17.307,-0.849,12.714,19.986,22.786,22.014,25.976
00:05:51,-17.314,-0.868,12.684,19.979,22.775,22.025,25.98
00:05:52,-17.314,-0.891,12.666,19.957,22.761,22.033,25.966
00:05:53,-17.344,-0.932,12.615,19.928,22.728,22.029,25.948
00:05:54,-17.348,-0.943,12.592,19.906,22.714,22.029,25.941
00:05:55,-17.359,-0.969,12.563,19.88,22.696,22.026,25.93
00:05:56,-17.374,-0.988,12.534,19.869,22.692,22.06,25.919
00:05:57,-17.382,-1.014,12.489,19.832,22.663,22.045,25.912
00:05:58,-17.389,-1.022,12.475,19.799,22.638,22.005,25.898
00:05:59,-17.416,-1.048,12.434,19.788,22.616,22.005,25.883
00:06:00,-17.424,-1.075,12.408,19.759,22.605,21.972,25.872
00:06:01,-17.454,-1.116,12.342,19.7,22.558,21.91,25.84
00:06:02,-17.461,-1.138,12.309,19.681,22.54,21.888,25.829
00:06:03,-17.476,-1.157,12.276,19.659,22.514,21.87,25.818
00:06:04,-17.488,-1.195,12.246,19.637,22.507,21.87,25.811
00:06:05,-17.507,-1.217,12.191,19.582,22.463,21.808,25.793
00:06:06,-17.51,-1.244,12.169,19.567,22.449,21.801,25.779
00:06:07,-17.529,-1.262,12.147,19.545,22.438,21.827,25.783
00:06:08,-17.525,-1.296,12.114,19.523,22.413,21.842,25.772
00:06:09,-17.544,-1.311,12.077,19.483,22.391,21.872,25.746
00:06:10,-17.551,-1.337,12.047,19.468,22.373,21.924,25.732
00:06:11,-17.551,-1.356,12.036,19.457,22.355,21.968,25.717
00:06:12,-17.551,-1.367,12.018,19.435,22.34,21.969,25.718
00:06:13,-17.578,-1.401,11.959,19.395,22.304,21.98,25.696
00:06:14,-17.597,-1.408,11.933,19.384,22.304,21.988,25.689
00:06:15,-17.596,-1.419,11.93,19.366,22.282,21.984,25.678
00:06:16,-17.596,-1.427,11.893,19.34,22.268,21.966,25.671
00:06:17,-17.607,-1.442,11.856,19.307,22.242,21.926,25.653
00:06:18,-17.619,-1.46,11.834,19.292,22.228,21.919,25.642
00:06:19,-17.622,-1.472,11.808,19.266,22.206,21.915,25.624
00:06:20,-17.641,-1.49,11.775,19.244,22.188,21.886,25.61
00:06:21,-17.66,-1.516,11.724,19.189,22.148,21.835,25.577
00:06:22,-17.664,-1.543,11.687,19.163,22.137,21.835,25.574
00:06:23,-17.683,-1.565,11.654,19.145,22.115,21.814,25.563
00:06:24,-17.694,-1.577,11.624,19.119,22.093,21.777,25.552
00:06:25,-17.721,-1.618,11.569,19.071,22.053,21.722,25.519
00:06:26,-17.728,-1.629,11.547,19.049,22.035,21.693,25.512
00:06:27,-17.732,-1.64,11.521,19.027,22.024,21.679,25.509
00:06:28,-17.755,-1.666,11.499,19.009,22.003,21.661,25.494
00:06:29,-17.758,-1.689,11.44,18.972,21.977,21.632,25.473
00:06:30,-17.765,-1.715,11.41,18.95,21.948,21.61,25.462
00:06:31,-17.773,-1.719,11.392,18.924,21.941,21.592,25.451
00:06:32,-17.792,-1.738,11.37,18.91,21.919,21.57,25.437
00:06:33,-17.815,-1.768,11.311,18.854,21.875,21.537,25.4
00:06:34,-17.826,-1.801,11.282,18.836,21.857,21.53,25.393
00:06:35,-17.841,-1.816,11.248,18.81,21.839,21.512,25.382
00:06:36,-17.853,-1.824,11.237,18.803,21.832,21.505,25.371
00:06:37,-17.867,-1.846,11.186,18.763,21.796,21.483,25.361
00:06:38,-17.871,-1.854,11.171,18.748,21.781,21.49,25.35
00:06:39,-17.886,-1.872,11.149,18.73,21.763,21.487,25.328
00:06:40,-17.886,-1.88,11.127,18.722,21.745,21.484,25.325
00:06:41,-17.893,-1.906,11.083,18.678,21.716,21.488,25.292
00:06:42,-17.901,-1.928,11.053,18.653,21.698,21.462,25.281
00:06:43,-17.92,-1.943,11.031,18.623,21.683,21.444,25.267
00:06:44,-17.927,-1.955,11.002,18.609,21.658,21.43,25.274
00:06:45,-17.938,-1.977,10.969,18.583,21.629,21.404,25.245
00:06:46,-17.954,-1.977,10.932,18.565,21.622,21.393,25.238
00:06:47,-17.95,-1.992,10.925,18.539,21.6,21.394,25.227
00:06:48,-17.969,-2.007,10.884,18.513,21.593,21.383,25.217
00:06:49,-17.988,-2.033,10.844,18.469,21.541,21.343,25.18
00:06:50,-17.995,-2.04,10.818,18.454,21.538,21.317,25.173
00:06:51,-18.01,-2.059,10.803,18.436,21.512,21.281,25.159
00:06:52,-18.021,-2.066,10.77,18.41,21.498,21.252,25.155
00:06:53,-18.04,-2.096,10.711,18.373,21.469,21.189,25.13
00:06:54,-18.059,-2.115,10.693,18.355,21.447,21.179,25.119
00:06:55,-18.055,-2.126,10.674,18.337,21.44,21.157,25.105
00:06:56,-18.067,-2.145,10.648,18.315,21.429,21.135,25.094
00:06:57,-18.101,-2.179,10.59,18.27,21.382,21.095,25.072
00:06:58,-18.112,-2.197,10.568,18.252,21.375,21.084,25.065
00:06:59,-18.124,-2.216,10.545,18.23,21.353,21.062,25.047
00:07:00,-18.131,-2.22,10.523,18.216,21.349,21.048,25.04
00:07:01,-18.158,-2.265,10.468,18.179,21.298,21.011,25.015
00:07:02,-18.161,-2.272,10.442,18.153,21.284,20.997,25
00:07:03,-18.173,-2.287,10.424,18.138,21.273,20.975,24.985
00:07:04,-18.184,-2.314,10.398,18.109,21.255,20.927,24.971
00:07:05,-18.211,-2.34,10.354,18.072,21.222,20.902,24.953
00:07:06,-18.218,-2.351,10.339,18.058,21.208,20.913,24.946
00:07:07,-18.229,-2.366,10.317,18.043,21.193,20.925,24.924
00:07:08,-18.241,-2.381,10.299,18.028,21.183,20.932,24.91
00:07:09,-18.248,-2.403,10.251,17.991,21.153,20.881,24.892
00:07:10,-18.255,-2.411,10.24,17.973,21.139,20.878,24.885
00:07:11,-18.263,-2.422,10.214,17.955,21.117,20.871,24.874
00:07:12,-18.271,-2.437,10.188,17.933,21.11,20.852,24.866
00:07:13,-18.285,-2.463,10.152,17.918,21.077,20.86,24.856
00:07:14,-18.289,-2.474,10.137,17.9,21.066,20.842,24.834
00:07:15,-18.3,-2.482,10.115,17.881,21.048,20.827,24.823
00:07:16,-18.304,-2.489,10.089,17.86,21.034,20.813,24.812
00:07:17,-18.327,-2.519,10.049,17.823,21.001,20.828,24.798
00:07:18,-18.338,-2.522,10.034,17.816,20.994,20.832,24.791
00:07:19,-18.334,-2.534,10.016,17.805,20.983,20.829,24.776
00:07:20,-18.338,-2.537,9.994,17.783,20.965,20.821,24.769
00:07:21,-18.353,-2.56,9.96,17.749,20.947,20.811,24.751
00:07:22,-18.349,-2.567,9.949,17.753,20.932,20.822,24.748
00:07:23,-18.356,-2.574,9.919,17.739,20.922,20.822,24.73
00:07:24,-18.371,-2.593,9.893,17.709,20.896,20.815,24.723
00:07:25,-18.398,-2.612,9.864,17.676,20.874,20.794,24.701
00:07:26,-18.405,-2.615,9.834,17.654,20.86,20.768,24.683
00:07:27,-18.413,-2.63,9.812,17.636,20.846,20.754,24.676
00:07:28,-18.424,-2.641,9.789,17.617,20.824,20.728,24.665
00:07:29,-18.447,-2.671,9.741,17.581,20.802,20.714,24.636
00:07:30,-18.454,-2.686,9.723,17.562,20.78,20.692,24.632
00:07:31,-18.458,-2.701,9.7,17.559,20.769,20.718,24.618
00:07:32,-18.462,-2.713,9.689,17.533,20.755,20.722,24.611
00:07:33,-18.465,-2.72,9.663,17.511,20.74,20.788,24.615
00:07:34,-18.469,-2.723,9.656,17.504,20.73,20.77,24.597
00:07:35,-18.472,-2.727,9.63,17.486,20.719,20.748,24.593
00:07:36,-18.484,-2.734,9.611,17.475,20.704,20.756,24.579
00:07:37,-18.499,-2.745,9.582,17.449,20.679,20.789,24.564
00:07:38,-18.495,-2.753,9.567,17.438,20.672,20.786,24.554
00:07:39,-18.51,-2.768,9.545,17.416,20.654,20.779,24.535
00:07:40,-18.517,-2.775,9.534,17.405,20.65,20.786,24.532
00:07:41,-18.536,-2.79,9.497,17.38,20.617,20.798,24.518
00:07:42,-18.532,-2.79,9.482,17.365,20.614,20.787,24.514
00:07:43,-18.544,-2.801,9.456,17.335,20.596,20.75,24.492
00:07:44,-18.551,-2.812,9.43,17.332,20.581,20.725,24.481
00:07:45,-18.574,-2.834,9.4,17.299,20.563,20.74,24.471
00:07:46,-18.57,-2.846,9.385,17.284,20.541,20.751,24.456
00:07:47,-18.581,-2.853,9.367,17.273,20.523,20.729,24.449
00:07:48,-18.588,-2.868,9.333,17.244,20.509,20.759,24.435
00:07:49,-18.596,-2.883,9.304,17.218,20.483,20.785,24.409
00:07:50,-18.615,-2.897,9.285,17.207,20.469,20.811,24.402
00:07:51,-18.611,-2.901,9.27,17.2,20.462,20.833,24.402
00:07:52,-18.61,-2.901,9.267,17.189,20.455,20.837,24.392
00:07:53,-18.629,-2.916,9.241,17.156,20.43,20.853,24.385
00:07:54,-18.621,-2.912,9.222,17.149,20.422,20.853,24.374
00:07:55,-18.633,-2.919,9.204,17.127,20.415,20.882,24.367
00:07:56,-18.636,-2.926,9.193,17.131,20.412,20.912,24.37
00:07:57,-18.64,-2.915,9.182,17.113,20.39,20.938,24.353
00:07:58,-18.616,-2.903,9.171,17.113,20.387,20.949,24.345
00:07:59,-18.616,-2.903,9.152,17.094,20.372,20.957,24.331
00:08:00,-18.627,-2.902,9.145,17.084,20.354,20.924,24.313
00:08:01,-18.639,-2.917,9.093,17.036,20.332,20.906,24.302
00:08:02,-18.646,-2.921,9.078,17.029,20.318,20.932,24.295
00:08:03,-18.658,-2.94,9.052,17.014,20.299,20.914,24.273
00:08:04,-18.677,-2.951,09.03,16.996,20.285,20.903,24.262
00:08:05,-18.696,-2.973,8.993,16.951,20.263,20.929,24.248
00:08:06,-18.695,-2.969,8.982,16.948,20.256,20.933,24.241
00:08:07,-18.703,-2.969,8.967,16.929,20.234,20.922,24.226
00:08:08,-18.726,-2.984,8.944,16.911,20.223,20.915,24.219
00:08:09,-18.876,-2.995,8.911,16.889,20.205,20.919,24.198
00:08:10,-19.003,-3.002,8.896,16.882,20.202,20.908,24.19
00:08:11,-19.146,-3.021,8.874,16.864,20.177,20.912,24.183
00:08:12,-19.284,-3.04,8.856,16.845,20.177,20.924,24.176
00:08:13,-19.628,-3.085,8.83,16.816,20.14,20.931,24.158
00:08:14,-19.813,-3.104,8.807,16.801,20.133,20.932,24.155
00:08:15,-20.013,-3.138,8.789,16.79,20.126,20.939,24.144
00:08:16,-20.226,-3.168,8.782,16.787,20.123,20.98,24.137
00:08:17,-20.667,-3.259,8.752,16.761,20.094,20.995,24.111
00:08:18,-20.627,-3.293,8.733,16.754,20.079,20.988,24.108
00:08:19,-19.653,-3.331,8.707,16.739,20.068,20.999,24.097
00:08:20,-18.576,-3.323,8.685,16.725,20.057,20.999,24.094
00:08:21,-16.772,-3.216,8.652,16.692,20.039,20.989,24.083
00:08:22,-15.996,-3.136,8.626,16.681,20.021,20.981,24.076
00:08:23,-15.282,-3.041,8.607,16.677,20.014,21,24.061
00:08:24,-14.61,-2.942,8.596,16.659,20.003,21.015,24.047
00:08:25,-13.386,-2.744,8.578,16.633,19.981,21.078,24.036
00:08:26,-12.834,-2.629,8.563,16.619,19.974,21.078,24.033
00:08:27,-12.293,-2.519,8.559,16.611,19.967,21.06,24.022
00:08:28,-11.799,-2.424,8.544,16.597,19.945,21.034,24
00:08:29,-10.86,-2.222,8.537,16.552,19.919,20.976,23.982
00:08:30,-10.435,-2.134,8.526,16.538,19.904,20.976,23.978
00:08:31,-10.022,-2.039,8.527,16.523,19.886,20.958,23.96
00:08:32,-9.649,-1.955,8.527,16.501,19.879,20.954,23.96
00:08:33,-8.915,-1.768,8.546,16.494,19.872,20.922,23.946
00:08:34,-8.591,-1.688,8.55,16.476,19.854,20.911,23.939
00:08:35,-8.279,-1.612,8.565,16.476,19.843,20.908,23.928
00:08:36,-7.979,-1.536,8.562,16.469,19.828,20.9,23.921
00:08:37,-7.431,-1.391,8.585,16.439,19.806,20.89,23.899
00:08:38,-7.161,-1.318,8.603,16.428,19.795,20.879,23.881
00:08:39,-6.914,-1.25,8.615,16.425,19.78,20.875,23.881
00:08:40,-6.685,-1.189,8.634,16.414,19.77,20.868,23.863
00:08:41,-6.248,-1.067,8.661,16.4,19.748,20.869,23.856
00:08:42,-6.05,-1.002,8.676,16.396,19.737,20.865,23.838
00:08:43,-5.86,-0.948,8.699,16.393,19.729,20.88,23.835
00:08:44,-5.662,-0.88,8.729,16.397,19.726,20.888,23.824
00:08:45,-5.319,-0.761,8.763,16.386,19.712,20.862,23.813
00:08:46,-5.152,-0.697,8.793,16.397,19.701,20.87,23.81
00:08:47,-4.996,-0.643,8.812,16.397,19.693,20.863,23.795
00:08:48,-4.855,-0.59,8.839,16.394,19.69,20.859,23.795
00:08:49,-4.588,-0.529,8.888,16.394,19.672,20.856,23.774
00:08:50,-4.444,-0.483,8.914,16.398,19.668,20.86,23.763
00:08:51,-4.322,-0.445,8.93,16.398,19.665,20.879,23.759
00:08:52,-4.196,-0.41,8.964,16.398,19.65,20.886,23.756
00:08:53,-3.972,-0.303,9.028,16.41,19.635,20.89,23.734
00:08:54,-3.873,-0.257,9.062,16.414,19.632,20.894,23.727
00:08:55,-3.766,-0.219,9.085,16.411,19.629,20.876,23.716
00:08:56,-3.667,-0.177,9.107,16.422,19.629,20.872,23.716
00:08:57,-3.48,-0.078,9.16,16.433,19.618,20.876,23.695
00:08:58,-3.4,-0.032,9.19,16.43,19.611,20.884,23.684
00:08:59,-3.324,-0.002,9.213,16.43,19.607,20.888,23.669
00:09:00,-3.236,0.051,9.255,16.438,19.6,20.899,23.67
00:09:01,-3.08,0.138,9.311,16.46,19.604,20.888,23.651
00:09:02,-2.996,0.176,9.345,16.464,19.597,20.889,23.648
00:09:03,-2.931,0.213,9.372,16.472,19.593,20.892,23.63
00:09:04,-2.874,0.24,9.394,16.461,19.593,20.882,23.626
00:09:05,-2.737,0.323,9.462,16.483,19.59,20.867,23.612
00:09:06,-2.665,0.364,9.493,16.495,19.587,20.871,23.601
00:09:07,-2.6,0.402,9.523,16.491,19.583,20.879,23.594
00:09:08,-2.55,0.44,9.557,16.503,19.572,20.875,23.594
00:09:09,-2.458,0.519,9.617,16.518,19.576,20.879,23.576
00:09:10,-2.39,0.564,9.651,16.526,19.569,20.872,23.565
00:09:11,-2.348,0.609,9.685,16.541,19.569,20.887,23.555
00:09:12,-2.306,0.647,9.719,16.541,19.577,20.891,23.551
00:09:13,-2.207,0.726,9.783,16.567,19.566,20.891,23.548
00:09:14,-2.168,0.772,9.821,16.579,19.57,20.895,23.53
00:09:15,-2.138,0.809,9.855,16.579,19.552,20.884,23.53
00:09:16,-2.088,0.858,9.889,16.587,19.574,20.899,23.526
00:09:17,-2.031,0.934,9.957,16.598,19.556,20.892,23.497
00:09:18,-1.993,0.99,9.995,16.609,19.56,20.896,23.497
00:09:19,-1.958,1.035,10.032,16.613,19.556,20.904,23.49
00:09:20,-1.92,1.084,10.069,16.624,19.556,20.907,23.49
00:09:21,-1.855,1.19,10.141,16.64,19.553,20.926,23.472
00:09:22,-1.805,1.246,10.17,16.647,19.564,20.93,23.472
00:09:23,-1.771,1.303,10.204,16.659,19.568,20.938,23.465
00:09:24,-1.725,1.367,10.249,16.659,19.561,20.945,23.458
00:09:25,-1.63,1.48,10.327,16.685,19.573,20.964,23.444
00:09:26,-1.584,1.551,10.379,16.704,19.588,20.971,23.451
00:09:27,-1.538,1.623,10.413,16.712,19.581,20.961,23.437
00:09:28,-1.496,1.691,10.447,16.719,19.573,20.961,23.43
00:09:29,-1.431,1.826,10.529,16.749,19.585,20.958,23.415
00:09:30,-1.401,1.894,10.559,16.75,19.574,20.925,23.404
00:09:31,-1.378,1.95,10.589,16.757,19.566,20.917,23.394
00:09:32,-1.343,2.018,10.633,16.772,19.57,20.921,23.39
00:09:33,-1.297,2.135,10.704,16.787,19.574,20.94,23.376
00:09:34,-1.255,2.199,10.742,16.795,19.575,20.94,23.372
00:09:35,-1.244,2.263,10.768,16.799,19.571,20.926,23.369
00:09:36,-1.201,2.327,10.813,16.814,19.583,20.952,23.365
00:09:37,-1.152,2.466,10.88,16.833,19.579,20.981,23.34
00:09:38,-1.129,2.541,10.928,16.844,19.587,20.985,23.351
00:09:39,-1.11,2.598,10.962,16.841,19.576,20.978,23.333
00:09:40,-1.087,2.666,10.992,16.871,19.576,20.978,23.315
00:09:41,-1.044,2.809,11.074,16.886,19.58,20.997,23.308
00:09:42,-1.006,2.88,11.111,16.901,19.584,20.982,23.304
00:09:43,-0.979,2.955,11.152,16.92,19.592,20.994,23.297
00:09:44,-0.953,3.019,11.197,16.942,19.595,20.998,23.301
00:09:45,-0.903,3.188,11.264,16.972,19.603,21.024,23.294
00:09:46,-0.88,3.286,11.309,16.991,19.614,21.024,23.294
00:09:47,-0.861,3.365,11.346,16.999,19.615,21.02,23.294
00:09:48,-0.838,3.433,11.38,17.01,19.615,21.009,23.279
00:09:49,-0.799,3.591,11.447,17.033,19.619,21.002,23.265
00:09:50,-0.78,3.674,11.492,17.04,19.623,21.017,23.25
00:09:51,-0.765,3.753,11.526,17.048,19.63,21.028,23.251
00:09:52,-0.734,3.835,11.57,17.07,19.627,21.028,23.24
00:09:53,-0.696,3.978,11.626,17.089,19.619,21.018,23.218
00:09:54,-0.684,4.057,11.664,17.104,19.627,21.025,23.215
00:09:55,-0.673,4.132,11.701,17.123,19.631,21.044,23.222
00:09:56,-0.658,4.2,11.731,17.134,19.627,21.029,23.211
00:09:57,-0.619,4.347,11.817,17.171,19.657,21.037,23.211
00:09:58,-0.6,4.422,11.85,17.179,19.658,21.048,23.2
00:09:59,-0.585,4.475,11.888,17.19,19.654,21.063,23.193
00:10:00,-0.577,4.546,11.914,17.202,19.658,21.049,23.183
00:10:01,-0.535,4.704,11.989,17.232,19.662,21.041,23.186
00:10:02,-0.515,4.78,12.026,17.243,19.659,21.034,23.168
00:10:03,-0.512,4.855,12.056,17.262,19.681,21.049,23.168
00:10:04,-0.489,4.926,12.1,17.269,19.674,21.045,23.161
00:10:05,-0.462,5.073,12.156,17.299,19.685,21.057,23.147
00:10:06,-0.462,5.137,12.197,17.322,19.681,21.057,23.139
00:10:07,-0.431,5.216,12.242,17.337,19.711,21.068,23.143
00:10:08,-0.404,5.306,12.276,17.359,19.715,21.076,23.147
00:10:09,-0.381,5.441,12.354,17.393,19.727,21.087,23.129
00:10:10,-0.358,5.517,12.399,17.412,19.73,21.076,23.129
00:10:11,-0.354,5.584,12.429,17.434,19.727,21.065,23.122
00:10:12,-0.339,5.659,12.473,17.442,19.734,21.065,23.122
00:10:13,-0.305,5.787,12.54,17.486,19.75,21.062,23.119
00:10:14,-0.293,5.829,12.563,17.491,19.742,21.058,23.104
00:10:15,-0.289,5.889,12.6,17.509,19.761,21.051,23.108
00:10:16,-0.274,5.968,12.63,17.513,19.754,21.033,23.09
00:10:17,-0.209,6.111,12.716,17.565,19.799,21.059,23.108
00:10:18,-0.197,6.171,12.738,17.565,19.784,21.037,23.086
00:10:19,-0.22,6.239,12.775,17.584,19.788,21.026,23.075
00:10:20,-0.205,6.295,12.813,17.584,19.788,21.026,23.068
00:10:21,-0.181,6.434,12.869,17.607,19.796,21.03,23.058
00:10:22,-0.17,6.502,12.902,17.622,19.792,21.034,23.05
00:10:23,-0.162,6.57,12.936,17.641,19.796,21.031,23.043
00:10:24,-0.139,6.645,12.977,17.663,19.815,21.038,23.039
00:10:25,-0.108,6.788,13.048,17.693,19.819,21.031,23.04
00:10:26,-0.097,6.852,13.089,17.716,19.819,21.042,23.033
00:10:27,-0.089,6.92,13.119,17.734,19.826,21.046,23.033
00:10:28,-0.066,6.999,13.16,17.753,19.838,21.05,23.033
00:10:29,-0.043,7.13,13.231,17.794,19.86,21.057,23.026
00:10:30,-0.028,7.209,13.272,17.813,19.864,21.061,23.022
00:10:31,-0.012,7.284,13.305,17.824,19.861,21.061,23.022
00:10:32,-0.001,7.371,13.358,17.858,19.89,21.098,23.03
00:10:33,0.045,7.529,13.44,17.91,19.906,21.154,23.03
00:10:34,0.071,7.597,13.477,17.944,19.921,21.176,23.027
00:10:35,0.082,7.634,13.514,17.955,19.924,21.184,23.027
00:10:36,0.098,7.706,13.552,17.981,19.932,21.209,23.031
00:10:37,0.113,7.834,13.623,18.019,19.951,21.258,23.035
00:10:38,0.128,7.898,13.656,18.034,19.959,21.302,23.031
00:10:39,0.166,7.977,13.701,18.075,19.977,21.361,23.035
00:10:40,0.162,8.044,13.738,18.082,19.992,21.379,23.035
00:10:41,0.192,8.18,13.813,18.123,20.007,21.428,23.035
00:10:42,0.208,8.244,13.846,18.153,20.011,21.424,23.017
00:10:43,0.212,8.315,13.891,18.165,20.026,21.413,23.021
00:10:44,0.234,8.394,13.936,18.187,20.041,21.417,23.021
00:10:45,0.268,8.526,14.007,18.224,20.059,21.443,23.021
00:10:46,0.272,8.601,14.044,18.251,20.071,21.447,23.025
00:10:47,0.284,8.657,14.07,18.262,20.082,21.454,23.018
00:10:48,0.287,8.729,14.111,18.273,20.082,21.469,23.018
00:10:49,0.333,8.879,14.19,18.325,20.119,21.525,23.029
00:10:50,0.359,8.951,14.238,18.34,20.13,21.532,23.033
00:10:51,0.374,9.026,14.283,18.374,20.145,21.562,23.037
00:10:52,0.39,9.086,14.324,18.385,20.149,21.584,23.034
00:10:53,0.423,9.229,14.395,18.426,20.168,21.602,23.034
00:10:54,0.431,9.297,14.428,18.434,20.182,21.617,23.038
00:10:55,0.465,9.368,14.473,18.46,20.197,21.654,23.045
00:10:56,0.476,9.443,14.51,18.479,20.201,21.684,23.038
00:10:57,0.507,9.572,14.581,18.513,20.205,21.644,23.027
00:10:58,0.533,9.635,14.626,18.535,20.224,21.636,23.024
00:10:59,0.548,9.707,14.656,18.546,20.224,21.626,23.024
00:11:00,0.582,9.778,14.697,18.569,20.239,21.607,23.028
00:11:01,0.62,9.914,14.764,18.599,20.254,21.582,23.024
00:11:02,0.658,9.993,14.816,18.625,20.276,21.611,23.024
00:11:03,0.684,10.048,14.853,18.647,20.291,21.615,23.032
00:11:04,0.715,10.127,14.898,18.67,20.298,21.593,23.025
00:11:05,0.756,10.265,14.954,18.689,20.298,21.579,23.021
00:11:06,0.798,10.328,14.988,18.715,20.313,21.586,23.029
00:11:07,0.831,10.384,15.033,18.73,20.325,21.579,23.022
00:11:08,0.884,10.466,15.077,18.756,20.336,21.561,23.025
00:11:09,0.982,10.592,15.144,18.797,20.351,21.602,23.026
00:11:10,1.038,10.667,15.185,18.82,20.366,21.624,23.026
00:11:11,1.095,10.73,15.219,18.835,20.377,21.639,23.022
00:11:12,1.166,10.805,15.256,18.853,20.384,21.65,23.022
00:11:13,1.335,10.953,15.338,18.898,20.41,21.698,23.03
00:11:14,1.429,11.024,15.372,18.906,20.425,21.757,23.037
00:11:15,1.538,11.099,15.424,18.939,20.429,21.779,23.034
00:11:16,1.651,11.169,15.458,18.958,20.444,21.798,23.03
00:11:17,1.929,11.318,15.528,18.988,20.459,21.772,23.027
00:11:18,2.061,11.385,15.573,19.011,20.481,21.78,23.038
00:11:19,2.185,11.464,15.611,19.029,20.485,21.784,23.046
00:11:20,2.297,11.534,15.64,19.052,20.496,21.784,23.035
00:11:21,2.512,11.661,15.708,19.071,20.511,21.744,23.035
00:11:22,2.613,11.724,15.749,19.086,20.519,21.744,23.039
00:11:23,2.737,11.75,15.764,19.097,20.522,21.795,23.035
00:11:24,2.88,11.795,15.808,19.123,20.545,21.81,23.035
00:11:25,4.599,11.205,14.869,19.179,20.563,21.873,23.043
00:11:26,7.64,11.703,14.538,19.176,20.582,21.848,23.036
00:11:27,8.27,11.866,14.419,19.183,20.589,21.803,23.04
