,Channel 1 Last (C),Channel 3 Last (C),Channel 4 Last (C),Channel 5 Last (C),Channel 6 Last (C)
0:00:00,25.242,25.897,24.994,26.322,27.198
0:00:01,25.288,25.949,25.095,26.455,27.283
0:00:02,25.31,25.969,25.126,26.436,27.264
0:00:03,25.316,25.963,25.091,26.409,27.244
0:00:04,25.354,25.987,25.137,26.476,27.293
0:00:05,25.395,26.046,25.233,26.499,27.304
0:00:06,25.418,26.055,25.231,26.474,27.297
0:00:07,25.404,26.071,25.236,26.485,27.313
0:00:08,25.442,26.083,25.233,26.48,27.308
0:00:09,25.255,26.073,25.244,26.52,27.334
0:00:10,-25.122,23.986,24.164,26.471,27.347
0:00:11,-55.386,21.715,22.646,26.292,27.282
0:00:12,-70.13,19.796,21.822,26.326,27.314
0:00:13,-80.251,16.324,20.201,26.074,27.249
0:00:14,-84.515,13.409,19.395,26.061,27.216
0:00:15,-86.858,10.276,18.66,26.021,27.257
0:00:16,-89.35,5.8,16.863,25.68,27.169
0:00:17,-92.051,2.945,16.051,25.708,27.161
0:00:18,-93.644,0.738,15.258,25.686,27.185
0:00:19,-95.484,-1.817,14.466,25.724,27.187
0:00:20,-96.104,-3.989,12.841,25.425,27.176
0:00:21,-96.411,-6.034,10.771,25.171,27.067
0:00:22,-96.825,-7.87,9.225,25.158,27.111
0:00:23,-96.971,-9.227,7.532,24.917,27.054
0:00:24,-97.129,-10.514,5.479,24.604,26.924
0:00:25,-97.299,-11.744,3.705,24.586,26.95
0:00:26,-97.388,-12.469,3.043,24.608,27.003
0:00:27,-97.577,-13.531,2.652,24.203,26.882
0:00:28,-97.733,-14.718,2.57,23.81,26.753
0:00:29,-97.862,-15.391,2.427,23.71,26.709
0:00:30,-97.989,-16.067,2.229,23.53,26.702
0:00:31,-98.094,-16.992,1.872,23.129,26.586
0:00:32,-98.269,-17.549,1.245,23.081,26.599
0:00:33,-98.372,-18.103,-1.701,22.956,26.575
0:00:34,-98.171,-18.891,-7.144,22.537,26.413
0:00:35,-98.264,-19.313,-9.029,22.588,26.474
0:00:36,-98.312,-19.765,-10.129,22.392,26.43
0:00:37,-98.463,-20.245,-10.934,22.347,26.443
0:00:38,-98.566,-20.907,-12.322,22.037,26.272
0:00:39,-98.65,-21.356,-13.606,21.647,26.143
0:00:40,-98.721,-21.839,-14.435,21.454,26.123
0:00:41,-98.839,-22.279,-15.144,21.364,26.102
0:00:42,-98.903,-22.687,-15.835,21.143,26.022
0:00:43,-99.025,-23.173,-16.686,20.9,25.952
0:00:44,-99.054,-23.513,-17.298,20.709,25.944
0:00:45,-99.09,-23.926,-18.027,20.418,25.801
0:00:46,-99.121,-24.271,-18.355,20.264,25.801
0:00:47,-99.188,-24.608,-18.695,20.054,25.668
0:00:48,-99.317,-24.983,-19.394,19.917,25.658
0:00:49,-99.301,-25.369,-19.965,19.616,25.621
0:00:50,-99.313,-25.736,-20.524,19.371,25.463
0:00:51,-99.379,-26.072,-21.249,19.137,25.432
0:00:52,-99.533,-26.401,-21.775,19.007,25.457
0:00:53,-99.456,-26.669,-22.073,18.743,25.29
0:00:54,-99.616,-26.928,-22.512,18.582,25.193
0:00:55,-99.698,-27.284,-23.192,18.251,25.137
0:00:56,-99.724,-27.608,-23.737,18.011,25.025
0:00:57,-99.868,-27.785,-23.981,17.917,25.016
0:00:58,-99.774,-28.149,-24.643,17.657,24.965
0:00:59,-99.968,-28.333,-24.793,17.603,24.956
0:01:00,-99.992,-28.64,-25.341,17.257,24.884
0:01:01,-100.014,-28.906,-25.875,16.867,24.663
0:01:02,-100.052,-29.089,-26.164,16.611,24.536
0:01:03,-100.114,-29.267,-26.375,16.652,24.623
0:01:04,-100.129,-29.716,-27.126,16.401,24.593
0:01:05,-100.061,-29.964,-27.635,16.157,24.54
0:01:06,-100.141,-30.03,-27.741,16.143,24.411
0:01:07,-98.425,-30,-27.073,16.641,24.702
0:01:08,-96.101,-30.297,-26.976,16.366,24.695
0:01:09,-96.115,-30.737,-28.429,15.456,24.36
0:01:10,-96.18,-30.901,-29.448,14.887,24.044
0:01:11,-96.206,-31.028,-29.913,14.542,23.904
0:01:12,-96.278,-31.082,-29.917,14.62,23.928
0:01:13,-96.198,-31.292,-29.912,14.638,23.983
0:01:14,-96.172,-31.477,-29.944,14.746,23.982
0:01:15,-96.296,-31.439,-29.554,14.743,23.917
0:01:16,-96.277,-31.672,-29.887,14.386,23.787
0:01:17,-96.177,-32.096,-30.742,14.003,23.812
0:01:18,-96.239,-32.367,-31.666,13.58,23.597
0:01:19,-96.335,-32.664,-32.786,12.979,23.327
0:01:20,-96.406,-32.605,-32.778,12.926,23.279
0:01:21,-96.33,-32.862,-33.081,12.846,23.322
0:01:22,-96.428,-32.949,-33.095,12.645,23.14
0:01:23,-96.392,-32.979,-33.059,12.551,23.095
0:01:24,-96.487,-33.125,-33.079,12.406,23.083
0:01:25,-96.504,-33.316,-33.125,12.298,23.04
0:01:26,-96.535,-33.412,-33.207,12.306,22.93
0:01:27,-96.578,-33.426,-33.193,12.153,22.796
0:01:28,-96.585,-33.601,-33.448,11.966,22.474
0:01:29,-96.616,-33.797,-33.838,11.711,22.577
0:01:30,-96.506,-34.026,-34.522,11.395,22.548
0:01:31,-96.599,-34.01,-34.117,11.624,22.515
0:01:32,-96.736,-34.098,-34.163,11.485,22.419
0:01:33,-96.692,-34.365,-34.857,10.928,22.311
0:01:34,-96.687,-34.337,-34.691,10.919,22.225
0:01:35,-96.692,-34.596,-35.114,10.504,22.129
0:01:36,-96.639,-34.724,-35.277,10.326,22.057
0:01:37,-96.759,-34.789,-35.419,10.319,21.938
0:01:38,-96.706,-34.989,-35.704,10.267,22.012
0:01:39,-96.607,-35.15,-35.907,10.178,21.988
0:01:40,-96.734,-34.985,-35.519,9.943,21.683
0:01:41,-96.84,-35.101,-35.547,9.756,21.626
0:01:42,-96.851,-35.276,-35.732,9.538,21.525
0:01:43,-96.88,-35.444,-35.991,9.352,21.411
0:01:44,-96.887,-35.631,-36.503,9.084,21.313
0:01:45,-96.925,-35.557,-36.258,9.069,21.286
0:01:46,-96.877,-35.914,-37.011,8.463,21.124
0:01:47,-96.93,-35.896,-37.053,8.536,21.078
0:01:48,-96.906,-35.896,-36.763,8.784,21.17
0:01:49,-97.009,-35.94,-36.492,8.657,21.062
0:01:50,-96.992,-36.249,-37.157,8.206,21.001
0:01:51,-96.951,-36.291,-37.364,8.013,20.823
0:01:52,-97.066,-36.219,-36.992,8.207,20.793
0:01:53,-97.015,-36.57,-37.835,7.632,20.67
0:01:54,-97.025,-36.775,-38.516,7.332,20.619
0:01:55,-97.08,-36.851,-38.751,7.398,20.602
0:01:56,-97.005,-36.875,-38.731,6.991,20.431
0:01:57,-97.13,-36.849,-38.682,7.175,20.402
0:01:58,-97.096,-36.987,-38.409,7.489,20.735
0:01:59,-97.105,-37.159,-38.493,7.397,20.69
0:02:00,-97.16,-37.328,-39.322,6.577,20.279
0:02:01,-97.296,-37.304,-39.493,6.417,20.217
0:02:02,-97.291,-37.44,-39.549,6.602,20.208
0:02:03,-97.212,-37.553,-39.635,6.249,20.007
0:02:04,-97.303,-37.631,-39.943,6.148,20.057
0:02:05,-97.219,-37.874,-40.414,5.855,19.932
0:02:06,-97.315,-37.781,-40.278,5.74,19.696
0:02:07,-97.447,-37.665,-39.791,5.816,19.644
0:02:08,-97.468,-37.853,-39.645,5.72,19.668
0:02:09,-97.341,-38.11,-40.36,5.559,19.713
0:02:10,-97.293,-37.855,-39.58,5.692,19.479
0:02:11,-97.449,-37.913,-39.913,5.465,19.505
0:02:12,-97.432,-38.076,-39.737,5.218,19.275
0:02:13,-97.523,-37.917,-39.323,5.493,19.393
0:02:14,-97.506,-38.086,-39.371,5.323,19.442
0:02:15,-97.46,-38.363,-40.022,4.863,19.358
0:02:16,-97.462,-38.29,-39.915,4.814,19.269
0:02:17,-97.395,-38.266,-39.728,4.61,19.163
0:02:18,-97.484,-38.208,-39.318,4.871,19.152
0:02:19,-97.551,-38.431,-39.519,4.28,18.879
0:02:20,-97.639,-38.342,-39.27,4.426,18.818
0:02:21,-97.61,-38.74,-40.233,3.843,18.688
0:02:22,-97.61,-38.756,-40.2,3.753,18.601
0:02:23,-97.672,-38.579,-39.47,3.837,18.529
0:02:24,-97.747,-38.695,-39.434,3.743,18.647
0:02:25,-97.605,-39.163,-40.461,3.511,18.618
0:02:26,-97.667,-39.265,-41.004,3.286,18.384
0:02:27,-97.724,-39.313,-41.21,3.042,18.288
0:02:28,-97.736,-39.305,-41.239,2.877,18.128
0:02:29,-97.82,-39.052,-40.49,3.282,18.169
0:02:30,-97.8,-39.261,-40.714,2.982,18.173
0:02:31,-97.781,-39.371,-40.845,2.72,17.997
0:02:32,-97.858,-39.297,-40.46,2.761,17.939
0:02:33,-97.877,-39.387,-40.633,2.536,17.813
0:02:34,-97.924,-39.395,-40.217,2.872,17.969
0:02:35,-97.857,-39.284,-39.955,2.593,17.824
0:02:36,-97.905,-39.581,-40.513,2.27,17.724
0:02:37,-97.998,-39.559,-40.239,2.908,17.969
0:02:38,-97.857,-39.725,-40.221,2.698,17.891
0:02:39,-97.952,-39.788,-40.482,2.325,17.706
0:02:40,-97.919,-40.003,-41.134,2.111,17.89
0:02:41,-97.784,-40.171,-41.241,2.188,17.687
0:02:42,-97.902,-39.871,-40.632,2.211,17.717
0:02:43,-98.076,-39.721,-40.28,2.256,17.606
0:02:44,-98.081,-39.745,-39.925,2.117,17.468
0:02:45,-98.16,-38.895,-37.71,3.624,18.084
0:02:46,-98.021,-39.106,-36.25,3.529,18.087
0:02:47,-97.965,-39.953,-38.419,2.016,17.469
0:02:48,-97.994,-40.335,-40.194,1.412,17.387
0:02:49,-97.936,-40.551,-41.59,1.097,17.215
0:02:50,-98.032,-40.417,-41.458,1.322,16.967
0:02:51,-98.058,-40.378,-41.421,1.001,16.767
0:02:52,-98.147,-40.324,-41.256,0.853,16.689
0:02:53,-98.2,-40.388,-41.166,0.628,16.566
0:02:54,-98.159,-40.569,-41.536,0.474,16.57
0:02:55,-98.192,-40.622,-41.658,0.502,16.559
0:02:56,-98.286,-40.602,-41.4,0.699,16.682
0:02:57,-98.243,-40.641,-41.52,0.422,16.425
0:02:58,-98.24,-40.649,-41.384,0.395,16.396
0:02:59,-98.29,-40.457,-40.754,0.602,16.381
0:03:00,-98.304,-40.502,-40.634,0.587,16.374
0:03:01,-98.338,-40.35,-39.649,0.98,16.474
0:03:02,-98.347,-40.465,-39.373,0.865,16.344
0:03:03,-98.352,-40.514,-39.482,0.817,16.356
0:03:04,-98.27,-40.858,-40.293,0.192,16.172
0:03:05,-98.251,-41.144,-41.21,-0.085,16.136
0:03:06,-98.222,-41.16,-41.502,-0.135,15.966
0:03:07,-98.368,-41.041,-41.199,-0.146,15.96
0:03:08,-98.332,-41.115,-41.3,-0.165,16.062
0:03:09,-98.279,-41.283,-41.794,-0.282,15.947
0:03:10,-98.391,-41.147,-41.518,-0.244,15.728
0:03:11,-98.489,-40.987,-40.801,-0.13,15.755
0:03:12,-98.417,-40.875,-40.143,-0.1,15.743
0:03:13,-98.398,-41.149,-40.515,-0.363,15.513
0:03:14,-98.46,-41.356,-40.9,-0.327,15.636
0:03:15,-98.438,-41.457,-41.33,-0.454,15.493
0:03:16,-98.476,-41.286,-40.796,-0.363,15.501
0:03:17,-98.378,-41.616,-41.554,-0.498,15.647
0:03:18,-98.378,-41.595,-41.665,-0.441,15.558
0:03:19,-98.467,-41.447,-41.076,-0.382,15.467
0:03:20,-98.574,-41.471,-41.092,-0.467,15.28
0:03:21,-98.44,-41.595,-41.249,-0.49,15.302
0:03:22,-98.548,-41.535,-41.07,-0.414,15.39
0:03:23,-98.526,-41.652,-41.212,-0.395,15.421
0:03:24,-98.531,-41.697,-41.306,-0.577,15.25
0:03:25,-98.552,-41.479,-40.73,-0.473,15.208
0:03:26,-98.449,-41.759,-41.133,-0.607,15.154
0:03:27,-98.549,-41.738,-41.145,-0.645,15.035
0:03:28,-98.624,-41.524,-40.544,-0.677,14.939
0:03:29,-98.544,-41.857,-41.182,-0.831,14.798
0:03:30,-98.64,-41.948,-41.544,-0.854,14.835
0:03:31,-98.635,-42.061,-41.896,-0.86,14.856
0:03:32,-98.654,-42.12,-42.108,-0.896,14.932
0:03:33,-98.546,-42.141,-42.225,-0.888,14.885
0:03:34,-98.745,-41.875,-41.4,-0.831,14.702
0:03:35,-98.745,-41.931,-41.231,-0.842,14.739
0:03:36,-98.807,-41.906,-41.054,-0.804,14.724
0:03:37,-98.687,-42.155,-41.321,-0.897,14.895
0:03:38,-98.534,-42.276,-41.761,-0.979,14.728
0:03:39,-98.783,-42.017,-41.272,-0.891,14.713
0:03:40,-98.691,-42.259,-41.409,-0.893,14.823
0:03:41,-98.773,-42.325,-41.77,-1.195,14.506
0:03:42,-98.746,-42.329,-41.849,-1.073,14.532
0:03:43,-98.823,-42.17,-41.279,-1.181,14.398
0:03:44,-98.763,-42.39,-41.67,-1.366,14.287
0:03:45,-98.854,-42.337,-41.662,-1.358,14.142
0:03:46,-98.884,-42.524,-42.172,-1.436,14.3
0:03:47,-98.872,-42.616,-42.444,-1.441,14.224
0:03:48,-98.911,-42.641,-42.518,-1.51,14.094
0:03:49,-98.915,-42.666,-42.624,-1.57,14.068
0:03:50,-98.781,-42.727,-42.637,-1.498,14.187
0:03:51,-98.834,-42.53,-42.176,-1.369,14.094
0:03:52,-98.977,-42.486,-41.758,-1.403,14.144
0:03:53,-98.91,-42.57,-41.796,-1.467,13.987
0:03:54,-98.991,-42.574,-41.829,-1.459,13.998
0:03:55,-98.888,-42.776,-42.286,-1.739,13.838
0:03:56,-98.895,-42.817,-42.459,-1.805,13.649
0:03:57,-98.938,-42.763,-42.274,-1.786,13.746
0:03:58,-98.95,-42.977,-42.889,-1.858,13.85
0:03:59,-98.928,-43.039,-43.031,-1.87,13.816
0:04:00,-98.943,-42.994,-43.022,-2.029,13.497
0:04:01,-98.887,-43.123,-43.454,-2.151,13.582
0:04:02,-98.952,-43.146,-43.619,-2.23,13.668
0:04:03,-98.923,-43.158,-43.553,-1.998,13.835
0:04:04,-98.858,-43.259,-43.709,-2.163,13.735
0:04:05,-98.966,-43.149,-43.565,-2.177,13.601
0:04:06,-99.028,-42.993,-43.116,-2.139,13.579
0:04:07,-99.155,-42.89,-42.233,-2.022,13.583
0:04:08,-99.119,-42.886,-41.811,-2.017,13.657
0:04:09,-99.09,-43.058,-42.321,-2.191,13.572
0:04:10,-98.996,-43.223,-42.717,-2.203,13.531
0:04:11,-99.003,-43.219,-42.885,-2.244,13.346
0:04:12,-99.109,-43.021,-42.383,-2.115,13.345
0:04:13,-99.111,-43.013,-42.031,-2.237,13.125
0:04:14,-99.065,-43.07,-42.078,-2.294,13.078
0:04:15,-99.027,-43.21,-42.453,-2.45,13.101
0:04:16,-99.079,-43.315,-42.66,-2.316,13.307
0:04:17,-99.021,-43.44,-43.226,-2.59,13.109
0:04:18,-99.002,-43.477,-43.366,-2.567,13.209
0:04:19,-99.019,-43.397,-42.934,-2.43,13.27
0:04:20,-98.982,-43.501,-43.259,-2.658,13.079
0:04:21,-99.16,-43.349,-42.966,-2.555,13.142
0:04:22,-99.236,-43.139,-42.314,-2.418,13.176
0:04:23,-99.159,-43.225,-42.233,-2.581,12.931
0:04:24,-99.164,-43.176,-42.003,-2.547,12.879
0:04:25,-99.099,-43.194,-41.478,-2.632,12.866
0:04:26,-99.202,-43.332,-41.969,-2.741,12.831
0:04:27,-99.044,-43.509,-42.542,-2.916,12.835
0:04:28,-99.217,-43.406,-42.626,-2.849,12.738
0:04:29,-99.226,-43.418,-42.636,-2.976,12.563
0:04:30,-99.235,-43.389,-42.533,-2.957,12.597
0:04:31,-99.14,-43.593,-43.066,-3.06,12.53
0:04:32,-99.288,-43.369,-42.513,-2.972,12.445
0:04:33,-99.24,-43.373,-42.294,-3.041,12.359
0:04:34,-99.192,-43.574,-42.482,-3.075,12.51
0:04:35,-99.139,-43.727,-42.957,-3.212,12.441
0:04:36,-99.197,-43.714,-43.117,-3.261,12.311
0:04:37,-99.314,-43.539,-42.672,-3.261,12.183
0:04:38,-99.143,-43.681,-42.668,-3.181,12.378
0:04:39,-99.366,-43.493,-42.285,-3.154,12.356
0:04:40,-99.246,-43.649,-42.697,-3.319,12.306
0:04:41,-99.239,-43.713,-42.915,-3.29,12.189
0:04:42,-99.234,-43.738,-43.005,-3.328,12.153
0:04:43,-99.296,-43.729,-42.814,-3.338,12.19
0:04:44,-99.133,-43.902,-43.322,-3.51,12.156
0:04:45,-99.267,-43.779,-43.227,-3.385,12.197
0:04:46,-99.346,-43.719,-43.151,-3.318,12.56
0:04:47,-99.195,-43.77,-42.976,-3.377,13.94
0:04:48,-99.348,-43.745,-42.926,-3.43,14.464
0:04:49,-99.4,-43.795,-42.842,-3.445,14.578
0:04:50,-99.29,-43.774,-42.485,-3.08,15.026
0:04:51,-99.132,-43.885,-42.519,-3.092,14.212
0:04:52,-99.352,-43.938,-42.681,-3.316,12.644
0:04:53,-99.443,-43.815,-42.391,-3.418,12.228
0:04:54,-99.544,-43.794,-42.321,-3.38,11.826
0:04:55,-99.409,-44.179,-43.494,-3.814,11.102
0:04:56,-99.448,-44.119,-43.498,-3.726,10.823
0:04:57,-99.562,-43.888,-43.02,-3.483,11.355
0:04:58,-99.428,-44.061,-43.111,-3.745,11.292
0:04:59,-99.299,-44.276,-43.695,-3.825,11.466
0:05:00,-99.491,-44.016,-43.209,-3.555,11.648
0:05:01,-99.55,-43.911,-42.431,-3.498,11.661
0:05:02,-99.414,-44.123,-42.905,-3.627,11.771
0:05:03,-99.438,-44.226,-43.357,-3.775,11.671
0:05:04,-99.414,-44.286,-43.594,-3.659,11.797
0:05:05,-99.438,-44.16,-43.275,-3.577,12.083
0:05:06,-99.509,-44.119,-43.246,-3.619,12.332
0:05:07,-99.354,-44.378,-43.866,-3.807,12.847
0:05:08,-99.251,-44.432,-44.213,-3.923,12.496
0:05:09,-99.504,-44.304,-44.151,-4.018,12.351
0:05:10,-99.473,-44.316,-43.87,-3.803,12.857
0:05:11,-99.322,-44.337,-43.826,-3.893,13.091
0:05:12,-99.447,-44.234,-43.526,-3.824,13.332
0:05:13,-99.296,-44.339,-43.59,-3.718,14.025
0:05:14,-99.289,-44.328,-43.686,-3.9,14.187
0:05:15,-99.514,-44.147,-43.324,-3.714,14.7
0:05:16,-99.557,-44.139,-43.108,-4.048,14.546
0:05:17,-99.461,-44.349,-43.546,-3.957,15.57
0:05:18,-99.547,-44.295,-43.34,-3.778,15.912
0:05:19,-99.669,-44.001,-42.237,-3.634,15.902
0:05:20,-99.638,-44.143,-42.064,-3.55,15.811
0:05:21,-99.494,-44.278,-42.241,-3.622,15.871
0:05:22,-99.552,-44.309,-42.115,-3.24,16.129
0:05:23,-99.528,-44.262,-42.13,-3.432,14.295
0:05:24,-99.71,-44.221,-41.912,-3.387,14.429
0:05:25,-99.576,-44.451,-42.253,-3.181,14.401
0:05:26,-99.599,-44.348,-41.689,-3.117,12.315
0:05:27,-99.647,-44.328,-41.381,-3.17,11.579
0:05:28,-99.415,-44.599,-42.014,-3.322,11.049
0:05:29,-99.623,-44.468,-41.8,-3.333,11.029
0:05:30,-99.7,-44.295,-41.409,-3.417,10.88
0:05:31,-99.65,-44.568,-42.13,-3.647,10.251
0:05:32,-99.547,-44.805,-42.932,-3.789,10.145
0:05:33,-99.47,-44.892,-43.278,-3.664,10.193
0:05:34,-99.642,-44.76,-43.299,-3.858,8.286
0:05:35,-99.676,-44.612,-42.796,-3.907,7.808
0:05:36,-99.585,-44.735,-43.06,-4.006,7.83
0:05:37,-99.599,-44.828,-43.679,-4.036,8.41
0:05:38,-99.484,-44.846,-43.792,-4.082,8.442
0:05:39,-99.503,-44.83,-43.928,-4.211,8.36
0:05:40,-99.582,-44.599,-43.379,-4.15,8.979
0:05:41,-99.632,-44.599,-43.397,-4.215,9.204
0:05:42,-99.58,-44.71,-43.607,-4.169,9.426
0:05:43,-99.467,-44.782,-44.002,-4.297,11.269
0:05:44,-99.656,-44.496,-43.311,-4.226,11.472
0:05:45,-99.613,-44.496,-43.035,-4.234,11.394
0:05:46,-99.515,-44.607,-43.004,-4.262,12.488
0:05:47,-99.623,-44.5,-42.516,-4.192,12.635
0:05:48,-99.637,-44.422,-42.183,-4.173,12.508
0:05:49,-99.592,-44.465,-41.886,-4.228,13.322
0:05:50,-99.623,-44.545,-42.092,-4.211,13.501
0:05:51,-99.68,-44.5,-42.096,-4.123,13.872
0:05:52,-99.766,-44.545,-42.209,-4.106,13.714
0:05:53,-99.786,-44.451,-41.779,-3.99,13.909
0:05:54,-99.809,-44.397,-41.351,-3.815,14.538
0:05:55,-99.745,-44.541,-41.232,-3.696,13.781
0:05:56,-99.56,-44.669,-41.256,-3.538,14.088
0:05:57,-99.541,-44.784,-41.495,-3.572,13.671
0:05:58,-99.599,-44.801,-41.791,-3.793,12.865
0:05:59,-99.766,-44.644,-41.4,-3.785,12.613
0:06:00,-99.671,-44.797,-41.594,-3.747,12.928
0:06:01,-99.743,-44.745,-41.734,-3.683,11.39
0:06:02,-99.829,-44.599,-41.219,-3.458,11.074
0:06:03,-99.843,-44.587,-40.96,-3.5,10.699
0:06:04,-99.719,-44.799,-41.154,-3.624,8.895
0:06:05,-99.656,-44.932,-41.565,-3.694,8.427
0:06:06,-99.537,-45.072,-41.944,-3.637,8.36
0:06:07,-99.788,-45.276,-43.008,-3.956,7.378
0:06:08,-100.921,-45.282,-43.179,-3.994,6.682
0:06:09,-101.806,-45.393,-43.294,-4.059,7.917
0:06:10,-104.122,-45.879,-43.183,-4.027,7.688
0:06:11,-105.277,-46.365,-43.825,-4.234,7.767
0:06:12,-105.972,-46.649,-44.274,-4.321,7.177
0:06:13,-108.065,-47.252,-44.498,-4.316,6.603
0:06:14,-109.307,-47.653,-44.826,-4.424,6.779
0:06:15,-110.346,-47.83,-44.998,-4.413,9.137
0:06:16,-113.389,-48.621,-45.249,-4.437,11.739
0:06:17,-113.332,-49.234,-45.719,-4.348,12.166
0:06:18,-106.752,-49.251,-45.768,-4.234,13.289
0:06:19,-93.303,-47.536,-46.979,-4.485,14.022
0:06:20,-88.291,-45.954,-46.633,-4.474,13.719
0:06:21,-85.204,-45.023,-46.164,-4.432,13.682
0:06:22,-78.316,-42.677,-44.589,-4.495,13.879
0:06:23,-74.514,-41.38,-43.76,-4.42,12.88
0:06:24,-72.156,-40.574,-43.418,-4.5,11.98
0:06:25,-66.943,-38.529,-42.01,-4.356,11.468
0:06:26,-63.194,-37.33,-41.076,-4.295,11.148
0:06:27,-61.422,-36.503,-40.125,-4.071,11.687
0:06:28,-57.486,-34.694,-38.602,-3.9,11.479
0:06:29,-55.354,-33.868,-37.114,-3.531,11.88
0:06:30,-53.923,-33.209,-36.354,-3.451,11.743
0:06:31,-50.455,-31.527,-34.788,-3.43,11.217
0:06:32,-48.555,-30.575,-33.86,-3.204,10.828
0:06:33,-47.386,-29.957,-33.073,-3.318,8.712
0:06:34,-44.546,-28.67,-32.451,-3.375,7.198
0:06:35,-42.945,-27.848,-31.928,-3.356,7.177
0:06:36,-41.998,-27.276,-31.386,-3.227,7.278
0:06:37,-39.669,-25.978,-30.328,-3.191,7.492
0:06:38,-38.391,-25.317,-29.599,-3.136,7.672
0:06:39,-37.576,-24.769,-28.979,-3.022,7.823
0:06:40,-35.556,-23.549,-27.748,-2.94,8.017
0:06:41,-34.443,-22.814,-26.839,-2.843,8.19
0:06:42,-33.64,-22.4,-26.512,-2.885,8.239
0:06:43,-31.812,-21.346,-25.586,-2.836,8.205
0:06:44,-30.844,-20.575,-24.336,-2.638,8.412
0:06:45,-30.089,-20.138,-23.82,-2.604,8.625
0:06:46,-28.592,-19.154,-22.844,-2.534,8.537
0:06:47,-27.73,-18.567,-22.29,-2.463,8.524
0:06:48,-27.155,-18.185,-21.916,-2.41,8.58
0:06:49,-25.775,-17.265,-20.991,-2.334,8.623
0:06:50,-25.006,-16.753,-20.52,-2.292,8.636
0:06:51,-24.474,-16.425,-20.189,-2.338,8.61
0:06:52,-23.231,-15.634,-19.438,-2.19,8.82
0:06:53,-22.543,-15.14,-18.838,-2.08,8.914
0:06:54,-22.07,-14.901,-18.599,-2.072,9.06
0:06:55,-21.004,-14.308,-18.265,-2.148,8.976
0:06:56,-20.469,-13.901,-17.819,-1.985,9.004
0:06:57,-20.142,-13.627,-17.449,-1.928,9.034
0:06:58,-19.236,-12.959,-16.304,-1.77,9.115
0:06:59,-18.641,-12.662,-15.966,-1.73,9.199
0:07:00,-18.298,-12.449,-15.719,-1.723,9.162
0:07:01,-17.455,-11.925,-15.104,-1.687,9.126
0:07:02,-16.986,-11.593,-14.615,-1.533,9.262
0:07:03,-16.689,-11.365,-14.295,-1.453,9.341
0:07:04,-15.847,-10.867,-13.485,-1.391,9.503
0:07:05,-15.419,-10.609,-13.172,-1.408,9.454
0:07:06,-15.156,-10.408,-12.917,-1.396,9.465
0:07:07,-14.492,-10.005,-12.398,-1.321,9.48
0:07:08,-14.118,-9.718,-12.003,-1.195,9.57
0:07:09,-13.863,-9.539,-11.721,-1.191,9.581
0:07:10,-13.286,-9.142,-11.134,-1.129,9.575
0:07:11,-12.918,-8.927,-10.833,-1.116,9.592
0:07:12,-12.721,-8.787,-10.664,-1.078,9.648
0:07:13,-12.204,-8.449,-10.235,-1.002,9.781
0:07:14,-11.857,-8.263,-10.008,-0.96,9.858
0:07:15,-11.648,-8.111,-9.814,-0.862,10.026
0:07:16,-11.181,-7.774,-9.426,-0.814,9.97
0:07:17,-10.919,-7.598,-9.183,-0.778,9.978
0:07:18,-10.738,-7.469,-9.046,-0.74,10
0:07:19,-10.317,-7.115,-8.531,-0.602,10.102
0:07:20,-10.07,-6.967,-8.328,-0.539,10.137
0:07:21,-9.902,-6.857,-8.207,-0.513,10.171
0:07:22,-9.524,-6.622,-7.918,-0.416,10.256
0:07:23,-9.313,-6.409,-7.625,-0.304,10.341
0:07:24,-9.157,-6.31,-7.454,-0.304,10.345
0:07:25,-8.813,-6.096,-7.179,-0.24,10.363
0:07:26,-8.606,-5.938,-6.957,-0.202,10.382
0:07:27,-8.466,-5.835,-6.827,-0.175,10.46
0:07:28,-8.143,-5.653,-6.588,-0.082,10.53
0:07:29,-7.976,-5.52,-6.41,-0.02,10.589
0:07:30,-7.835,-5.437,-6.303,-0.001,10.604
0:07:31,-7.49,-5.14,-5.83,0.162,10.862
0:07:32,-7.273,-5.015,-5.608,0.22,10.998
0:07:33,-7.163,-4.947,-5.479,0.22,10.946
0:07:34,-6.882,-4.783,-5.192,0.248,10.958
0:07:35,-6.707,-4.692,-5.019,0.276,11.001
0:07:36,-6.601,-4.597,-4.875,0.31,11.019
0:07:37,-6.323,-4.396,-4.554,0.33,11.053
0:07:38,-6.183,-4.298,-4.423,0.355,11.101
0:07:39,-6.061,-4.21,-4.355,0.343,11.142
0:07:40,-5.799,-4.041,-4.184,0.377,11.164
0:07:41,-5.659,-3.96,-4.055,0.407,11.216
0:07:42,-5.473,-3.933,-4.021,0.399,11.223
0:07:43,-5.205,-3.846,-3.783,0.463,11.334
0:07:44,-5.081,-3.747,-3.633,0.515,11.39
0:07:45,-4.994,-3.682,-3.576,0.504,11.401
0:07:46,-4.745,-3.592,-3.381,0.524,11.38
0:07:47,-4.664,-3.474,-3.242,0.59,11.501
0:07:48,-4.592,-3.432,-3.147,0.59,11.505
0:07:49,-4.392,-3.271,-3.012,0.602,11.48
0:07:50,-4.314,-3.151,-2.919,0.672,11.605
0:07:51,-4.258,-3.064,-2.84,0.675,11.66
0:07:52,-4.079,-2.916,-2.697,0.694,11.606
0:07:53,-3.962,-2.833,-2.597,0.705,11.593
0:07:54,-3.893,-2.764,-2.551,0.735,11.6
0:07:55,-3.692,-2.601,-2.392,0.793,11.721
0:07:56,-3.536,-2.552,-2.324,0.836,11.722
0:07:57,-3.476,-2.483,-2.278,0.855,11.737
0:07:58,-3.318,-2.305,-2.098,0.965,11.836
0:07:59,-3.221,-2.21,-1.997,1.027,11.886
0:08:00,-3.141,-2.126,-1.883,1.189,12.071
0:08:01,-2.917,-2.031,-1.801,1.085,11.997
0:08:02,-2.803,-1.937,-1.701,1.425,12.249
0:08:03,-2.769,-1.823,-1.579,1.605,12.513
0:08:04,-2.589,-1.667,-1.31,1.535,12.513
0:08:05,-2.374,-1.637,-1.238,1.334,12.293
0:08:06,-1.994,-1.531,-1.147,1.225,12.026
0:08:07,-1.808,-1.288,-0.824,2.032,12.494
0:08:08,-1.816,-1.128,-0.622,2.215,12.876
0:08:09,-1.543,-1.113,-0.585,1.859,12.794
0:08:10,-1.436,-1.153,-0.497,1.543,12.569
0:08:11,-1.227,-1.091,-0.456,1.78,12.634
0:08:12,-1.326,-1.003,-0.353,1.986,12.787
0:08:13,-1.372,-0.946,-0.243,1.903,12.805
0:08:14,-1.368,-0.92,-0.205,1.802,12.667
0:08:15,-1.346,-0.89,-0.194,1.764,12.656
0:08:16,-1.226,-0.793,-0.084,1.935,12.831
0:08:17,-1.16,-0.745,-0.031,1.985,12.894
0:08:18,-1.069,-0.708,-0.001,1.962,12.908
0:08:19,-0.957,-0.637,0.067,1.867,12.745
0:08:20,-0.913,-0.571,0.131,1.944,12.748
0:08:21,-0.852,-0.533,0.161,1.966,12.759
0:08:22,-0.717,-0.463,0.245,2.002,12.785
0:08:23,-0.666,-0.396,0.303,2.112,12.878
0:08:24,-0.621,-0.351,0.34,2.168,12.908
0:08:25,-0.498,-0.292,0.411,2.059,12.859
0:08:26,-0.443,-0.237,0.468,2.123,12.937
0:08:27,-0.386,-0.23,0.479,2.123,12.941
0:08:28,-0.236,-0.162,0.535,2.143,12.998
0:08:29,-0.215,-0.105,0.587,2.216,13.029
0:08:30,-0.196,-0.056,0.621,2.317,13.085
0:08:31,-0.088,0.058,0.737,2.441,13.22
0:08:32,-0.003,0.106,0.782,2.392,13.263
0:08:33,0.031,0.14,0.808,2.377,13.293
0:08:34,0.149,0.209,0.875,2.234,13.242
0:08:35,0.218,0.267,0.909,2.275,13.24
0:08:36,0.327,0.282,0.954,2.369,13.325
0:08:37,0.443,0.366,1.017,2.654,13.373
0:08:38,0.481,0.409,1.089,2.853,13.388
0:08:39,0.548,0.443,1.154,2.948,13.409
0:08:40,0.597,0.527,1.252,3.048,13.447
0:08:41,0.653,0.578,1.313,3.126,13.492
0:08:42,0.69,0.6,1.351,3.149,13.503
0:08:43,0.819,0.654,1.442,3.31,13.599
0:08:44,0.885,0.682,1.482,3.355,13.61
0:08:45,0.881,0.723,1.515,3.433,13.655
0:08:46,0.965,0.823,1.635,3.7,13.797
0:08:47,1.012,0.847,1.676,3.647,13.777
0:08:48,1.061,0.858,1.699,3.594,13.755
0:08:49,1.141,0.914,1.775,3.761,13.804
0:08:50,1.181,0.933,1.789,3.793,13.791
0:08:51,1.218,0.966,1.826,3.89,13.88
0:08:52,1.326,1.037,1.889,4.091,13.971
0:08:53,1.345,1.075,1.919,4.16,14.01
0:08:54,1.371,1.105,1.949,4.16,13.991
0:08:55,1.439,1.15,2.002,4.338,14.132
0:08:56,1.461,1.176,2.028,4.306,14.11
0:08:57,1.506,1.168,2.039,4.219,14.076
0:08:58,1.573,1.23,2.08,4.384,14.176
0:08:59,1.607,1.25,2.102,4.366,14.128
0:09:00,1.652,1.25,2.11,4.396,14.169
0:09:01,1.704,1.284,2.14,4.529,14.219
0:09:02,1.711,1.31,2.154,4.62,14.261
0:09:03,1.723,1.347,2.173,4.718,14.295
0:09:04,1.771,1.418,2.227,4.979,14.413
0:09:05,1.798,1.441,2.259,4.95,14.391
0:09:06,1.831,1.452,2.274,4.875,14.354
0:09:07,1.883,1.482,2.328,5.141,14.508
0:09:08,1.899,1.508,2.353,5.1,14.458
0:09:09,1.921,1.527,2.371,5.16,14.476
0:09:10,1.956,1.566,2.439,5.355,14.563
0:09:11,1.988,1.583,2.465,5.4,14.561
0:09:12,2.018,1.601,2.491,5.437,14.598
0:09:13,2.066,1.629,2.523,5.488,14.626
0:09:14,2.085,1.676,2.577,5.674,14.721
0:09:15,2.104,1.672,2.558,5.621,14.657
0:09:16,2.132,1.708,2.622,5.733,14.691
0:09:17,2.164,1.713,2.637,5.737,14.687
0:09:18,2.175,1.728,2.67,5.778,14.713
0:09:19,2.252,1.745,2.86,6.082,14.843
0:09:20,2.253,1.78,2.997,6.285,14.906
0:09:21,2.261,1.784,3.087,6.221,14.876
0:09:22,2.469,1.793,3.698,6.252,14.898
0:09:23,2.523,1.791,4.096,6.299,14.939
0:09:24,2.538,1.814,4.272,6.352,14.987
0:09:25,2.549,1.832,4.359,6.31,14.946
0:09:26,2.572,1.885,4.64,6.52,15.024
0:09:27,2.605,1.903,4.677,6.546,15.053
0:09:28,2.635,1.939,4.91,6.818,15.183
0:09:29,2.673,1.96,4.861,6.693,15.109
0:09:30,2.68,1.974,4.936,6.797,15.187
0:09:31,2.723,1.998,5.016,6.893,15.246
0:09:32,2.773,2.026,5.146,7.03,15.331
0:09:33,2.762,2.038,5.112,6.921,15.283
0:09:34,2.822,2.073,5.129,7.09,15.368
0:09:35,2.841,2.09,5.236,7.15,15.409
0:09:36,2.845,2.09,5.296,7.172,15.409
0:09:37,2.873,2.116,5.429,7.217,15.442
0:09:38,2.871,2.127,5.397,7.296,15.48
0:09:39,2.878,2.112,5.329,7.281,15.487
0:09:40,2.915,2.144,5.333,7.572,15.634
0:09:41,2.93,2.169,5.385,7.615,15.643
0:09:42,2.927,2.172,5.295,7.472,15.55
0:09:43,2.99,2.29,5.453,8.341,15.91
0:09:44,2.956,2.652,6.391,9.803,16.579
0:09:45,2.986,2.765,6.669,9.236,16.445
0:09:46,3.08,2.534,6.481,8.219,16.064
0:09:47,3.072,2.494,6.278,10.466,18.574
0:09:48,3.125,2.491,6.289,13.42,20.626
0:09:49,3.078,3.461,8.564,17.714,23.305
